sched_file,start,end,duration_s,duration_min,source,ra_rad,dec_rad,frame
./sched_archive/sched-04-06-2024.txt,2024-06-04T06:30,2024-06-04T08:00,5400.0,90.0,J0103+54,0.274724653,0.941371287,J2000
./sched_archive/sched-04-06-2024.txt,2024-06-04T08:01,2024-06-04T08:59,3480.0,58.0,J0220+3622_PSR,0.613937673,0.636146372,J2000
./sched_archive/sched-04-06-2024.txt,2024-06-04T09:00,2024-06-04T11:29,8940.0,149.0,Sun357,,,
./sched_archive/sched-04-06-2024.txt,2024-06-04T13:32,2024-06-04T15:30,7080.0,118.0,Sun357,,,
./sched_archive/sched-04-06-2024.txt,2024-06-04T16:31,2024-06-04T16:59,1680.0,28.0,J1218+47,3.230943057,0.824859043,J2000
./sched_archive/sched-04-06-2024.txt,2024-06-04T18:01,2024-06-04T19:30,5340.0,89.0,J1218+47,3.230943057,0.824859043,J2000
./sched_archive/sched-04-06-2024.txt,2024-06-04T19:31,2024-06-04T20:29,3480.0,58.0,J1336+3346,3.5629461009946066,0.5976686992463379,J2000
./sched_archive/sched-04-06-2024.txt,2024-06-04T20:30,2024-06-04T22:59,8940.0,149.0,J1541+47,4.106468842,0.821206502,J2000
./sched_archive/sched-04-06-2024.txt,2024-06-04T23:00,2024-06-04T23:59,3540.0,59.0,J1744-1134,4.6447145664294,0.2021416585724,J2000
./sched_archive/sched-04-06-2024.txt,2024-06-05T00:00,2024-06-05T01:29,5340.0,89.0,J1836+51_PSR,4.877558323,0.906481216,J2000
./sched_archive/sched-04-06-2024.txt,2024-06-05T01:46,2024-06-05T02:47,3660.0,61.0,J1931+4229,5.110286484688845,0.741570367301345,J2000
./sched_archive/sched-04-06-2024.txt,2024-06-05T02:48,2024-06-05T04:13,5100.0,85.0,J2000+29_PSR,5.237194762978169,0.5119975973675667,J2000
./sched_archive/sched-04-06-2024.txt,2024-06-05T04:14,2024-06-05T05:14,3600.0,60.0,J2138+69,5.667302247382087,1.2186906946154739,J2000
./sched_archive/sched-04-06-2024.txt,2024-06-05T07:01,2024-06-05T08:44,6180.0,103.0,J0355+28_PSR,1.027046438,0.499947595,J2000
./sched_archive/sched-04-06-2024.txt,2024-06-05T08:45,2024-06-05T14:59,22440.0,374.0,Sun357,,,
./sched_archive/sched-04-07-2023.txt,2023-07-04T07:02,2023-07-04T10:16,11640.0,194.0,Sun357,,,
./sched_archive/sched-04-07-2023.txt,2023-07-04T10:17,2023-07-04T11:16,3540.0,59.0,Crab,1.4595961641625819,0.3842289988387957,J2000
./sched_archive/sched-04-07-2023.txt,2023-07-04T11:17,2023-07-04T17:25,22080.0,368.0,Sun357,,,
./sched_archive/sched-04-07-2023.txt,2023-07-04T17:26,2023-07-04T18:56,5400.0,90.0,J1242+3938_PSR,3.3248522250491974,0.6917321602070859,J2000
./sched_archive/sched-04-07-2023.txt,2023-07-04T18:57,2023-07-04T20:00,3780.0,63.0,J1536+1749_PSR,4.085161280449227,0.3109594950636564,J2000
./sched_archive/sched-04-07-2023.txt,2023-07-04T20:01,2023-07-04T22:01,7200.0,120.0,J1832+27_PSR,4.852957798340313,0.4844353325127981,J2000
./sched_archive/sched-04-07-2023.txt,2023-07-04T22:02,2023-07-04T23:59,7020.0,117.0,J2000+29_PSR,5.238878021224291,0.5091474493917858,J2000
./sched_archive/sched-04-07-2023.txt,2023-07-05T00:00,2023-07-05T05:00,18000.0,300.0,RBCand_J2054,5.471533972441249,1.2058271637578564,J2000
./sched_archive/sched-04-07-2023.txt,2023-07-05T05:01,2023-07-05T06:00,3540.0,59.0,J2000+29_PSR,5.238878021224291,0.5091474493917858,J2000
./sched_archive/sched-04-07-2023.txt,2023-07-05T06:01,2023-07-05T07:01,3600.0,60.0,J2347+02_PSR,6.230685803279596,0.050072449042166116,J2000
./sched_archive/sched-04-07-2023.txt,2023-07-05T07:02,2023-07-05T13:59,25020.0,417.0,Sun357,,,
./sched_archive/sched-05-12-2023.txt,2023-12-05T22:00,2023-12-05T23:30,5400.0,90.0,RRAT_J0348+79,0.9961466705757633,1.3841721483885918,J2000
./sched_archive/sched-05-12-2023.txt,2023-12-05T23:31,2023-12-06T01:30,7140.0,119.0,RRAT_J0746+55,2.0367426739815624,0.964118391393294,J2000
./sched_archive/sched-05-12-2023.txt,2023-12-06T01:31,2023-12-06T02:30,3540.0,59.0,RRAT_J0658+29,1.8225600713950785,0.5163653554761446,J2000
./sched_archive/sched-05-12-2023.txt,2023-12-06T02:31,2023-12-06T03:29,3480.0,58.0,RRAT_J0939+45,2.528618475878951,0.7897614865274342,J2000
./sched_archive/sched-05-12-2023.txt,2023-12-06T03:30,2023-12-06T05:36,7560.0,126.0,RRAT_J0746+55,2.0367426739815624,0.964118391393294,J2000
./sched_archive/sched-05-12-2023.txt,2023-12-06T05:37,2023-12-06T06:22,2700.0,45.0,J1022+1001_PSR,2.718205665819409,0.17508003705071412,J2000
./sched_archive/sched-05-12-2023.txt,2023-12-06T06:23,2023-12-06T07:06,2580.0,43.0,RRAT_J1218+47,3.230943057336915,0.8248590432639309,J2000
./sched_archive/sched-05-12-2023.txt,2023-12-06T07:07,2023-12-06T07:22,900.0,15.0,J1136+1551_PSR,3.0370963006143885,0.2767098326392434,J2000
./sched_archive/sched-05-12-2023.txt,2023-12-06T07:23,2023-12-06T08:30,4020.0,67.0,RRAT_J1336+3346,3.5629461009946066,0.5976686992463379,J2000
./sched_archive/sched-05-12-2023.txt,2023-12-06T08:31,2023-12-06T10:29,7080.0,118.0,RRAT_J1400+2127,3.6662247571894993,0.37398741750247533,J2000
./sched_archive/sched-05-12-2023.txt,2023-12-06T10:30,2023-12-06T12:06,5760.0,96.0,Sun357,,,
./sched_archive/sched-05-12-2023.txt,2023-12-06T12:07,2023-12-06T12:22,900.0,15.0,J1645-0317_PSR,4.3852875895096295,-0.05758229049395671,J2000
./sched_archive/sched-05-12-2023.txt,2023-12-06T12:23,2023-12-06T13:07,2640.0,44.0,RRAT_J1538+2345,4.093238518783352,0.41453508989589766,J2000
./sched_archive/sched-05-12-2023.txt,2023-12-06T13:08,2023-12-06T14:59,6660.0,111.0,CR_Draconis,4.2633557615464,0.9646240852216,J2000
./sched_archive/sched-10-10-23.txt,2023-10-10T07:00,2023-10-10T08:29,5340.0,89.0,J0826+2637_PSR,2.2115817443598504,0.4646590067584504,J2000
./sched_archive/sched-10-10-23.txt,2023-10-10T08:30,2023-10-10T09:21,3060.0,51.0,Sun357,,,
./sched_archive/sched-10-10-23.txt,2023-10-10T09:22,2023-10-10T10:10,2880.0,48.0,J1022+1001_PSR,2.718205665819409,0.17508003705071412,J2000
./sched_archive/sched-10-10-23.txt,2023-10-10T10:11,2023-10-10T11:01,3000.0,50.0,J1132+2515_PSR,3.0215965501156528,0.44027030462584493,J2000
./sched_archive/sched-10-10-23.txt,2023-10-10T11:02,2023-10-10T12:01,3540.0,59.0,Sun357,,,
./sched_archive/sched-10-10-23.txt,2023-10-10T12:02,2023-10-10T13:00,3480.0,58.0,J1242+3938_PSR,3.3294697265722593,0.6941028560077753,J2000
./sched_archive/sched-10-10-23.txt,2023-10-10T13:01,2023-10-10T15:51,10200.0,170.0,Sun357,,,
./sched_archive/sched-10-10-23.txt,2023-10-10T15:52,2023-10-10T16:07,900.0,15.0,J1645-0317_PSR,4.3852875895096295,-0.05758229049395671,J2000
./sched_archive/sched-10-10-23.txt,2023-10-10T16:08,2023-10-10T16:30,1320.0,22.0,Sun357,,,
./sched_archive/sched-10-10-23.txt,2023-10-10T16:31,2023-10-10T17:30,3540.0,59.0,J1832+27_PSR,4.853397545724514,0.48566769083230454,J2000
./sched_archive/sched-10-10-23.txt,2023-10-10T17:31,2023-10-10T18:30,3540.0,59.0,J1836+51_PSR,4.877558323237523,0.9064812155885273,J2000
./sched_archive/sched-10-10-23.txt,2023-10-10T18:31,2023-10-10T19:00,1740.0,29.0,B1951+32_PSR,5.20531221260202,0.5738302241353217,J2000
./sched_archive/sched-10-10-23.txt,2023-10-10T19:01,2023-10-10T20:36,5700.0,95.0,J2000+29_PSR,5.237194762978169,0.5119975973675667,J2000
./sched_archive/sched-10-10-23.txt,2023-10-10T20:37,2023-10-10T21:22,2700.0,45.0,J2145-0750_PSR,5.697805941281582,-0.1368075848974223,J2000
./sched_archive/sched-10-10-23.txt,2023-10-10T21:23,2023-10-10T23:21,7080.0,118.0,J2153+44,5.730934043027713,0.7844430804456625,J2000
./sched_archive/sched-10-10-23.txt,2023-10-10T23:22,2023-10-11T00:21,3540.0,59.0,J0034-0534_PSR,0.1499403707045897,-0.09733420048376587,J2000
./sched_archive/sched-10-10-23.txt,2023-10-11T00:22,2023-10-11T01:23,3660.0,61.0,J0227+33_PSR,0.6411951999657323,0.5923840232522463,J2000
./sched_archive/sched-10-10-23.txt,2023-10-11T01:24,2023-10-11T03:00,5760.0,96.0,J0220+3622_PSR,0.6139376732126479,0.6361463720709123,J2000
./sched_archive/sched-10-10-23.txt,2023-10-11T03:01,2023-10-11T04:01,3600.0,60.0,J0318+1341_PSR,0.8631161626755033,0.23518984024780965,J2000
./sched_archive/sched-10-10-23.txt,2023-10-11T04:02,2023-10-11T05:10,4080.0,68.0,J0355+28_PSR,1.0270464380347102,0.49994759535693534,J2000
./sched_archive/sched-10-10-23.txt,2023-10-11T05:11,2023-10-11T07:00,6540.0,109.0,J0608+16_PSR,1.6094590360379197,0.2894513057573071,J2000
./sched_archive/sched-10-10-23.txt,2023-10-11T08:31,2023-10-11T10:36,7500.0,125.0,J1022+1001_PSR,2.718205665819409,0.17508003705071412,J2000
./sched_archive/sched-10-10-23.txt,2023-10-11T10:37,2023-10-11T10:52,900.0,15.0,J1136+1551_PSR,3.0370963006143885,0.2767098326392434,J2000
./sched_archive/sched-10-10-23.txt,2023-10-11T10:53,2023-10-11T14:00,11220.0,187.0,Sun357,,,
./sched_archive/sched-12-07-23.txt,2023-07-11T07:02,2023-07-11T10:16,11640.0,194.0,Sun357,,,
./sched_archive/sched-12-07-23.txt,2023-07-11T10:17,2023-07-11T11:16,3540.0,59.0,Crab,1.4595961641625819,0.3842289988387957,J2000
./sched_archive/sched-12-07-23.txt,2023-07-11T11:17,2023-07-11T17:25,22080.0,368.0,Sun357,,,
./sched_archive/sched-12-07-23.txt,2023-07-11T17:26,2023-07-11T18:56,5400.0,90.0,J1242+3938_PSR,3.3248522250491974,0.6917321602070859,J2000
./sched_archive/sched-12-07-23.txt,2023-07-11T18:57,2023-07-11T20:00,3780.0,63.0,J1536+1749_PSR,4.085161280449227,0.3109594950636564,J2000
./sched_archive/sched-12-07-23.txt,2023-07-11T20:01,2023-07-11T22:01,7200.0,120.0,J1832+27_PSR,4.852957798340313,0.4844353325127981,J2000
./sched_archive/sched-12-07-23.txt,2023-07-11T22:02,2023-07-11T23:59,7020.0,117.0,J2000+29_PSR,5.238878021224291,0.5091474493917858,J2000
./sched_archive/sched-12-07-23.txt,2023-07-12T00:00,2023-07-12T04:59,17940.0,299.0,RBCand_J2054,5.471533972441249,1.2058271637578564,J2000
./sched_archive/sched-12-07-23.txt,2023-07-12T05:01,2023-07-12T05:30,1740.0,29.0,J2111+34,5.547674471568309,0.6060316457973532,J2000
./sched_archive/sched-12-07-23.txt,2023-07-12T05:31,2023-07-12T06:28,3420.0,57.0,J2347+02_PSR,6.230685803279596,0.050072449042166116,J2000
./sched_archive/sched-12-07-23.txt,2023-07-12T06:29,2023-07-12T08:31,7320.0,122.0,B0329+54_PSR,0.9293420000000001,0.9525790000000001,J2000
./sched_archive/sched-12-07-23.txt,2023-07-12T08:32,2023-07-12T10:32,7200.0,120.0,J0220+3622_PSR,0.613926836594222,0.6361531198046887,J2000
./sched_archive/sched-12-07-23.txt,2023-07-11T10:33,2023-07-11T13:59,12360.0,206.0,Sun357,,,
./sched_archive/sched-12-07.txt,2023-07-11T20:40,2023-07-11T22:01,4860.0,81.0,J1832+27_PSR,4.852957798340313,0.4844353325127981,J2000
./sched_archive/sched-12-07.txt,2023-07-11T22:02,2023-07-11T23:59,7020.0,117.0,J2000+29_PSR,5.238878021224291,0.5091474493917858,J2000
./sched_archive/sched-12-07.txt,2023-07-12T00:00,2023-07-12T04:59,17940.0,299.0,RBCand_J2054,5.471533972441249,1.2058271637578564,J2000
./sched_archive/sched-12-07.txt,2023-07-12T05:01,2023-07-12T05:30,1740.0,29.0,J2111+34,5.547674471568309,0.6060316457973532,J2000
./sched_archive/sched-12-07.txt,2023-07-12T05:31,2023-07-12T06:28,3420.0,57.0,J2347+02_PSR,6.230685803279596,0.050072449042166116,J2000
./sched_archive/sched-12-07.txt,2023-07-12T06:29,2023-07-12T08:31,7320.0,122.0,B0329+54_PSR,0.9293420000000001,0.9525790000000001,J2000
./sched_archive/sched-12-07.txt,2023-07-12T08:32,2023-07-12T10:32,7200.0,120.0,J0220+3622_PSR,0.613926836594222,0.6361531198046887,J2000
./sched_archive/sched-12-07.txt,2023-07-12T10:33,2023-07-12T13:59,12360.0,206.0,Sun357,,,
./sched_archive/sched-2023-04-10.txt,2024-04-12T13:00,2024-04-12T13:59,3540.0,59.0,Crab_PSR,1.4596732110242794,0.3842252837309499,J2000
./sched_archive/sched-2023-09-05.txt,2023-09-06T13:23,2023-09-06T13:59,2160.0,36.0,Sun357,,,
./sched_archive/sched-2023-09-05_postLBAtest.txt,2023-09-06T11:10,2023-09-06T11:29,1140.0,19.0,Sun357,,,
./sched_archive/sched-2023-09-05_postLBAtest.txt,2023-09-06T12:21,2023-09-06T13:06,2700.0,45.0,Sun357,,,
./sched_archive/sched-2023-09-05_postLBAtest.txt,2023-09-06T13:23,2023-09-06T13:59,2160.0,36.0,Sun357,,,
./sched_archive/sched-2023-11-07.txt,2023-11-07T10:00,2023-11-07T11:00,3600.0,60.0,J1300+1240_PSR,3.4036180252242274,0.22134243757176436,J2000
./sched_archive/sched-2023-11-07.txt,2023-11-07T11:01,2023-11-07T14:06,11100.0,185.0,Sun357,,,
./sched_archive/sched-2023-11-07.txt,2023-11-07T15:30,2023-11-07T16:29,3540.0,59.0,J2000+29_PSR,5.237194762978169,0.5119975973675667,J2000
./sched_archive/sched-2023-11-07.txt,2023-11-07T16:30,2023-11-07T18:51,8460.0,141.0,J2202+2147_PSR,5.7695475851821545,0.37657387473532433,J2000
./sched_archive/sched-2023-11-07.txt,2023-11-07T18:52,2023-11-07T19:37,2700.0,45.0,J2145-0750_PSR,5.697805941281582,-0.1368075848974223,J2000
./sched_archive/sched-2023-11-07.txt,2023-11-07T19:38,2023-11-07T20:45,4020.0,67.0,J2347+02_PSR,6.229691731776413,0.05242886577094988,J2000
./sched_archive/sched-2023-11-07.txt,2023-11-07T20:46,2023-11-07T21:59,4380.0,73.0,J0146+31_PSR,0.46549619730560127,0.5396877201467183,J2000
./sched_archive/sched-2023-11-07.txt,2023-11-07T22:00,2023-11-07T22:59,3540.0,59.0,J0220+3622_PSR,0.6139376732126479,0.6361463720709123,J2000
./sched_archive/sched-2023-11-07.txt,2023-11-07T23:00,2023-11-07T23:59,3540.0,59.0,J0227+33_PSR,0.6411951999657323,0.5923840232522463,J2000
./sched_archive/sched-2023-11-07.txt,2023-11-08T00:00,2023-11-08T00:30,1800.0,30.0,J0318+1341_PSR,0.8631161626755033,0.23518984024780965,J2000
./sched_archive/sched-2023-11-07.txt,2023-11-08T00:31,2023-11-08T01:29,3480.0,58.0,J0355+28_PSR,1.0270464380347102,0.49994759535693534,J2000
./sched_archive/sched-2023-11-07.txt,2023-11-08T01:30,2023-11-08T03:00,5400.0,90.0,J0608+16_PSR,1.6094590360379197,0.2894513057573071,J2000
./sched_archive/sched-2023-11-07.txt,2023-11-08T03:01,2023-11-08T03:30,1740.0,29.0,J0746+55_PSR,2.0367426739815624,0.964118391393294,J2000
./sched_archive/sched-2023-11-07.txt,2023-11-08T03:31,2023-11-08T04:29,3480.0,58.0,J0939+45_PSR,2.528618475878951,0.7897614865274342,J2000
./sched_archive/sched-2023-11-07.txt,2023-11-08T04:30,2023-11-08T04:59,1740.0,29.0,J0826+2637_PSR,2.2115817443598504,0.4646590067584504,J2000
./sched_archive/sched-2023-11-07.txt,2023-11-08T05:00,2023-11-08T05:29,1740.0,29.0,J1132+2515_PSR,3.0215965501156528,0.44027030462584493,J2000
./sched_archive/sched-2023-11-07.txt,2023-11-08T05:30,2023-11-08T07:29,7140.0,119.0,J1242+3938_PSR,3.3294697265722593,0.6941028560077753,J2000
./sched_archive/sched-2023-11-07.txt,2023-11-08T10:00,2023-11-08T10:59,3540.0,59.0,J1836+51_PSR,4.877558323237523,0.9064812155885273,J2000
./sched_archive/sched-2023-11-07.txt,2023-11-08T11:00,2023-11-08T13:59,10740.0,179.0,Sun357,,,
./sched_archive/sched-2024-01-08.txt,2024-01-09T08:00,2024-01-09T08:59,3540.0,59.0,"B0329+54_PSR [0.9293420000000001, 0.9525790000000001, 'J2000'",,,
./sched_archive/sched-2024-01-08.txt,2024-01-09T09:00,2024-01-09T09:59,3540.0,59.0,"B0329+54_PSR [0.9293420000000001, 0.9525790000000001, 'J2000'",,,
./sched_archive/sched-2024-01-08.txt,2024-01-09T10:00,2024-01-09T10:59,3540.0,59.0,"B0329+54_PSR [0.9293420000000001, 0.9525790000000001, 'J2000'",,,
./sched_archive/sched-2024-01-08.txt,2024-01-09T11:00,2024-01-09T11:59,3540.0,59.0,"B0329+54_PSR [0.9293420000000001, 0.9525790000000001, 'J2000'",,,
./sched_archive/sched-2024-01-08.txt,2024-01-09T12:00,2024-01-09T12:59,3540.0,59.0,"B0329+54_PSR [0.9293420000000001, 0.9525790000000001, 'J2000'",,,
./sched_archive/sched-2024-01-08.txt,2024-01-09T13:00,2024-01-09T13:59,3540.0,59.0,"B0329+54_PSR [0.9293420000000001, 0.9525790000000001, 'J2000'",,,
./sched_archive/sched-2024-01-08.txt,2024-01-09T14:00,2024-01-09T14:59,3540.0,59.0,B0329+54_PSR,0.9293420000000001,0.9525790000000001,J2000
./sched_archive/sched-2024-01-08.txt,2024-01-09T15:40,2024-01-09T16:39,3540.0,59.0,B0329+54_PSR,0.9293420000000001,0.9525790000000001,J2000
./sched_archive/sched-2024-01-08.txt,2024-01-09T16:40,2024-01-09T17:39,3540.0,59.0,B0329+54_PSR,0.9293420000000001,0.9525790000000001,J2000
./sched_archive/sched-2024-01-08.txt,2024-01-09T18:20,2024-01-09T19:19,3540.0,59.0,B0329+54_PSR,0.9293420000000001,0.9525790000000001,J2000
./sched_archive/sched-2024-01-08.txt,2024-01-09T19:20,2024-01-09T20:19,3540.0,59.0,B0329+54_PSR,0.9293420000000001,0.9525790000000001,J2000
./sched_archive/sched-2024-01-08.txt,2024-01-09T20:20,2024-01-09T21:19,3540.0,59.0,B0329+54_PSR,0.9293420000000001,0.9525790000000001,J2000
./sched_archive/sched-2024-01-08.txt,2024-01-09T21:20,2024-01-09T22:19,3540.0,59.0,B0329+54_PSR,0.9293420000000001,0.9525790000000001,J2000
./sched_archive/sched-2024-01-08.txt,2024-01-09T22:20,2024-01-09T23:19,3540.0,59.0,B0329+54_PSR,0.9293420000000001,0.9525790000000001,J2000
./sched_archive/sched-2024-01-08.txt,2024-01-09T23:20,2024-01-10T00:19,3540.0,59.0,B0329+54_PSR,0.9293420000000001,0.9525790000000001,J2000
./sched_archive/sched-2024-01-08.txt,2024-01-10T00:20,2024-01-10T01:49,5340.0,89.0,B0329+54_PSR,0.9293420000000001,0.9525790000000001,J2000
./sched_archive/sched-2024-01-08.txt,2024-01-10T02:10,2024-01-10T03:39,5340.0,89.0,B0329+54_PSR,0.9293420000000001,0.9525790000000001,J2000
./sched_archive/sched-2024-01-08.txt,2024-01-10T04:20,2024-01-10T05:19,3540.0,59.0,"B0329+54_PSR [0.9293420000000001, 0.9525790000000001, 'J2000'",,,
./sched_archive/sched-2024-01-08.txt,2024-01-10T05:20,2024-01-10T06:19,3540.0,59.0,"B0329+54_PSR [0.9293420000000001, 0.9525790000000001, 'J2000'",,,
./sched_archive/sched-2024-01-08.txt,2024-01-10T06:20,2024-01-10T07:19,3540.0,59.0,"B0329+54_PSR [0.9293420000000001, 0.9525790000000001, 'J2000'",,,
./sched_archive/sched-2024-01-08.txt,2024-01-10T07:20,2024-01-10T08:19,3540.0,59.0,"B0329+54_PSR [0.9293420000000001, 0.9525790000000001, 'J2000'",,,
./sched_archive/sched-2024-01-08.txt,2024-01-10T08:20,2024-01-10T09:19,3540.0,59.0,"B0329+54_PSR [0.9293420000000001, 0.9525790000000001, 'J2000'",,,
./sched_archive/sched-2024-01-08.txt,2024-01-10T09:20,2024-01-10T10:19,3540.0,59.0,"B0329+54_PSR [0.9293420000000001, 0.9525790000000001, 'J2000'",,,
./sched_archive/sched-2024-01-08.txt,2024-01-10T10:20,2024-01-10T11:19,3540.0,59.0,"B0329+54_PSR [0.9293420000000001, 0.9525790000000001, 'J2000'",,,
./sched_archive/sched-2024-01-08.txt,2024-01-10T11:20,2024-01-10T12:19,3540.0,59.0,"B0329+54_PSR [0.9293420000000001, 0.9525790000000001, 'J2000'",,,
./sched_archive/sched-2024-01-08.txt,2024-01-10T12:20,2024-01-10T13:19,3540.0,59.0,"B0329+54_PSR [0.9293420000000001, 0.9525790000000001, 'J2000'",,,
./sched_archive/sched-2024-01-08.txt,2024-01-10T13:20,2024-01-10T14:19,3540.0,59.0,"B0329+54_PSR [0.9293420000000001, 0.9525790000000001, 'J2000'",,,
./sched_archive/sched-2024-01-08.txt,2024-01-10T14:20,2024-01-10T14:59,2340.0,39.0,B0329+54_PSR,0.9293420000000001,0.9525790000000001,J2000
./sched_archive/sched-2024-01-15.txt,2024-01-15T08:00,2024-01-15T08:59,3540.0,59.0,"B0329+54_PSR [0.9293420000000001, 0.9525790000000001, 'J2000'",,,
./sched_archive/sched-2024-01-15.txt,2024-01-15T09:00,2024-01-15T09:59,3540.0,59.0,"B0329+54_PSR [0.9293420000000001, 0.9525790000000001, 'J2000'",,,
./sched_archive/sched-2024-01-15.txt,2024-01-15T10:00,2024-01-15T10:59,3540.0,59.0,"B0329+54_PSR [0.9293420000000001, 0.9525790000000001, 'J2000'",,,
./sched_archive/sched-2024-01-15.txt,2024-01-15T11:00,2024-01-15T11:59,3540.0,59.0,"B0329+54_PSR [0.9293420000000001, 0.9525790000000001, 'J2000'",,,
./sched_archive/sched-2024-01-16.txt,2024-01-16T08:00,2024-01-16T08:59,3540.0,59.0,"B0329+54_PSR [0.9293420000000001, 0.9525790000000001, 'J2000'",,,
./sched_archive/sched-2024-01-16.txt,2024-01-16T09:00,2024-01-16T09:59,3540.0,59.0,"B0329+54_PSR [0.9293420000000001, 0.9525790000000001, 'J2000'",,,
./sched_archive/sched-2024-01-16.txt,2024-01-16T10:00,2024-01-16T10:59,3540.0,59.0,"B0329+54_PSR [0.9293420000000001, 0.9525790000000001, 'J2000'",,,
./sched_archive/sched-2024-01-16.txt,2024-01-16T11:00,2024-01-16T11:59,3540.0,59.0,"B0329+54_PSR [0.9293420000000001, 0.9525790000000001, 'J2000'",,,
./sched_archive/sched-2024-01-16.txt,2024-01-16T15:40,2024-01-16T16:59,4740.0,79.0,B0329+54_PSR,0.9293420000000001,0.9525790000000001,J2000
./sched_archive/sched-2024-01-16.txt,2024-01-16T17:00,2024-01-16T17:59,3540.0,59.0,B0329+54_PSR,0.9293420000000001,0.9525790000000001,J2000
./sched_archive/sched-2024-01-16.txt,2024-01-16T18:00,2024-01-16T18:59,3540.0,59.0,B0329+54_PSR,0.9293420000000001,0.9525790000000001,J2000
./sched_archive/sched-2024-01-16.txt,2024-01-16T19:00,2024-01-16T19:59,3540.0,59.0,B0329+54_PSR,0.9293420000000001,0.9525790000000001,J2000
./sched_archive/sched-2024-01-16.txt,2024-01-16T20:00,2024-01-16T20:59,3540.0,59.0,B0329+54_PSR,0.9293420000000001,0.9525790000000001,J2000
./sched_archive/sched-2024-01-16.txt,2024-01-16T21:00,2024-01-16T21:59,3540.0,59.0,B0329+54_PSR,0.9293420000000001,0.9525790000000001,J2000
./sched_archive/sched-2024-01-16.txt,2024-01-16T22:00,2024-01-16T22:59,3540.0,59.0,B0329+54_PSR,0.9293420000000001,0.9525790000000001,J2000
./sched_archive/sched-2024-01-16.txt,2024-01-16T23:00,2024-01-16T23:59,3540.0,59.0,B0329+54_PSR,0.9293420000000001,0.9525790000000001,J2000
./sched_archive/sched-2024-01-16.txt,2024-01-17T00:00,2024-01-17T00:59,3540.0,59.0,B0329+54_PSR,0.9293420000000001,0.9525790000000001,J2000
./sched_archive/sched-2024-01-16.txt,2024-01-17T01:00,2024-01-17T01:59,3540.0,59.0,B0329+54_PSR,0.9293420000000001,0.9525790000000001,J2000
./sched_archive/sched-2024-01-16.txt,2024-01-17T02:00,2024-01-17T02:59,3540.0,59.0,B0329+54_PSR,0.9293420000000001,0.9525790000000001,J2000
./sched_archive/sched-2024-01-16.txt,2024-01-17T03:40,2024-01-17T04:59,4740.0,79.0,"B0329+54_PSR [0.9293420000000001, 0.9525790000000001, 'J2000'",,,
./sched_archive/sched-2024-01-16.txt,2024-01-17T05:00,2024-01-17T05:59,3540.0,59.0,"B0329+54_PSR [0.9293420000000001, 0.9525790000000001, 'J2000'",,,
./sched_archive/sched-2024-01-16.txt,2024-01-17T06:00,2024-01-17T06:59,3540.0,59.0,"B0329+54_PSR [0.9293420000000001, 0.9525790000000001, 'J2000'",,,
./sched_archive/sched-2024-01-16.txt,2024-01-17T07:00,2024-01-17T07:59,3540.0,59.0,"B0329+54_PSR [0.9293420000000001, 0.9525790000000001, 'J2000'",,,
./sched_archive/sched-2024-01-16.txt,2024-01-17T08:00,2024-01-17T08:59,3540.0,59.0,"B0329+54_PSR [0.9293420000000001, 0.9525790000000001, 'J2000'",,,
./sched_archive/sched-2024-01-16.txt,2024-01-17T09:00,2024-01-17T09:59,3540.0,59.0,"B0329+54_PSR [0.9293420000000001, 0.9525790000000001, 'J2000'",,,
./sched_archive/sched-2024-01-16.txt,2024-01-17T10:00,2024-01-17T10:59,3540.0,59.0,"B0329+54_PSR [0.9293420000000001, 0.9525790000000001, 'J2000'",,,
./sched_archive/sched-2024-01-16.txt,2024-01-17T11:00,2024-01-17T11:59,3540.0,59.0,"B0329+54_PSR [0.9293420000000001, 0.9525790000000001, 'J2000'",,,
./sched_archive/sched-2024-01-16_update.txt,2024-01-16T10:00,2024-01-16T10:59,3540.0,59.0,"B0329+54_PSR [0.9293420000000001, 0.9525790000000001, 'J2000'",,,
./sched_archive/sched-2024-01-16_update.txt,2024-01-16T11:00,2024-01-16T11:59,3540.0,59.0,"B0329+54_PSR [0.9293420000000001, 0.9525790000000001, 'J2000'",,,
./sched_archive/sched-2024-01-16_update.txt,2024-01-16T16:00,2024-01-16T16:59,3540.0,59.0,B0329+54_PSR,0.9293420000000001,0.9525790000000001,J2000
./sched_archive/sched-2024-01-16_update.txt,2024-01-16T17:00,2024-01-16T17:59,3540.0,59.0,B0329+54_PSR,0.9293420000000001,0.9525790000000001,J2000
./sched_archive/sched-2024-01-16_update.txt,2024-01-16T18:00,2024-01-16T18:59,3540.0,59.0,B0329+54_PSR,0.9293420000000001,0.9525790000000001,J2000
./sched_archive/sched-2024-01-16_update.txt,2024-01-16T19:00,2024-01-16T19:59,3540.0,59.0,B0329+54_PSR,0.9293420000000001,0.9525790000000001,J2000
./sched_archive/sched-2024-01-16_update.txt,2024-01-16T20:00,2024-01-16T20:59,3540.0,59.0,B0329+54_PSR,0.9293420000000001,0.9525790000000001,J2000
./sched_archive/sched-2024-01-16_update.txt,2024-01-16T21:00,2024-01-16T21:59,3540.0,59.0,B0329+54_PSR,0.9293420000000001,0.9525790000000001,J2000
./sched_archive/sched-2024-01-16_update.txt,2024-01-16T22:00,2024-01-16T22:59,3540.0,59.0,B0329+54_PSR,0.9293420000000001,0.9525790000000001,J2000
./sched_archive/sched-2024-01-16_update.txt,2024-01-16T23:00,2024-01-16T23:59,3540.0,59.0,B0329+54_PSR,0.9293420000000001,0.9525790000000001,J2000
./sched_archive/sched-2024-01-16_update.txt,2024-01-17T00:00,2024-01-17T00:59,3540.0,59.0,B0329+54_PSR,0.9293420000000001,0.9525790000000001,J2000
./sched_archive/sched-2024-01-16_update.txt,2024-01-17T01:00,2024-01-17T01:59,3540.0,59.0,B0329+54_PSR,0.9293420000000001,0.9525790000000001,J2000
./sched_archive/sched-2024-01-16_update.txt,2024-01-17T02:00,2024-01-17T02:59,3540.0,59.0,B0329+54_PSR,0.9293420000000001,0.9525790000000001,J2000
./sched_archive/sched-2024-01-16_update.txt,2024-01-17T03:40,2024-01-17T04:59,4740.0,79.0,"B0329+54_PSR [0.9293420000000001, 0.9525790000000001, 'J2000'",,,
./sched_archive/sched-2024-01-16_update.txt,2024-01-17T05:00,2024-01-17T05:59,3540.0,59.0,"B0329+54_PSR [0.9293420000000001, 0.9525790000000001, 'J2000'",,,
./sched_archive/sched-2024-01-16_update.txt,2024-01-17T06:00,2024-01-17T06:59,3540.0,59.0,"B0329+54_PSR [0.9293420000000001, 0.9525790000000001, 'J2000'",,,
./sched_archive/sched-2024-01-16_update.txt,2024-01-17T07:00,2024-01-17T07:59,3540.0,59.0,"B0329+54_PSR [0.9293420000000001, 0.9525790000000001, 'J2000'",,,
./sched_archive/sched-2024-01-16_update.txt,2024-01-17T08:00,2024-01-17T08:59,3540.0,59.0,"B0329+54_PSR [0.9293420000000001, 0.9525790000000001, 'J2000'",,,
./sched_archive/sched-2024-01-16_update.txt,2024-01-17T09:00,2024-01-17T09:59,3540.0,59.0,"B0329+54_PSR [0.9293420000000001, 0.9525790000000001, 'J2000'",,,
./sched_archive/sched-2024-01-16_update.txt,2024-01-17T10:00,2024-01-17T10:59,3540.0,59.0,"B0329+54_PSR [0.9293420000000001, 0.9525790000000001, 'J2000'",,,
./sched_archive/sched-2024-01-16_update.txt,2024-01-17T11:00,2024-01-17T11:59,3540.0,59.0,"B0329+54_PSR [0.9293420000000001, 0.9525790000000001, 'J2000'",,,
./sched_archive/sched-2024-01-16_update2.txt,2024-01-16T16:00,2024-01-16T16:59,3540.0,59.0,B0329+54_PSR,0.9293420000000001,0.9525790000000001,J2000
./sched_archive/sched-2024-01-16_update2.txt,2024-01-16T17:00,2024-01-16T18:15,4500.0,75.0,B0329+54_PSR,0.9293420000000001,0.9525790000000001,J2000
./sched_archive/sched-2024-01-16_update2.txt,2024-01-16T20:35,2024-01-16T21:59,5040.0,84.0,B0329+54_PSR  STOPSTART,0.9293420000000001,0.9525790000000001,J2000
./sched_archive/sched-2024-01-16_update2.txt,2024-01-16T22:00,2024-01-16T22:45,2700.0,45.0,B0329+54_PSR,0.9293420000000001,0.9525790000000001,J2000
./sched_archive/sched-2024-01-16_update2.txt,2024-01-17T00:05,2024-01-17T00:59,3240.0,54.0,B0329+54_PSR  STOPSTART,0.9293420000000001,0.9525790000000001,J2000
./sched_archive/sched-2024-01-16_update2.txt,2024-01-17T01:00,2024-01-17T01:59,3540.0,59.0,B0329+54_PSR,0.9293420000000001,0.9525790000000001,J2000
./sched_archive/sched-2024-01-16_update2.txt,2024-01-17T02:00,2024-01-17T02:59,3540.0,59.0,B0329+54_PSR,0.9293420000000001,0.9525790000000001,J2000
./sched_archive/sched-2024-01-16_update2.txt,2024-01-17T03:40,2024-01-17T04:15,2100.0,35.0,"B0329+54_PSR [0.9293420000000001, 0.9525790000000001, 'J2000'",,,
./sched_archive/sched-2024-01-16_update2.txt,2024-01-17T06:05,2024-01-17T06:59,3240.0,54.0,"B0329+54_PSR [0.9293420000000001, 0.9525790000000001, 'J2000']  STOPSTART",,,
./sched_archive/sched-2024-01-16_update2.txt,2024-01-17T07:00,2024-01-17T07:59,3540.0,59.0,"B0329+54_PSR [0.9293420000000001, 0.9525790000000001, 'J2000'",,,
./sched_archive/sched-2024-01-16_update2.txt,2024-01-17T08:00,2024-01-17T08:59,3540.0,59.0,"B0329+54_PSR [0.9293420000000001, 0.9525790000000001, 'J2000'",,,
./sched_archive/sched-2024-01-16_update2.txt,2024-01-17T09:00,2024-01-17T09:59,3540.0,59.0,"B0329+54_PSR [0.9293420000000001, 0.9525790000000001, 'J2000'",,,
./sched_archive/sched-2024-01-16_update2.txt,2024-01-17T10:00,2024-01-17T10:59,3540.0,59.0,"B0329+54_PSR [0.9293420000000001, 0.9525790000000001, 'J2000'",,,
./sched_archive/sched-2024-01-16_update2.txt,2024-01-17T11:00,2024-01-17T11:59,3540.0,59.0,"B0329+54_PSR [0.9293420000000001, 0.9525790000000001, 'J2000'",,,
./sched_archive/sched-2024-01-18.txt,2024-01-18T10:00,2024-01-18T10:59,3540.0,59.0,"B0329+54_PSR [0.9293420000000001, 0.9525790000000001, 'J2000'",,,
./sched_archive/sched-2024-01-18.txt,2024-01-18T11:00,2024-01-18T11:59,3540.0,59.0,"B0329+54_PSR [0.9293420000000001, 0.9525790000000001, 'J2000'",,,
./sched_archive/sched-2024-01-19.txt,2024-01-15T08:00,2024-01-15T08:59,3540.0,59.0,"B0329+54_PSR [0.9293420000000001, 0.9525790000000001, 'J2000'",,,
./sched_archive/sched-2024-01-19.txt,2024-01-15T09:00,2024-01-15T09:59,3540.0,59.0,"B0329+54_PSR [0.9293420000000001, 0.9525790000000001, 'J2000'",,,
./sched_archive/sched-2024-01-19.txt,2024-01-15T10:00,2024-01-15T10:59,3540.0,59.0,"B0329+54_PSR [0.9293420000000001, 0.9525790000000001, 'J2000'",,,
./sched_archive/sched-2024-01-19.txt,2024-01-15T11:00,2024-01-15T11:59,3540.0,59.0,"B0329+54_PSR [0.9293420000000001, 0.9525790000000001, 'J2000'",,,
./sched_archive/sched-2024-03-12-rerun.txt,2024-03-12T11:30,2024-03-12T13:14,6240.0,104.0,Sun357,,,
./sched_archive/sched-2024-03-12-rerun.txt,2024-03-12T14:11,2024-03-12T16:30,8340.0,139.0,J0746+55,2.036742674,0.964118391,J2000
./sched_archive/sched-2024-03-12-rerun.txt,2024-03-12T20:20,2024-03-12T21:14,3240.0,54.0,FRB20240216,2.67175700027,0.245112190101,J2000
./sched_archive/sched-2024-03-12-rerun.txt,2024-03-13T00:00,2024-03-13T02:00,7200.0,120.0,FRB20240216,2.67175700027,0.245112190101,J2000
./sched_archive/sched-2024-03-12-rerun.txt,2024-03-13T02:01,2024-03-13T03:44,6180.0,103.0,J1541+47,4.106468842,0.821206502,J2000
./sched_archive/sched-2024-03-12-rerun.txt,2024-03-13T08:21,2024-03-13T09:29,4080.0,68.0,J2153+44,5.730934043,0.78444308,J2000
./sched_archive/sched-2024-03-12-rerun.txt,2024-03-13T09:30,2024-03-13T14:59,19740.0,329.0,Sun357,,,
./sched_archive/sched-2024-03-12.txt,2024-03-12T10:10,2024-03-12T10:29,1140.0,19.0,Sun357,,,
./sched_archive/sched-2024-03-12.txt,2024-03-12T11:30,2024-03-12T13:14,6240.0,104.0,Sun357,,,
./sched_archive/sched-2024-03-12.txt,2024-03-12T14:11,2024-03-12T16:30,8340.0,139.0,J0746+55,2.036742674,0.964118391,J2000
./sched_archive/sched-2024-03-12.txt,2024-03-12T20:20,2024-03-12T21:14,3240.0,54.0,FRB20240216,2.67175700027,0.245112190101,J2000
./sched_archive/sched-2024-03-12.txt,2024-03-13T00:00,2024-03-13T02:00,7200.0,120.0,FRB20240216,2.67175700027,0.245112190101,J2000
./sched_archive/sched-2024-03-12.txt,2024-03-13T02:01,2024-03-13T03:44,6180.0,103.0,J1541+47,4.106468842,0.821206502,J2000
./sched_archive/sched-2024-03-12.txt,2024-03-13T08:21,2024-03-13T09:29,4080.0,68.0,J2153+44,5.730934043,0.78444308,J2000
./sched_archive/sched-2024-03-12.txt,2024-03-13T09:30,2024-03-13T14:59,19740.0,329.0,Sun357,,,
./sched_archive/sched-2024-04-22.txt,2024-04-23T08:30,2024-04-23T09:59,5340.0,89.0,FRB20240203,0.155403,0.276421,J2000
./sched_archive/sched-2024-04-22.txt,2024-04-23T10:00,2024-04-23T14:59,17940.0,299.0,Sun357,,,
./sched_archive/sched-2024-04-22.txt,2024-04-23T15:00,2024-04-23T15:29,1740.0,29.0,FRB20201124A,1.34416,0.454845,J2000
./sched_archive/sched-2024-04-22.txt,2024-04-23T15:30,2024-04-23T15:49,1140.0,19.0,Crab_PSR,1.4596732110242794,0.3842252837309499,J2000
./sched_archive/sched-2024-04-22.txt,2024-04-23T15:50,2024-04-23T16:29,2340.0,39.0,FRB20180301A,1.62712,0.0815253,J2000
./sched_archive/sched-2024-04-22.txt,2024-04-23T19:45,2024-04-23T19:59,840.0,14.0,J0826+2637_PSR  STOPSTART,2.2115817443598504,0.4646590067584504,J2000
./sched_archive/sched-2024-04-22.txt,2024-04-23T20:30,2024-04-23T21:09,2340.0,39.0,J1022+1001_PSR,2.718205665819409,0.17508003705071412,J2000
./sched_archive/sched-2024-04-22.txt,2024-04-23T21:10,2024-04-23T21:59,2940.0,49.0,FRB20240216,2.6718,0.245056,J2000
./sched_archive/sched-2024-04-22.txt,2024-04-24T00:00,2024-04-24T00:59,3540.0,59.0,J1336+3346,3.5629461009946066,0.5976686992463379,J2000
./sched_archive/sched-2024-04-22.txt,2024-04-24T01:00,2024-04-24T01:59,3540.0,59.0,J1400+2127,3.6662247571894993,0.37398741750247533,J2000
./sched_archive/sched-2024-04-22.txt,2024-04-24T02:00,2024-04-24T02:59,3540.0,59.0,J1538+2345,4.093238518783352,0.41453508989589766,J2000
./sched_archive/sched-2024-04-22.txt,2024-04-24T03:00,2024-04-24T03:19,1140.0,19.0,J1645-0317_PSR,4.3852875895096295,-0.05758229049395671,J2000
./sched_archive/sched-2024-04-22.txt,2024-04-24T03:20,2024-04-24T03:59,2340.0,39.0,J1832+27_PSR,4.853397545724514,0.48566769083230454,J2000
./sched_archive/sched-2024-04-22.txt,2024-04-24T04:00,2024-04-24T04:59,3540.0,59.0,J1931+4229,5.110286484688845,0.741570367301345,J2000
./sched_archive/sched-2024-04-22.txt,2024-04-24T05:00,2024-04-24T06:29,5340.0,89.0,J2000+29_PSR,5.237194762978169,0.5119975973675667,J2000
./sched_archive/sched-2024-04-22.txt,2024-04-24T06:30,2024-04-24T07:29,3540.0,59.0,J2138+69,5.667302247382087,1.2186906946154739,J2000
./sched_archive/sched-2024-04-22.txt,2024-04-24T08:00,2024-04-24T08:29,1740.0,29.0,J2215+45,5.828447029215017,0.7925890604631511,J2000
./sched_archive/sched-2024-04-22.txt,2024-04-24T08:30,2024-04-24T09:29,3540.0,59.0,FRB20240203,0.155403,0.276421,J2000
./sched_archive/sched-2024-04-22.txt,2024-04-24T09:30,2024-04-24T10:29,3540.0,59.0,Sun357,,,
./sched_archive/sched-2024-04-22.txt,2024-04-24T10:30,2024-04-24T10:59,1740.0,29.0,J0034-0534_PSR,0.1499403707045897,-0.09733420048376587,J2000
./sched_archive/sched-2024-04-22.txt,2024-04-24T11:00,2024-04-24T14:59,14340.0,239.0,Sun357,,,
./sched_archive/sched-2024-04-29.txt,2024-04-30T07:30,2024-04-30T08:29,3540.0,59.0,FRB20240114A,5.61849411485,0.0755647106435,J2000
./sched_archive/sched-2024-04-29.txt,2024-04-30T08:30,2024-04-30T09:59,5340.0,89.0,FRB20240203,0.155403,0.276421,J2000
./sched_archive/sched-2024-04-29.txt,2024-04-30T10:00,2024-04-30T14:59,17940.0,299.0,Sun357,,,
./sched_archive/sched-2024-04-29.txt,2024-04-30T15:00,2024-04-30T15:59,3540.0,59.0,Crab_PSR,1.4596732110242794,0.3842252837309499,J2000
./sched_archive/sched-2024-04-29.txt,2024-04-30T16:00,2024-04-30T16:59,3540.0,59.0,FRB20180301A,1.62712,0.0815253,J2000
./sched_archive/sched-2024-04-29.txt,2024-04-30T17:00,2024-04-30T18:59,7140.0,119.0,J0608+16_PSR,1.6094590360379197,0.2894513057573071,J2000
./sched_archive/sched-2024-04-29.txt,2024-04-30T19:00,2024-04-30T19:29,1740.0,29.0,J0826+2637_PSR,2.2115817443598504,0.4646590067584504,J2000
./sched_archive/sched-2024-04-29.txt,2024-04-30T20:00,2024-04-30T20:39,2340.0,39.0,J1022+1001_PSR,2.718205665819409,0.17508003705071412,J2000
./sched_archive/sched-2024-04-29.txt,2024-04-30T20:40,2024-04-30T21:29,2940.0,49.0,FRB20240216,2.6718,0.245056,J2000
./sched_archive/sched-2024-04-29.txt,2024-04-30T23:30,2024-05-01T00:29,3540.0,59.0,J1336+3346,3.5629461009946066,0.5976686992463379,J2000
./sched_archive/sched-2024-04-29.txt,2024-05-01T00:30,2024-05-01T01:29,3540.0,59.0,J1400+2127,3.6662247571894993,0.37398741750247533,J2000
./sched_archive/sched-2024-04-29.txt,2024-05-01T01:30,2024-05-01T02:29,3540.0,59.0,J1538+2345,4.093238518783352,0.41453508989589766,J2000
./sched_archive/sched-2024-04-29.txt,2024-05-01T02:30,2024-05-01T02:59,1740.0,29.0,J1645-0317_PSR,4.3852875895096295,-0.05758229049395671,J2000
./sched_archive/sched-2024-04-29.txt,2024-05-01T03:00,2024-05-01T03:29,1740.0,29.0,J1832+27_PSR,4.853397545724514,0.48566769083230454,J2000
./sched_archive/sched-2024-04-29.txt,2024-05-01T03:30,2024-05-01T04:29,3540.0,59.0,J1931+4229,5.110286484688845,0.741570367301345,J2000
./sched_archive/sched-2024-04-29.txt,2024-05-01T04:30,2024-05-01T05:59,5340.0,89.0,J2000+29_PSR,5.237194762978169,0.5119975973675667,J2000
./sched_archive/sched-2024-04-29.txt,2024-05-01T06:00,2024-05-01T06:59,3540.0,59.0,J2138+69,5.667302247382087,1.2186906946154739,J2000
./sched_archive/sched-2024-04-29.txt,2024-05-01T07:30,2024-05-01T08:29,3540.0,59.0,FRB20240114A,5.61849411485,0.0755647106435,J2000
./sched_archive/sched-2024-04-29.txt,2024-05-01T08:30,2024-05-01T09:59,5340.0,89.0,FRB20240203,0.155403,0.276421,J2000
./sched_archive/sched-2024-04-29.txt,2024-05-01T10:00,2024-05-01T10:29,1740.0,29.0,J0034-0534_PSR,0.1499403707045897,-0.09733420048376587,J2000
./sched_archive/sched-2024-04-29.txt,2024-05-01T10:30,2024-05-01T13:59,12540.0,209.0,Sun357,,,
./sched_archive/sched-2024-05-07.txt,2024-05-07T07:20,2024-05-07T08:50,5400.0,90.0,J2334+20,6.171484235051949,0.35633805561550896,J2000
./sched_archive/sched-2024-05-07.txt,2024-05-07T08:51,2024-05-07T10:20,5340.0,89.0,J2357+24,6.273513274241451,0.4348778719552538,J2000
./sched_archive/sched-2024-05-07.txt,2024-05-07T10:21,2024-05-07T11:13,3120.0,52.0,Sun357,,,
./sched_archive/sched-2024-05-07.txt,2024-05-07T11:14,2024-05-07T12:44,5400.0,90.0,J0327+09,0.9074257669327184,0.16726071998278993,J2000
./sched_archive/sched-2024-05-07.txt,2024-05-07T12:45,2024-05-07T14:15,5400.0,90.0,J0348+79,0.9961466705757633,1.3841721483885918,J2000
./sched_archive/sched-2024-05-07.txt,2024-05-07T14:16,2024-05-07T15:46,5400.0,90.0,J0503+22,1.322668684803036,0.3897901996120669,J2000
./sched_archive/sched-2024-05-07.txt,2024-05-07T15:47,2024-05-07T17:17,5400.0,90.0,J0653-06,1.8031432834666412,-0.11154593174968205,J2000
./sched_archive/sched-2024-05-07.txt,2024-05-07T17:18,2024-05-07T18:59,6060.0,101.0,J0608+16_PSR,1.6094590360379197,0.2894513057573071,J2000
./sched_archive/sched-2024-05-07.txt,2024-05-07T19:00,2024-05-07T20:15,4500.0,75.0,J1022+1001_PSR,2.718205665819409,0.17508003705071412,J2000
./sched_archive/sched-2024-05-07.txt,2024-05-07T20:16,2024-05-07T21:46,5400.0,90.0,J1105+02,2.9039369871098986,0.04329386172308156,J2000
./sched_archive/sched-2024-05-07.txt,2024-05-07T21:47,2024-05-07T23:17,5400.0,90.0,J1430+22,3.7961856617554823,0.391065259593385,J2000
./sched_archive/sched-2024-05-07.txt,2024-05-07T23:18,2024-05-08T00:48,5400.0,90.0,"J1532+00    [4.069526039233445, 0.012217304763960306, 'J2000'",,,
./sched_archive/sched-2024-05-07.txt,2024-05-08T00:49,2024-05-08T01:03,840.0,14.0,J1400+2127,3.6662247571894993,0.37398741750247533,J2000
./sched_archive/sched-2024-05-07.txt,2024-05-08T01:04,2024-05-08T02:40,5760.0,96.0,J1722+31,4.547891698384224,0.5491969379608823,J2000
./sched_archive/sched-2024-05-07.txt,2024-05-08T02:41,2024-05-08T04:19,5880.0,98.0,J1907+34,5.006622403450066,0.609119908946021,J2000
./sched_archive/sched-2024-05-07.txt,2024-05-08T04:20,2024-05-08T04:58,2280.0,38.0,J1931+4229,5.110286484688845,0.741570367301345,J2000
./sched_archive/sched-2024-05-07.txt,2024-05-08T04:59,2024-05-08T06:29,5400.0,90.0,J2252+245,5.988188302566461,0.433829704776695,J2000
./sched_archive/sched-2024-05-07.txt,2024-05-08T06:30,2024-05-08T07:14,2640.0,44.0,J2145-0750_PSR,5.697805941281582,-0.1368075848974223,J2000
./sched_archive/sched-2024-05-07.txt,2024-05-08T07:15,2024-05-08T08:45,5400.0,90.0,J2329+04,6.147995012202192,0.07827801695194568,J2000
./sched_archive/sched-2024-05-07.txt,2024-05-08T08:46,2024-05-08T10:24,5880.0,98.0,J2316+75,6.091780865877541,1.3217766276297944,J2000
./sched_archive/sched-2024-05-07.txt,2024-05-08T10:25,2024-05-08T12:05,6000.0,100.0,J0253+52,0.7574001733133725,0.9201666704722772,J2000
./sched_archive/sched-2024-05-07.txt,2024-05-08T12:06,2024-05-08T13:00,3240.0,54.0,Crab_PSR,1.4596732110242794,0.3842252837309499,J2000
./sched_archive/sched-2024-05-07.txt,2024-05-08T13:01,2024-05-08T14:31,5400.0,90.0,J0517+24,1.3871731450746596,0.4277898959374324,J2000
./sched_archive/sched-2024-05-07.txt,2024-05-08T14:32,2024-05-08T14:59,1620.0,27.0,Sun357,,,
./sched_archive/sched-2024-05-14.txt,2024-05-14T08:31,2024-05-14T10:01,5400.0,90.0,J0013+29,0.05788675352447859,0.5204862717655756,J2000
./sched_archive/sched-2024-05-14.txt,2024-05-14T10:02,2024-05-14T19:06,32640.0,544.0,Sun357,,,
./sched_archive/sched-2024-05-14.txt,2024-05-14T19:07,2024-05-14T21:20,7980.0,133.0,J1218+47,3.230943057,0.824859043,J2000
./sched_archive/sched-2024-05-14.txt,2024-05-14T21:21,2024-05-14T23:59,9480.0,158.0,J1541+47,4.106468842,0.821206502,J2000
./sched_archive/sched-2024-05-14.txt,2024-05-15T00:00,2024-05-15T00:59,3540.0,59.0,J1744-1344,4.6447145664294,0.2021416585724,J2000
./sched_archive/sched-2024-05-14.txt,2024-05-15T01:00,2024-05-15T03:46,9960.0,166.0,J1836+51_PSR,4.877558323,0.906481216,J2000
./sched_archive/sched-2024-05-14.txt,2024-05-15T03:47,2024-05-15T04:27,2400.0,40.0,J1931+4229,5.110286485,0.741570367,J2000
./sched_archive/sched-2024-05-14.txt,2024-05-15T04:28,2024-05-15T05:59,5460.0,91.0,J1945+61,5.173446791119859,1.0780898789568973,J2000
./sched_archive/sched-2024-05-14.txt,2024-05-15T06:00,2024-05-15T07:30,5400.0,90.0,J2119+49,5.583017388921195,0.8592255907568085,J2000
./sched_archive/sched-2024-05-14.txt,2024-05-15T07:31,2024-05-15T09:01,5400.0,90.0,J2221+81,5.85405247734548,1.4209695067848056,J2000
./sched_archive/sched-2024-05-14.txt,2024-05-15T09:02,2024-05-15T12:59,14220.0,237.0,Sun357,,,
./sched_archive/sched-2024-05-14.txt,2024-05-15T13:00,2024-05-15T13:59,3540.0,59.0,J0407+1607,1.081736089928,0.28136840683491,J2000
./sched_archive/sched-2024-05-21.txt,2024-05-21T07:30,2024-05-21T08:29,3540.0,59.0,J2111+34,5.547674471568309,0.6060316457973532,J2000
./sched_archive/sched-2024-05-21.txt,2024-05-21T08:30,2024-05-21T08:59,1740.0,29.0,J0109+11_PSR,0.3063052837250049,0.1980948701013564,J2000
./sched_archive/sched-2024-05-21.txt,2024-05-21T09:00,2024-05-21T12:59,14340.0,239.0,Sun357,,,
./sched_archive/sched-2024-05-21.txt,2024-05-21T13:00,2024-05-21T13:59,3540.0,59.0,Crab_PSR,1.4596732110242794,0.3842252837309499,J2000
./sched_archive/sched-2024-05-21.txt,2024-05-21T14:00,2024-05-21T16:59,10740.0,179.0,Sun357,,,
./sched_archive/sched-2024-05-21.txt,2024-05-21T18:00,2024-05-21T18:59,3540.0,59.0,J1022+1001_PSR,2.718205665819409,0.17508003705071412,J2000
./sched_archive/sched-2024-05-21.txt,2024-05-21T19:00,2024-05-21T19:59,3540.0,59.0,J1218+47,3.230943057,0.824859043,J2000
./sched_archive/sched-2024-05-21.txt,2024-05-21T20:00,2024-05-21T20:59,3540.0,59.0,J1336+3346,3.5629461009946066,0.5976686992463379,J2000
./sched_archive/sched-2024-05-21.txt,2024-05-21T21:00,2024-05-21T23:29,8940.0,149.0,J1541+47,4.106468842,0.821206502,J2000
./sched_archive/sched-2024-05-21.txt,2024-05-21T23:30,2024-05-22T00:29,3540.0,59.0,J1744-1134,4.6447145664294,0.2021416585724,J2000
./sched_archive/sched-2024-05-21.txt,2024-05-22T00:30,2024-05-22T01:59,5340.0,89.0,J1836+51_PSR,4.877558323,0.906481216,J2000
./sched_archive/sched-2024-05-21.txt,2024-05-22T02:00,2024-05-22T02:59,3540.0,59.0,J1913+1330,5.0322183842,0.2357783787,J2000
./sched_archive/sched-2024-05-21.txt,2024-05-22T03:00,2024-05-22T03:59,3540.0,59.0,J1931+4229,5.110286485,0.741570367,J2000
./sched_archive/sched-2024-05-21.txt,2024-05-22T04:00,2024-05-22T05:14,4440.0,74.0,J1945+61,5.173446791119859,1.0780898789568973,J2000
./sched_archive/sched-2024-05-21.txt,2024-05-22T05:15,2024-05-22T06:14,3540.0,59.0,J2111+34,5.547674471568309,0.6060316457973532,J2000
./sched_archive/sched-2024-05-21.txt,2024-05-22T06:45,2024-05-22T07:59,4440.0,74.0,J2153+44,5.730934043027713,0.7844430804456625,J2000
./sched_archive/sched-2024-05-21.txt,2024-05-22T09:00,2024-05-22T11:59,10740.0,179.0,Sun357,,,
./sched_archive/sched-2024-05-21.txt,2024-05-22T12:00,2024-05-22T12:59,3540.0,59.0,J0407+1607,1.081736089928,0.28136840683491,J2000
./sched_archive/sched-2024-05-21.txt,2024-05-22T13:00,2024-05-22T13:59,3540.0,59.0,FRB20180301A,1.62712,0.0815253,J2000
./sched_archive/sched-2024-05-21_v2.txt,2024-05-21T21:00,2024-05-21T23:29,8940.0,149.0,J1541+47,4.106468842,0.821206502,J2000
./sched_archive/sched-2024-05-21_v2.txt,2024-05-21T23:30,2024-05-22T00:29,3540.0,59.0,J1744-1134,4.6447145664294,0.2021416585724,J2000
./sched_archive/sched-2024-05-21_v2.txt,2024-05-22T00:30,2024-05-22T01:59,5340.0,89.0,J1836+51_PSR,4.877558323,0.906481216,J2000
./sched_archive/sched-2024-05-21_v2.txt,2024-05-22T02:00,2024-05-22T02:59,3540.0,59.0,J1913+1330,5.0322183842,0.2357783787,J2000
./sched_archive/sched-2024-05-21_v2.txt,2024-05-22T03:00,2024-05-22T03:59,3540.0,59.0,J1931+4229,5.110286485,0.741570367,J2000
./sched_archive/sched-2024-05-21_v2.txt,2024-05-22T04:00,2024-05-22T04:23,1380.0,23.0,J1945+61,5.173446791119859,1.0780898789568973,J2000
./sched_archive/sched-2024-05-21_v2.txt,2024-05-22T04:24,2024-05-22T05:54,5400.0,90.0,J2138+69,5.667302247382087,1.2186906946154739,J2000
./sched_archive/sched-2024-05-21_v2.txt,2024-05-22T05:55,2024-05-22T06:14,1140.0,19.0,J2145-0750_PSR,5.697805941281582,-0.1368075848974223,J2000
./sched_archive/sched-2024-05-21_v2.txt,2024-05-22T06:15,2024-05-22T07:25,4200.0,70.0,J2208+46,5.79674750606,0.804839193949,J2000
./sched_archive/sched-2024-05-21_v2.txt,2024-05-22T07:26,2024-05-22T08:59,5580.0,93.0,J2237+2828,5.92313842109,0.497030989752,J2000
./sched_archive/sched-2024-05-21_v2.txt,2024-05-22T09:00,2024-05-22T12:19,11940.0,199.0,Sun357,,,
./sched_archive/sched-2024-05-21_v2.txt,2024-05-22T12:20,2024-05-22T13:10,3000.0,50.0,"FRB20180301A [1.62712, 0.0815253, 'J2000'",,,
./sched_archive/sched-2024-05-21_v2.txt,2024-05-22T13:11,2024-05-22T14:45,5640.0,94.0,J0027+84,0.118973283162,1.47113317449,J2000
./sched_archive/sched-2024-06-11.txt,2024-06-11T06:30,2024-06-11T08:00,5400.0,90.0,J0103+54,0.274724653,0.941371287,J2000
./sched_archive/sched-2024-06-11.txt,2024-06-11T08:01,2024-06-11T08:59,3480.0,58.0,J0220+3622_PSR,0.613937673,0.636146372,J2000
./sched_archive/sched-2024-06-11.txt,2024-06-11T09:00,2024-06-11T10:59,7140.0,119.0,Sun357,,,
./sched_archive/sched-2024-06-11.txt,2024-06-11T13:02,2024-06-11T15:00,7080.0,118.0,Sun357,,,
./sched_archive/sched-2024-06-11.txt,2024-06-11T16:01,2024-06-11T16:29,1680.0,28.0,J1218+47,3.230943057,0.824859043,J2000
./sched_archive/sched-2024-06-11.txt,2024-06-11T17:31,2024-06-11T19:00,5340.0,89.0,J1218+47,3.230943057,0.824859043,J2000
./sched_archive/sched-2024-06-11.txt,2024-06-11T19:01,2024-06-11T19:59,3480.0,58.0,J1336+3346,3.5629461009946066,0.5976686992463379,J2000
./sched_archive/sched-2024-06-11.txt,2024-06-11T20:00,2024-06-11T22:29,8940.0,149.0,J1541+47,4.106468842,0.821206502,J2000
./sched_archive/sched-2024-06-11.txt,2024-06-11T22:30,2024-06-11T23:29,3540.0,59.0,J1744-1134,4.6447145664294,0.2021416585724,J2000
./sched_archive/sched-2024-06-11.txt,2024-06-11T23:30,2024-06-12T00:30,3600.0,60.0,J1836+51_PSR,4.877558323,0.906481216,J2000
./sched_archive/sched-2024-06-11.txt,2024-06-12T01:31,2024-06-12T02:17,2760.0,46.0,J1931+4229,5.110286484688845,0.741570367301345,J2000
./sched_archive/sched-2024-06-11.txt,2024-06-12T02:18,2024-06-12T03:43,5100.0,85.0,J2000+29_PSR,5.237194762978169,0.5119975973675667,J2000
./sched_archive/sched-2024-06-11.txt,2024-06-12T03:44,2024-06-12T04:44,3600.0,60.0,J2138+69,5.667302247382087,1.2186906946154739,J2000
./sched_archive/sched-2024-06-11.txt,2024-06-12T06:31,2024-06-12T08:44,7980.0,133.0,J0355+28_PSR,1.027046438,0.499947595,J2000
./sched_archive/sched-2024-06-11.txt,2024-06-12T08:45,2024-06-12T13:59,18840.0,314.0,Sun357,,,
./sched_archive/sched-2024-06-12.txt,2024-06-12T08:45,2024-06-12T10:54,7740.0,129.0,Sun357,,,
./sched_archive/sched-2024-06-12.txt,2024-06-12T12:00,2024-06-12T13:59,7140.0,119.0,Sun357,,,
./sched_archive/sched-2024-06-18.txt,2024-06-18T07:30,2024-06-18T08:29,3540.0,59.0,J0220+3622_PSR,0.613937673,0.636146372,J2000
./sched_archive/sched-2024-06-18.txt,2024-06-18T08:30,2024-06-18T10:59,8940.0,149.0,Sun357,,,
./sched_archive/sched-2024-06-18.txt,2024-06-18T13:00,2024-06-18T14:29,5340.0,89.0,Sun357,,,
./sched_archive/sched-2024-06-18.txt,2024-06-18T16:30,2024-06-18T18:29,7140.0,119.0,Sun357,,,
./sched_archive/sched-2024-06-18.txt,2024-06-18T18:30,2024-06-18T19:29,3540.0,59.0,J1336+3346,3.5629461009946066,0.5976686992463379,J2000
./sched_archive/sched-2024-06-18.txt,2024-06-18T19:30,2024-06-18T21:59,8940.0,149.0,J1541+47,4.106468842,0.821206502,J2000
./sched_archive/sched-2024-06-18.txt,2024-06-18T22:00,2024-06-18T22:59,3540.0,59.0,J1744-1134,4.6447145664294,0.2021416585724,J2000
./sched_archive/sched-2024-06-18.txt,2024-06-18T23:00,2024-06-18T23:59,3540.0,59.0,J1836+51_PSR,4.877558323,0.906481216,J2000
./sched_archive/sched-2024-06-18.txt,2024-06-19T01:00,2024-06-19T01:59,3540.0,59.0,J1931+4229,5.110286484688845,0.741570367301345,J2000
./sched_archive/sched-2024-06-18.txt,2024-06-19T02:00,2024-06-19T02:59,3540.0,59.0,J2000+29_PSR,5.237194762978169,0.5119975973675667,J2000
./sched_archive/sched-2024-06-18.txt,2024-06-19T03:00,2024-06-19T03:59,3540.0,59.0,J2138+69,5.667302247382087,1.2186906946154739,J2000
./sched_archive/sched-2024-06-18.txt,2024-06-19T06:30,2024-06-19T07:29,3540.0,59.0,J0103+54,0.274724653,0.941371287,J2000
./sched_archive/sched-2024-06-18.txt,2024-06-19T07:30,2024-06-19T07:44,840.0,14.0,J0355+28_PSR,1.027046438,0.499947595,J2000
./sched_archive/sched-2024-06-18.txt,2024-06-19T09:15,2024-06-19T10:29,4440.0,74.0,Sun357,,,
./sched_archive/sched-2024-06-18.txt,2024-06-19T11:30,2024-06-19T12:29,3540.0,59.0,Crab_PSR,1.4596732110242794,0.3842252837309499,J2000
./sched_archive/sched-2024-06-18.txt,2024-06-19T12:30,2024-06-19T13:59,5340.0,89.0,Sun357,,,
./sched_archive/sched-2024-06-25.txt,2024-07-02T06:30,2024-07-02T07:14,2640.0,44.0,J0209+58,0.565571080488881,1.012224498588882,J2000
./sched_archive/sched-2024-06-25.txt,2024-07-02T07:15,2024-07-02T07:55,2400.0,40.0,B0329+54,0.929341,0.949648,J2000
./sched_archive/sched-2024-06-25.txt,2024-07-02T09:05,2024-07-02T10:59,6840.0,114.0,Sun357,,,
./sched_archive/sched-2024-06-25.txt,2024-07-02T11:00,2024-07-02T11:29,1740.0,29.0,Crab_PSR,1.4596732110242794,0.3842252837309499,J2000
./sched_archive/sched-2024-06-25.txt,2024-07-02T11:30,2024-07-02T14:59,12540.0,209.0,Sun357,,,
./sched_archive/sched-2024-06-25.txt,2024-07-02T16:00,2024-07-02T16:59,3540.0,59.0,J1022+1001_PSR,2.718205665819409,0.17508003705071412,J2000
./sched_archive/sched-2024-06-25.txt,2024-07-02T17:00,2024-07-02T19:45,9900.0,165.0,J1218+47,3.230943057336915,0.8248590432639309,J2000
./sched_archive/sched-2024-06-25.txt,2024-07-03T04:05,2024-07-03T04:35,1800.0,30.0,"J2145-0750_PSR [5.697805941281582, -0.1368075848974223, 'J2000'",,,
./sched_archive/sched-2024-06-25.txt,2024-07-03T04:36,2024-07-03T05:14,2280.0,38.0,J2138+69,5.667302247382087,1.2186906946154739,J2000
./sched_archive/sched-2024-06-25.txt,2024-07-03T05:15,2024-07-03T05:59,2640.0,44.0,J2355+15,6.262241356155655,0.27052603405912107,J2000
./sched_archive/sched-2024-06-25.txt,2024-07-03T06:00,2024-07-03T06:59,3540.0,59.0,J0030+0451_PSR,0.13289429247160228,0.08484098831206377,J2000
./sched_archive/sched-2024-06-25.txt,2024-07-03T07:00,2024-07-03T09:29,8940.0,149.0,Sun357,,,
./sched_archive/sched-2024-06-25.txt,2024-07-03T09:30,2024-07-03T10:59,5340.0,89.0,J0407+1607,1.081736089928,0.28136840683491,J2000
./sched_archive/sched-2024-06-25.txt,2024-07-03T11:00,2024-07-03T11:29,1740.0,29.0,Crab_PSR,1.4596732110242794,0.3842252837309499,J2000
./sched_archive/sched-2024-06-25.txt,2024-07-03T12:30,2024-07-03T13:59,5340.0,89.0,Sun357,,,
./sched_archive/sched-2024-06-25_v2.txt,2024-06-25T12:00,2024-06-25T16:29,16140.0,269.0,Sun357,,,
./sched_archive/sched-2024-06-25_v2.txt,2024-06-25T16:30,2024-06-25T17:29,3540.0,59.0,J1022+1001_PSR,2.718205665819409,0.17508003705071412,J2000
./sched_archive/sched-2024-06-25_v2.txt,2024-06-25T17:30,2024-06-25T19:59,8940.0,149.0,J1218+47,3.230943057336915,0.8248590432639309,J2000
./sched_archive/sched-2024-06-25_v2.txt,2024-06-25T20:00,2024-06-25T20:30,1800.0,30.0,"B0329+54 [0.929341, 0.949648, 'J2000'",,,
./sched_archive/sched-2024-06-25_v2.txt,2024-06-25T20:31,2024-06-25T21:51,4800.0,80.0,TOI-1411,4.065675,0.821274,J2000
./sched_archive/sched-2024-06-25_v2.txt,2024-06-25T21:52,2024-06-25T23:12,4800.0,80.0,TOI-2081,4.612945,0.925471,J2000
./sched_archive/sched-2024-06-25_v2.txt,2024-06-25T23:13,2024-06-26T00:33,4800.0,80.0,TOI-1450,5.006548,1.031256,J2000
./sched_archive/sched-2024-06-25_v2.txt,2024-06-26T00:34,2024-06-26T01:54,4800.0,80.0,TOI-1680,5.101841,1.15146,J2000
./sched_archive/sched-2024-06-25_v2.txt,2024-06-26T01:55,2024-06-26T03:15,4800.0,80.0,GJ 806,5.432681,0.776676,J2000
./sched_archive/sched-2024-06-25_v2.txt,2024-06-26T03:16,2024-06-26T03:59,2580.0,43.0,CR-Draconis,4.263356,0.964624,J2000
./sched_archive/sched-2024-06-25_v2.txt,2024-06-26T04:15,2024-06-26T04:59,2640.0,44.0,"J2145-0750_PSR [5.697805941281582, -0.1368075848974223, 'J2000'",,,
./sched_archive/sched-2024-06-25_v2.txt,2024-06-26T05:00,2024-06-26T05:44,2640.0,44.0,J2138+69,5.667302247382087,1.2186906946154739,J2000
./sched_archive/sched-2024-06-25_v2.txt,2024-06-26T05:45,2024-06-26T06:29,2640.0,44.0,J2355+15,6.262241356155655,0.27052603405912107,J2000
./sched_archive/sched-2024-06-25_v2.txt,2024-06-26T06:30,2024-06-26T07:29,3540.0,59.0,J0030+0451_PSR,0.13289429247160228,0.08484098831206377,J2000
./sched_archive/sched-2024-06-25_v2.txt,2024-06-26T07:30,2024-06-26T09:59,8940.0,149.0,Sun357,,,
./sched_archive/sched-2024-06-25_v2.txt,2024-06-26T10:00,2024-06-26T10:59,3540.0,59.0,J0407+1607,1.081736089928,0.28136840683491,J2000
./sched_archive/sched-2024-06-25_v2.txt,2024-06-26T11:00,2024-06-26T11:29,1740.0,29.0,Crab_PSR,1.4596732110242794,0.3842252837309499,J2000
./sched_archive/sched-2024-06-25_v2.txt,2024-06-26T11:30,2024-06-26T13:59,8940.0,149.0,Sun357,,,
./sched_archive/sched-2024-07-09.txt,2024-07-09T06:30,2024-07-09T08:29,7140.0,119.0,FRB20240203,0.155403,0.276421,J2000
./sched_archive/sched-2024-07-09.txt,2024-07-09T08:30,2024-07-09T10:39,7740.0,129.0,Sun357,,,
./sched_archive/sched-2024-07-09.txt,2024-07-09T10:40,2024-07-09T10:59,1140.0,19.0,Crab_PSR,1.4596732110242794,0.3842252837309499,J2000
./sched_archive/sched-2024-07-09.txt,2024-07-09T11:00,2024-07-09T14:29,12540.0,209.0,Sun357,,,
./sched_archive/sched-2024-07-09.txt,2024-07-09T14:30,2024-07-09T15:29,3540.0,59.0,FRB20240216,2.67175700027,0.245112190101,J2000
./sched_archive/sched-2024-07-09.txt,2024-07-09T15:30,2024-07-09T16:29,3540.0,59.0,J1022+1001_PSR,2.718205665819409,0.17508003705071412,J2000
./sched_archive/sched-2024-07-09.txt,2024-07-09T16:30,2024-07-09T18:29,7140.0,119.0,J1218+47,3.230943057336915,0.8248590432639309,J2000
./sched_archive/sched-2024-07-09.txt,2024-07-09T18:30,2024-07-09T19:14,2640.0,44.0,J1329+1349,3.529928412158531,0.23969188394055457,J2000
./sched_archive/sched-2024-07-09.txt,2024-07-09T19:15,2024-07-09T19:55,2400.0,40.0,J1336+3346,3.5629461009946066,0.5976686992463379,J2000
./sched_archive/sched-2024-07-09.txt,2024-07-10T04:00,2024-07-10T04:29,1740.0,29.0,"J2145-0750_PSR [5.697805941281582, -0.1368075848974223, 'J2000'",,,
./sched_archive/sched-2024-07-09.txt,2024-07-10T04:30,2024-07-10T04:59,1740.0,29.0,J2138+69,5.667302247382087,1.2186906946154739,J2000
./sched_archive/sched-2024-07-09.txt,2024-07-10T05:00,2024-07-10T05:29,1740.0,29.0,J2355+15,6.262241356155655,0.27052603405912107,J2000
./sched_archive/sched-2024-07-09.txt,2024-07-10T05:30,2024-07-10T06:29,3540.0,59.0,J0030+0451_PSR,0.13289429247160228,0.08484098831206377,J2000
./sched_archive/sched-2024-07-09.txt,2024-07-10T06:30,2024-07-10T08:29,7140.0,119.0,FRB20240203,0.155403,0.276421,J2000
./sched_archive/sched-2024-07-09.txt,2024-07-10T08:30,2024-07-10T09:59,5340.0,89.0,J0407+1607,1.081736089928,0.28136840683491,J2000
./sched_archive/sched-2024-07-09.txt,2024-07-10T10:00,2024-07-10T10:39,2340.0,39.0,Sun357,,,
./sched_archive/sched-2024-07-09.txt,2024-07-10T10:40,2024-07-10T10:59,1140.0,19.0,Crab_PSR,1.4596732110242794,0.3842252837309499,J2000
./sched_archive/sched-2024-07-09.txt,2024-07-10T12:00,2024-07-10T13:59,7140.0,119.0,Sun357,,,
./sched_archive/sched-2024-07-09_relaunch.txt,2024-07-10T07:18,2024-07-10T08:29,4260.0,71.0,FRB20240203,0.155403,0.276421,J2000
./sched_archive/sched-2024-07-09_relaunch.txt,2024-07-10T08:30,2024-07-10T09:59,5340.0,89.0,J0407+1607,1.081736089928,0.28136840683491,J2000
./sched_archive/sched-2024-07-09_relaunch.txt,2024-07-10T10:00,2024-07-10T10:39,2340.0,39.0,Sun357,,,
./sched_archive/sched-2024-07-09_relaunch.txt,2024-07-10T10:40,2024-07-10T10:59,1140.0,19.0,Crab_PSR,1.4596732110242794,0.3842252837309499,J2000
./sched_archive/sched-2024-07-09_relaunch.txt,2024-07-10T12:00,2024-07-10T13:59,7140.0,119.0,Sun357,,,
./sched_archive/sched-2025-11-3.txt,2025-11-04T09:10,2025-11-04T09:40,1800.0,30.0,Sun357,,,
./sched_archive/sched-2025-11-3.txt,2025-11-04T09:41,2025-11-04T10:40,3540.0,59.0,Sun357,,,
./sched_archive/sched-2025-11-3.txt,2025-11-04T10:41,2025-11-04T11:40,3540.0,59.0,Sun357,,,
./sched_archive/sched-2025-11-3.txt,2025-11-04T11:41,2025-11-04T12:40,3540.0,59.0,Sun357,,,
./sched_archive/sched-2025-11-3.txt,2025-11-04T12:41,2025-11-04T13:40,3540.0,59.0,Sun357,,,
./sched_archive/sched-2025-11-3.txt,2025-11-04T13:41,2025-11-04T14:40,3540.0,59.0,Sun357,,,
./sched_archive/sched-2025-11-3.txt,2025-11-04T14:41,2025-11-04T15:20,2340.0,39.0,Sun357,,,
./sched_archive/sched-20251105.txt,2025-11-05T10:00,2025-11-05T10:40,2400.0,40.0,Sun357,,,
./sched_archive/sched-20251105.txt,2025-11-05T10:41,2025-11-05T11:40,3540.0,59.0,Sun357,,,
./sched_archive/sched-20251105.txt,2025-11-05T11:41,2025-11-05T12:40,3540.0,59.0,Sun357,,,
./sched_archive/sched-20251105.txt,2025-11-05T12:41,2025-11-05T13:40,3540.0,59.0,Sun357,,,
./sched_archive/sched-20251105.txt,2025-11-05T13:41,2025-11-05T14:40,3540.0,59.0,Sun357,,,
./sched_archive/sched-20251107.txt,2025-11-07T10:00,2025-11-07T10:40,2400.0,40.0,Sun357,,,
./sched_archive/sched-20251107.txt,2025-11-07T10:41,2025-11-07T11:40,3540.0,59.0,Sun357,,,
./sched_archive/sched-20251107.txt,2025-11-07T11:41,2025-11-07T12:40,3540.0,59.0,Sun357,,,
./sched_archive/sched-20251107.txt,2025-11-07T12:41,2025-11-07T13:40,3540.0,59.0,Sun357,,,
./sched_archive/sched-20251107.txt,2025-11-07T13:41,2025-11-07T14:40,3540.0,59.0,Sun357,,,
./sched_archive/sched-21-01-2024.txt,2024-01-22T08:01,2024-01-22T09:30,5340.0,89.0,J1538+2345,4.093238518783352,0.41453508989589766,J2000
./sched_archive/sched-21-01-2024.txt,2024-01-22T09:31,2024-01-22T11:00,5340.0,89.0,J1336+3346,3.5629461009946066,0.5976686992463379,J2000
./sched_archive/sched-21-01-2024.txt,2024-01-22T11:01,2024-01-22T11:59,3480.0,58.0,J1541+47,4.106468841733991,0.8212065018841985,J2000
./sched_archive/sched-21-01-2024.txt,2024-01-22T12:00,2024-01-22T12:45,2700.0,45.0,"J2145-0750_PSR [5.697805941281582, -0.1368075848974223, 'J2000'",,,
./sched_archive/sched-251106.txt,2025-11-06T10:00,2025-11-06T10:40,2400.0,40.0,Sun357,,,
./sched_archive/sched-251106.txt,2025-11-06T10:41,2025-11-06T11:40,3540.0,59.0,Sun357,,,
./sched_archive/sched-251106.txt,2025-11-06T11:41,2025-11-06T12:40,3540.0,59.0,Sun357,,,
./sched_archive/sched-251106.txt,2025-11-06T12:41,2025-11-06T13:40,3540.0,59.0,Sun357,,,
./sched_archive/sched-251106.txt,2025-11-06T13:41,2025-11-06T14:40,3540.0,59.0,Sun357,,,
./sched_archive/sched-28-05-2024.txt,2024-05-28T06:30,2024-05-28T08:00,5400.0,90.0,J0103+54,0.274724653,0.941371287,J2000
./sched_archive/sched-28-05-2024.txt,2024-05-28T08:01,2024-05-28T08:59,3480.0,58.0,J0220+3622_PSR,0.613937673,0.636146372,J2000
./sched_archive/sched-28-05-2024.txt,2024-05-28T09:00,2024-05-28T11:59,10740.0,179.0,Sun357,,,
./sched_archive/sched-28-05-2024.txt,2024-05-28T14:02,2024-05-28T16:00,7080.0,118.0,Sun357,,,
./sched_archive/sched-28-05-2024.txt,2024-05-28T17:01,2024-05-28T17:29,1680.0,28.0,J1218+47,3.230943057,0.824859043,J2000
./sched_archive/sched-28-05-2024.txt,2024-05-28T18:31,2024-05-28T20:00,5340.0,89.0,J1218+47,3.230943057,0.824859043,J2000
./sched_archive/sched-28-05-2024.txt,2024-05-28T20:01,2024-05-28T20:59,3480.0,58.0,J1336+3346,3.5629461009946066,0.5976686992463379,J2000
./sched_archive/sched-28-05-2024.txt,2024-05-28T21:00,2024-05-28T23:29,8940.0,149.0,J1541+47,4.106468842,0.821206502,J2000
./sched_archive/sched-28-05-2024.txt,2024-05-28T23:30,2024-05-29T00:29,3540.0,59.0,J1744-1134,4.6447145664294,0.2021416585724,J2000
./sched_archive/sched-28-05-2024.txt,2024-05-29T00:30,2024-05-29T01:59,5340.0,89.0,J1836+51_PSR,4.877558323,0.906481216,J2000
./sched_archive/sched-28-05-2024.txt,2024-05-29T02:16,2024-05-29T03:17,3660.0,61.0,J1931+4229,5.110286484688845,0.741570367301345,J2000
./sched_archive/sched-28-05-2024.txt,2024-05-29T03:18,2024-05-29T04:43,5100.0,85.0,J2000+29_PSR,5.237194762978169,0.5119975973675667,J2000
./sched_archive/sched-28-05-2024.txt,2024-05-29T04:44,2024-05-29T05:44,3600.0,60.0,J2138+69,5.667302247382087,1.2186906946154739,J2000
./sched_archive/sched-28-05-2024.txt,2024-05-29T07:31,2024-05-29T08:59,5280.0,88.0,J0355+28_PSR,1.027046438,0.499947595,J2000
./sched_archive/sched-28-05-2024.txt,2024-05-29T09:00,2024-05-29T14:59,21540.0,359.0,Sun357,,,
./sched_archive/sched-REALTA-08-10-2024.txt,2024-10-08T18:06,2024-10-08T19:26,4800.0,80.0,LOFTS0038,5.258561895978828,1.0017989193583472,J2000
./sched_archive/sched-REALTA-08-10-2024.txt,2024-10-08T19:27,2024-10-08T20:47,4800.0,80.0,LOFTS0039,5.612958728399716,1.0017989193583472,J2000
./sched_archive/sched-REALTA-08-10-2024.txt,2024-10-08T20:48,2024-10-08T22:08,4800.0,80.0,LOFTS0040,5.967355560820634,1.0017989193583472,J2000
./sched_archive/sched-REALTA-08-10-2024.txt,2024-10-08T22:09,2024-10-08T23:29,4800.0,80.0,LOFTS0041,0.03856708606196373,1.0017989193583472,J2000
./sched_archive/sched-REALTA-08-10-2024.txt,2024-10-08T23:30,2024-10-09T00:50,4800.0,80.0,LOFTS0042,0.3929639184828522,1.0017989193583472,J2000
./sched_archive/sched-REALTA-08-10-2024.txt,2024-10-09T00:51,2024-10-09T02:11,4800.0,80.0,LOFTS0043,0.7473607510169088,1.0017989193583472,J2000
./sched_archive/sched-REALTA-08-10-2024.txt,2024-10-09T02:12,2024-10-09T03:32,4800.0,80.0,LOFTS0044,1.101757583617451,1.0017989193583472,J2000
./sched_archive/sched-REALTA-08-10-2024.txt,2024-10-09T03:33,2024-10-09T04:53,4800.0,80.0,LOFTS0045,1.4561544162180213,1.0017989193583472,J2000
./sched_archive/sched-REALTA-08-10-2024.txt,2024-10-09T04:54,2024-10-09T06:14,4800.0,80.0,LOFTS0046,1.8105512488185918,1.0017989193583472,J2000
./sched_archive/sched-REALTA-08-10-2024.txt,2024-10-09T06:15,2024-10-09T06:21,360.0,6.0,B1508+55,1.59393,0.91258,J2000
./sched_archive/sched-REALTA-08-10-2024.txt,2024-10-09T06:22,2024-10-09T07:42,4800.0,80.0,LOFTS0047,2.1955749681871173,1.0017989193583472,J2000
./sched_archive/sched-REALTA-08-10-2024.txt,2024-10-09T07:43,2024-10-09T09:03,4800.0,80.0,LOFTS0048,2.5499718007876595,1.0017989193583472,J2000
./sched_archive/sched-REALTA-08-10-2024.txt,2024-10-09T09:04,2024-10-09T10:24,4800.0,80.0,LOFTS0049,2.90436863338823,1.0017989193583472,J2000
./sched_archive/sched-REALTA-08-10-2024.txt,2024-10-09T10:25,2024-10-09T11:45,4800.0,80.0,LOFTS0050,3.2587654659887724,1.0017989193583472,J2000
./sched_archive/sched-REALTA-08-10-2024.txt,2024-10-09T11:46,2024-10-09T13:06,4800.0,80.0,LOFTS0051,3.613162298589371,1.0017989193583472,J2000
./sched_archive/sched-REALTA-08-10-2024.txt,2024-10-09T13:07,2024-10-09T14:27,4800.0,80.0,LOFTS0052,3.9675591311899425,1.0017989193583472,J2000
./sched_archive/sched-REALTA-08-10-2024.txt,2024-10-09T14:28,2024-10-09T15:48,4800.0,80.0,LOFTS0053,4.321955963790484,1.0017989193583472,J2000
./sched_archive/sched-REALTA-08-10-2024.txt,2024-10-09T15:49,2024-10-09T17:09,4800.0,80.0,LOFTS0054,4.676352796391083,1.0017989193583472,J2000
./sched_archive/sched-REALTA-08-10-2024.txt,2024-10-09T17:10,2024-10-09T18:00,3000.0,50.0,LOFTS0055,5.030749628991654,1.0017989193583472,J2000
./sched_archive/sched-new-14-08-2024.txt,2024-08-13T23:15,2024-08-14T00:29,4440.0,74.0,J2138+69,5.667302247382087,1.2186906946154739,J2000
./sched_archive/sched-new-14-08-2024.txt,2024-08-14T00:30,2024-08-14T01:14,2640.0,44.0,J2145-0750_PSR,5.697805941281582,-0.1368075848974223,J2000
./sched_archive/sched-new-14-08-2024.txt,2024-08-14T01:15,2024-08-14T02:29,4440.0,74.0,J0054+66,0.23965048401074893,1.1665753533918115,J2000
./sched_archive/sched-new-14-08-2024.txt,2024-08-14T02:30,2024-08-14T03:29,3540.0,59.0,J0030+0451,0.13289429247160228,0.08484098831206377,J2000
./sched_archive/sched-new-14-08-2024.txt,2024-08-14T03:30,2024-08-14T04:29,3540.0,59.0,J0103+54,0.27472465292560155,0.9413712871956963,J2000
./sched_archive/sched-new-14-08-2024.txt,2024-08-14T04:30,2024-08-14T05:29,3540.0,59.0,J0139+3310,0.43613087285590374,0.5867200623795394,J2000
./sched_archive/sched-new-14-08-2024.txt,2024-08-14T05:30,2024-08-14T06:29,3540.0,59.0,J0209+58,0.565571080488881,1.012224498588882,J2000
./sched_archive/sched-new-14-08-2024.txt,2024-08-14T08:00,2024-08-14T08:29,1740.0,29.0,Crab_PSR,1.4596732110242794,0.3842252837309499,J2000
./sched_archive/sched-new-14-08-2024.txt,2024-08-14T08:30,2024-08-14T09:29,3540.0,59.0,J0549+34,1.5253450441908774,0.5936107192873269,J2000
./sched_archive/sched-new-14-08-2024.txt,2024-08-14T09:30,2024-08-14T10:29,3540.0,59.0,J0746+55,2.0367426739815624,0.964118391393294,J2000
./sched_archive/sched-new-14-08-2024.txt,2024-08-14T10:30,2024-08-14T13:59,12540.0,209.0,Sun357,,,
./sched_archive/sched-solar-obs-20-03-2024.txt,2024-03-20T10:02,2024-03-20T14:59,17820.0,297.0,Sun357,,,
./sched_archive/sched-sun-2023-06-06.txt,2023-06-06T07:00,2023-06-06T09:00,7200.0,120.0,Sun357,,,
./sched_archive/sched.txt,2023-06-06T07:00,2023-06-06T09:00,7200.0,120.0,Sun357,,,
./sched_archive/sched.txt,2023-06-06T09:01,2023-06-06T09:21,1200.0,20.0,J0826+2637_PSR,2.211582180692164,0.46465915162077825,J2000
./sched_archive/sched.txt,2023-06-06T11:04,2023-06-06T11:19,900.0,15.0,J1136+1551_PSR,3.0370963006143885,0.2767098326392434,J2000
./sched_archive/sched.txt,2023-06-06T11:20,2023-06-06T11:35,900.0,15.0,J1645-0317_PSR,4.3852875895096295,-0.05758229049395671,J2000
./sched_archive/sched.txt,2023-06-06T11:36,2023-06-06T13:36,7200.0,120.0,J1836+51_PSR,4.87164852929992,0.9050544462556755,J2000
./sched_archive/sched.txt,2023-06-06T13:37,2023-06-06T13:59,1320.0,22.0,J2145-0750_PSR,5.6978059412292215,-0.1368075849323289,J2000
./sched_archive/sched20221307.txt,2022-07-13T14:05,2022-07-13T16:59,10440.0,174.0,Sun357,,,
./sched_archive/sched20221307.txt,2022-07-13T17:00,2022-07-13T17:59,3540.0,59.0,"FRB20200120E [2.6090272489593733, 1.2012325539587194, 'J2000'] OR(NOT_M81) J1218+47",3.224204904850858,0.824377183358655,J2000
./sched_archive/sched20221307.txt,2022-07-13T18:00,2022-07-13T18:59,3540.0,59.0,J1218+47,3.224204904850858,0.824377183358655,J2000
./sched_archive/sched20221307.txt,2022-07-13T19:00,2022-07-13T19:59,3540.0,59.0,J1336+3346,3.5629461009946066,0.5976686992463379,J2000
./sched_archive/sched20221307.txt,2022-07-13T20:00,2022-07-13T20:59,3540.0,59.0,J1538+2345,4.093238518783352,0.41453508989589766,J2000
./sched_archive/sched20221307.txt,2022-07-13T21:00,2022-07-13T21:29,1740.0,29.0,J1400+2127,3.6662247571894993,0.37398741750247533,J2000
./sched_archive/sched20221307.txt,2022-07-13T21:30,2022-07-13T23:29,7140.0,119.0,J1651+1422_PSR,4.411319684415668,0.25074563586985205,J2000
./sched_archive/sched20221307.txt,2022-07-13T23:30,2022-07-14T00:29,3540.0,59.0,J1844+21_PSR,4.9076476904515545,0.38135444156076104,J2000
./sched_archive/sched20221307.txt,2022-07-14T00:30,2022-07-14T00:59,1740.0,29.0,J1836+51_PSR,4.87164852929992,0.9050544462556755,J2000
./sched_archive/sched20221307.txt,2022-07-14T01:00,2022-07-14T01:59,3540.0,59.0,J2105+19_PSR,5.5228762517795555,0.3385938748868999,J2000
./sched_archive/sched20221307.txt,2022-07-14T02:00,2022-07-14T03:14,4440.0,74.0,J2138+69,5.667302247382087,1.2186906946154739,J2000
./sched_archive/sched20221307.txt,2022-07-14T03:15,2022-07-14T04:29,4440.0,74.0,J2215+45,5.828672481139396,0.7913371309910401,J2000
./sched_archive/sched20221307.txt,2022-07-14T04:30,2022-07-14T05:29,3540.0,59.0,J2347+02_PSR,6.230685803279596,0.050072449042166116,J2000
./sched_archive/sched20221307.txt,2022-07-14T05:30,2022-07-14T06:44,4440.0,74.0,J0146+31_PSR,0.46251225177849725,0.5451245030395623,J2000
./sched_archive/sched20221307.txt,2022-07-14T06:45,2022-07-14T13:59,26040.0,434.0,Sun357,,,
./sched_archive/sched20221307.txt,2022-07-15T10:05,2022-07-15T12:59,10440.0,174.0,Sun357,,,
./sched_archive/sched20221307.txt,2022-07-15T13:00,2022-07-15T13:59,3540.0,59.0,J0826+2637_PSR,2.2115817443598504,0.4646590067584504,J2000
./sched_archive/sched20221507.txt,2022-07-15T10:05,2022-07-15T12:59,10440.0,174.0,Sun357,,,
./sched_archive/sched20221507.txt,2022-07-15T13:00,2022-07-15T13:59,3540.0,59.0,J0826+2637_PSR,2.2115817443598504,0.4646590067584504,J2000
./sched_archive/sched2025-09-22.txt,2025-09-22T10:01,2025-09-22T11:00,3540.0,59.0,Sun357,,,
./sched_archive/sched2025-09-22.txt,2025-09-22T11:01,2025-09-22T12:00,3540.0,59.0,Sun357,,,
./sched_archive/sched2025-09-22.txt,2025-09-22T12:01,2025-09-22T13:00,3540.0,59.0,Sun357,,,
./sched_archive/sched2025-09-22.txt,2025-09-22T13:01,2025-09-22T14:00,3540.0,59.0,Sun357,,,
./sched_archive/sched2025-09-22.txt,2025-09-22T14:01,2025-09-22T15:00,3540.0,59.0,Sun357,,,
./sched_archive/sched2025-09-23.txt,2025-09-23T10:01,2025-09-23T11:00,3540.0,59.0,Sun357,,,
./sched_archive/sched2025-09-23.txt,2025-09-23T11:01,2025-09-23T12:00,3540.0,59.0,Sun357,,,
./sched_archive/sched2025-09-23.txt,2025-09-23T12:01,2025-09-23T13:00,3540.0,59.0,Sun357,,,
./sched_archive/sched2025-09-23.txt,2025-09-23T13:01,2025-09-23T14:00,3540.0,59.0,Sun357,,,
./sched_archive/sched2025-09-23.txt,2025-09-23T14:01,2025-09-23T15:00,3540.0,59.0,Sun357,,,
./sched_archive/sched2025-09-23.txt,2025-09-23T15:01,2025-09-23T16:00,3540.0,59.0,Sun357,,,
./sched_archive/sched2025-09-25.txt,2025-09-25T09:01,2025-09-25T10:00,3540.0,59.0,Sun357,,,
./sched_archive/sched2025-09-25.txt,2025-09-25T10:01,2025-09-25T11:00,3540.0,59.0,Sun357,,,
./sched_archive/sched2025-09-25.txt,2025-09-25T11:01,2025-09-25T12:00,3540.0,59.0,Sun357,,,
./sched_archive/sched2025-09-25.txt,2025-09-25T12:01,2025-09-25T13:00,3540.0,59.0,Sun357,,,
./sched_archive/sched2025-09-25.txt,2025-09-25T13:01,2025-09-25T14:00,3540.0,59.0,Sun357,,,
./sched_archive/sched2025-09-25.txt,2025-09-25T14:01,2025-09-25T15:00,3540.0,59.0,Sun357,,,
./sched_archive/sched241008.txt,2024-10-08T14:31,2024-10-08T15:30,3540.0,59.0,"FRB20240318 [2.62604, 0.656482,'J2000'",,,
./sched_archive/sched241008.txt,2024-10-08T15:31,2024-10-08T16:30,3540.0,59.0,Sun357,,,
./sched_archive/sched241008.txt,2024-10-08T16:31,2024-10-08T17:30,3540.0,59.0,"J1012+5307   [2.6727854681111443, 0.9270716946783638, 'J2000'",,,
./sched_archive/sched241009_hq.txt,2024-10-09T21:01,2024-10-09T21:30,1740.0,29.0,"J2145-0750_PSR [5.697805941281582, -0.1368075848974223, 'J2000'",,,
./sched_archive/sched241009_hq.txt,2024-10-09T21:31,2024-10-10T00:00,8940.0,149.0,FRB20240203,0.155403,0.276421,J2000
./sched_archive/sched241009_hq.txt,2024-10-10T00:01,2024-10-10T03:00,10740.0,179.0,J0311+1402,0.83486428505,0.24507040691,J2000
./sched_archive/sched241009_hq.txt,2024-10-10T03:01,2024-10-10T05:00,7140.0,119.0,FRB20201124A,1.34416,0.454845,J2000
./sched_archive/sched241009_hq.txt,2024-10-10T05:01,2024-10-10T05:30,1740.0,29.0,Crab_PSR,1.4596732110242794,0.3842252837309499,J2000
./sched_archive/sched241009_hq.txt,2024-10-10T05:31,2024-10-10T06:30,3540.0,59.0,B0656+14_PSR,1.831737303548451,0.2485125840158764,J2000
./sched_archive/sched241009_hq.txt,2024-10-10T06:31,2024-10-10T07:30,3540.0,59.0,FRB20180301A,1.62712,0.0815253,J2000
./sched_archive/sched241009_hq.txt,2024-10-10T07:31,2024-10-10T08:30,3540.0,59.0,J0549+34,1.5253450441908774,0.5936107192873269,J2000
./sched_archive/sched241009_hq.txt,2024-10-10T08:31,2024-10-10T09:59,5280.0,88.0,J0746+55,2.0367426739815624,0.964118391393294,J2000
./sched_archive/sched_06-02-2024.txt,2024-02-06T07:30,2024-02-06T08:22,3120.0,52.0,J1645-0317_PSR,4.3852875895096295,-0.05758229049395671,J2000
./sched_archive/sched_06-02-2024.txt,2024-02-06T08:23,2024-02-06T09:39,4560.0,76.0,J1732+2700,4.591961261997081,0.4686209041604775,J2000
./sched_archive/sched_06-02-2024.txt,2024-02-06T09:40,2024-02-06T12:51,11460.0,191.0,Sun357,,,
./sched_archive/sched_06-02-2024.txt,2024-02-06T12:52,2024-02-06T13:37,2700.0,45.0,J2145-0750_PSR,5.697805941281582,-0.1368075848974223,J2000
./sched_archive/sched_06-02-2024.txt,2024-02-06T13:38,2024-02-06T15:37,7140.0,119.0,Sun357,,,
./sched_archive/sched_06-02-2024.txt,2024-02-06T15:38,2024-02-06T16:22,2640.0,44.0,J0034-0534_PSR,0.1499403707045897,-0.09733420048376587,J2000
./sched_archive/sched_06-02-2024.txt,2024-02-06T16:23,2024-02-06T17:29,3960.0,66.0,J0103+54,0.27472465292560155,0.9413712871956963,J2000
./sched_archive/sched_06-02-2024.txt,2024-02-06T17:30,2024-02-06T18:29,3540.0,59.0,J0348+79,0.9961466705757633,1.3841721483885918,J2000
./sched_archive/sched_06-02-2024.txt,2024-02-06T18:30,2024-02-06T20:29,7140.0,119.0,J0746+55,2.0367426739815624,0.964118391393294,J2000
./sched_archive/sched_06-02-2024.txt,2024-02-06T20:30,2024-02-06T22:59,8940.0,149.0,J0939+45,2.528618475878951,0.7897614865274342,J2000
./sched_archive/sched_06-02-2024.txt,2024-02-06T23:00,2024-02-07T01:21,8460.0,141.0,J1005+3015,2.6466867899922453,0.5281851241238283,J2000
./sched_archive/sched_06-02-2024.txt,2024-02-07T01:22,2024-02-07T02:07,2700.0,45.0,J1022+1001_PSR,2.718205665819409,0.17508003705071412,J2000
./sched_archive/sched_06-02-2024.txt,2024-02-07T02:08,2024-02-07T03:59,6660.0,111.0,J1336+3346,3.5629461009946066,0.5976686992463379,J2000
./sched_archive/sched_06-02-2024.txt,2024-02-07T04:00,2024-02-07T05:00,3600.0,60.0,J1300+1240_PSR,3.4036180252242274,0.22134243757176436,J2000
./sched_archive/sched_06-02-2024.txt,2024-02-07T05:01,2024-02-07T06:59,7080.0,118.0,J1538+2345,4.093238518783352,0.41453508989589766,J2000
./sched_archive/sched_06-02-2024.txt,2024-02-07T07:00,2024-02-07T08:59,7140.0,119.0,J1732+2700,4.591961261997081,0.4686209041604775,J2000
./sched_archive/sched_06-02-2024.txt,2024-02-07T09:00,2024-02-07T09:40,2400.0,40.0,J1931+4229,5.110286484688845,0.741570367301345,J2000
./sched_archive/sched_06-02-2024.txt,2024-02-07T09:41,2024-02-07T12:50,11340.0,189.0,Sun357,,,
./sched_archive/sched_06-02-2024.txt,2024-02-07T12:51,2024-02-07T13:39,2880.0,48.0,J2145-0750_PSR,5.697805941281582,-0.1368075848974223,J2000
./sched_archive/sched_06-02-2024.txt,2024-02-07T13:40,2024-02-07T14:59,4740.0,79.0,Sun357,,,
./sched_archive/sched_13_01_26.txt,2026-01-13T10:30,2026-01-13T11:30,3600.0,60.0,Sun357,,,
./sched_archive/sched_13_01_26.txt,2026-01-13T11:31,2026-01-13T12:00,1740.0,29.0,Sun357,,,
./sched_archive/sched_13_01_26.txt,2026-01-13T12:01,2026-01-13T13:00,3540.0,59.0,Sun357,,,
./sched_archive/sched_13_01_26.txt,2026-01-13T13:01,2026-01-13T14:30,5340.0,89.0,Sun357,,,
./sched_archive/sched_16_01_2025.txt,2025-01-16T14:40,2025-01-16T16:40,7200.0,120.0,MTP0044,5.83982077,0.5069987,J2000
./sched_archive/sched_19-03-24.txt,2024-03-19T07:30,2024-03-19T10:06,9360.0,156.0,Sun357,,,
./sched_archive/sched_19-03-24.txt,2024-03-19T10:53,2024-03-19T12:51,7080.0,118.0,J2153+44_PSR,5.730934043027713,0.7844430804456625,J2000
./sched_archive/sched_19-03-24.txt,2024-03-19T13:38,2024-03-19T16:28,10200.0,170.0,Sun357,,,
./sched_archive/sched_19-03-24.txt,2024-03-19T16:29,2024-03-19T18:39,7800.0,130.0,J0348+79_PSR,0.9961466705757633,1.3841721483885918,J2000
./sched_archive/sched_19-03-24.txt,2024-03-19T18:40,2024-03-19T19:59,4740.0,79.0,B0656+14_PSR,1.831737303548451,0.2485125840158764,J2000
./sched_archive/sched_19-03-24.txt,2024-03-19T20:00,2024-03-19T21:04,3840.0,64.0,J0826+2637_PSR,2.2115817443598504,0.46465900675845045,J2000
./sched_archive/sched_19-03-24.txt,2024-03-19T23:23,2024-03-20T00:40,4620.0,77.0,J1136+1551_PSR,3.0370963006143885,0.2767098326392434,J2000
./sched_archive/sched_19-03-24.txt,2024-03-20T00:41,2024-03-20T02:59,8280.0,138.0,J1300+1240_PSR,3.4036180252242274,0.22134243757176436,J2000
./sched_archive/sched_19-03-24.txt,2024-03-20T03:00,2024-03-20T05:21,8460.0,141.0,J1329+1349_PSR,3.529928412158531,0.23969188394055457,J2000
./sched_archive/sched_19-03-24.txt,2024-03-20T05:38,2024-03-20T07:29,6660.0,111.0,J2111+34_PSR,5.547674471568309,0.6060316457973532,J2000
./sched_archive/sched_19-03-24.txt,2024-03-20T07:30,2024-03-20T14:59,26940.0,449.0,Sun357,,,
./sched_archive/sched_19_08_2025_01.txt,2025-08-19T05:30,2025-08-19T08:00,9000.0,150.0,J0322+5434,0.929345,0.952578,J2000
./sched_archive/sched_19_08_2025_02.txt,2025-08-19T10:00,2025-08-19T14:00,14400.0,240.0,J0826+2637_PSR,2.2115817443598504,0.4646590067584504,J2000
./sched_archive/sched_2016_01_12.txt,2026-01-12T11:30,2026-01-12T12:00,1800.0,30.0,Sun357,,,
./sched_archive/sched_2016_01_12.txt,2026-01-12T12:01,2026-01-12T13:00,3540.0,59.0,Sun357,,,
./sched_archive/sched_2016_01_12.txt,2026-01-12T13:01,2026-01-12T14:30,5340.0,89.0,Sun357,,,
./sched_archive/sched_2016_01_12.txt,2026-01-12T14:31,2026-01-12T15:30,3540.0,59.0,Sun357,,,
./sched_archive/sched_2022-04-26.txt,2022-04-26T13:45,2022-04-26T15:29,6240.0,104.0,Sun357,,,
./sched_archive/sched_2022-04-26.txt,2022-04-26T15:30,2022-04-26T15:59,1740.0,29.0,Crab_PSR,1.4596732110242794,0.3842252837309499,J2000
./sched_archive/sched_2022-04-26.txt,2022-04-26T16:00,2022-04-26T18:29,8940.0,149.0,Sun357,,,
./sched_archive/sched_2022-04-26.txt,2022-04-26T18:30,2022-04-26T18:59,1740.0,29.0,B0656+14_PSR,1.831737303548451,0.2485125840158764,J2000
./sched_archive/sched_2022-04-26.txt,2022-04-26T19:00,2022-04-26T19:29,1740.0,29.0,J0630+25,1.706059343824457,0.4430906157132493,J2000
./sched_archive/sched_2022-04-26.txt,2022-04-26T19:30,2022-04-26T19:44,840.0,14.0,J0608+16_PSR,1.6057029118347832,0.289433767622393,J2000
./sched_archive/sched_2022-04-26.txt,2022-04-26T19:45,2022-04-26T20:14,1740.0,29.0,J0826+2637_PSR,2.2115817443598504,0.46465900675845034,‘J2000’
./sched_archive/sched_2022-04-26.txt,2022-04-26T20:15,2022-04-26T20:29,840.0,14.0,J0608+16_PSR,1.6057029118347832,0.289433767622393,J2000
./sched_archive/sched_2022-04-26.txt,2022-04-26T20:30,2022-04-26T21:29,3540.0,59.0,J0939+45,2.528618475878951,0.7897614865274342,J2000
./sched_archive/sched_2022-04-26.txt,2022-04-26T21:30,2022-04-26T21:59,1740.0,29.0,J1136+1551_PSR,3.037096300614389,0.2767098326392434,‘J2000’
./sched_archive/sched_2022-04-26.txt,2022-04-26T22:00,2022-04-26T22:29,1740.0,29.0,J1300+1240_PSR,3.403618025224227,0.22134243757176436,‘J2000’
./sched_archive/sched_2022-04-26.txt,2022-04-26T22:30,2022-04-26T23:44,4440.0,74.0,J1218+47,3.224204904850858,0.824377183358655,J2000
./sched_archive/sched_2022-04-26.txt,2022-04-26T23:45,2022-04-27T00:59,4440.0,74.0,J1242+3938_PSR,3.3248522250491974,0.6917321602070859,J2000
./sched_archive/sched_2022-04-26.txt,2022-04-27T01:00,2022-04-27T01:59,3540.0,59.0,J1400+2127,3.6662247571894993,0.37398741750247533,J2000
./sched_archive/sched_2022-04-26.txt,2022-04-27T02:00,2022-04-27T02:39,2340.0,39.0,J1607-0032_PSR,4.2202104807,-0.009509751060732,‘J2000’
./sched_archive/sched_2022-04-26.txt,2022-04-27T02:40,2022-04-27T03:29,2940.0,49.0,J1645-0317_PSR,4.385288142255404,-0.057585292111204,‘J2000’
./sched_archive/sched_2022-04-26.txt,2022-04-27T03:30,2022-04-27T03:59,1740.0,29.0,J1538+2345,4.093233428239701,0.41453508989589766,J2000
./sched_archive/sched_2022-04-26.txt,2022-04-27T04:00,2022-04-27T05:29,5340.0,89.0,J1931+4229,5.110286484688845,0.741570367301345,J2000
./sched_archive/sched_2022-04-26.txt,2022-04-27T05:30,2022-04-27T05:49,1140.0,19.0,B1951+32_PSR,5.20531221260202,0.5738302241353217,J2000
./sched_archive/sched_2022-04-26.txt,2022-04-27T05:50,2022-04-27T06:29,2340.0,39.0,J2215+45,5.828447029215017,0.7925890604631511,J2000
./sched_archive/sched_2022-04-26.txt,2022-04-27T06:30,2022-04-27T06:59,1740.0,29.0,J2317+1439_PSR,6.09623363705839,0.2558419003035467,‘J2000’
./sched_archive/sched_2022-04-26.txt,2022-04-27T07:00,2022-04-27T07:29,1740.0,29.0,J2145-0750_PSR,5.69780594126745,-0.1368075848971,‘J2000’
./sched_archive/sched_2022-04-26.txt,2022-04-27T07:30,2022-04-27T13:55,23100.0,385.0,Sun357,,,
./sched_archive/sched_2022-04-29.txt,2022-04-29T07:00,2022-04-29T12:29,19740.0,329.0,Sun357,,,
./sched_archive/sched_2022-04-29.txt,2022-04-29T12:30,2022-04-29T13:29,3540.0,59.0,J0304+1932_PSR,0.8052596472566593,0.34117017459439053,‘J2000’
./sched_archive/sched_2022-04-29.txt,2022-04-29T13:30,2022-04-29T13:55,1500.0,25.0,Sun357,,,
./sched_archive/sched_2022-06-07.txt,2022-06-07T07:00,2022-06-07T07:59,3540.0,59.0,Sun357,,,
./sched_archive/sched_2022-06-07.txt,2022-06-07T10:00,2022-06-07T12:29,8940.0,149.0,Sun357,,,
./sched_archive/sched_2022-06-07.txt,2022-06-07T13:30,2022-06-07T18:59,19740.0,329.0,Sun357,,,
./sched_archive/sched_2022-06-07.txt,2022-06-07T19:00,2022-06-07T19:59,3540.0,59.0,J1218+47,3.224204904850858,0.824377183358655,J2000
./sched_archive/sched_2022-06-07.txt,2022-06-07T20:00,2022-06-07T20:59,3540.0,59.0,J1329+1349,3.529928412158531,0.23969188394055457,J2000
./sched_archive/sched_2022-06-07.txt,2022-06-07T23:00,2022-06-07T23:59,3540.0,59.0,J1336+3346,3.5629461009946066,0.5976686992463379,J2000
./sched_archive/sched_2022-06-07.txt,2022-06-08T02:30,2022-06-08T03:44,4440.0,74.0,J1931+4229,5.110286484688845,0.741570367301345,J2000
./sched_archive/sched_2022-06-07.txt,2022-06-08T03:45,2022-06-08T04:29,2640.0,44.0,J0348+79,0.9961466705757633,1.3841721483885918,J2000
./sched_archive/sched_2022-06-07.txt,2022-06-08T04:30,2022-06-08T05:44,4440.0,74.0,J2138+69,5.667302247382087,1.2186906946154739,J2000
./sched_archive/sched_2022-06-07.txt,2022-06-08T05:45,2022-06-08T12:29,24240.0,404.0,Sun357,,,
./sched_archive/sched_2022-06-07.txt,2022-06-08T13:30,2022-06-08T18:59,19740.0,329.0,Sun357,,,
./sched_archive/sched_2022-06-07.txt,2022-06-08T19:00,2022-06-08T19:59,3540.0,59.0,J1218+47,3.224204904850858,0.824377183358655,J2000
./sched_archive/sched_2022-06-07.txt,2022-06-08T20:00,2022-06-08T22:29,8940.0,149.0,J1336+3346,3.5629461009946066,0.5976686992463379,J2000
./sched_archive/sched_2022-06-07.txt,2022-06-08T22:30,2022-06-08T23:59,5340.0,89.0,J1536+1749_PSR,4.085161280449227,0.3109594950636564,J2000
./sched_archive/sched_2022-06-07.txt,2022-06-09T01:30,2022-06-09T02:29,3540.0,59.0,J1832+2758_PSR,4.8527425410659,0.4881104141410808,J2000
./sched_archive/sched_2022-06-07.txt,2022-06-09T02:30,2022-06-09T03:59,5340.0,89.0,J2000+29_PSR,5.238878021224291,0.5091474493917858,J2000
./sched_archive/sched_2022-06-07.txt,2022-06-09T04:00,2022-06-09T04:59,3540.0,59.0,J2145-0750_PSR,5.69780594126745,-0.1368075848971,‘J2000’
./sched_archive/sched_2022-06-07.txt,2022-06-09T05:00,2022-06-09T05:44,2640.0,44.0,J0054+66,0.23561944901923446,1.1664617167495435,J2000
./sched_archive/sched_2022-06-07.txt,2022-06-09T05:45,2022-06-09T12:29,24240.0,404.0,Sun357,,,
./sched_archive/sched_2022-06-07.txt,2022-06-09T13:30,2022-06-09T13:59,1740.0,29.0,Sun357,,,
./sched_archive/sched_2022-06-14.txt,2022-06-14T07:00,2022-06-14T11:29,16140.0,269.0,Sun357,,,
./sched_archive/sched_2022-06-14.txt,2022-06-14T13:30,2022-06-14T18:29,17940.0,299.0,Sun357,,,
./sched_archive/sched_2022-06-14.txt,2022-06-14T18:30,2022-06-14T19:29,3540.0,59.0,J1218+47,3.224204904850858,0.824377183358655,J2000
./sched_archive/sched_2022-06-14.txt,2022-06-14T19:30,2022-06-14T20:29,3540.0,59.0,J1329+1349,3.529928412158531,0.23969188394055457,J2000
./sched_archive/sched_2022-06-14.txt,2022-06-14T20:30,2022-06-14T22:29,7140.0,119.0,J1336+3346,3.5629461009946066,0.5976686992463379,J2000
./sched_archive/sched_2022-06-14.txt,2022-06-14T22:30,2022-06-14T23:59,5340.0,89.0,J1536+1749_PSR,4.085161280449227,0.3109594950636564,J2000
./sched_archive/sched_2022-06-14.txt,2022-06-15T00:00,2022-06-15T01:14,4440.0,74.0,J1931+4229,5.110286484688845,0.741570367301345,J2000
./sched_archive/sched_2022-06-14.txt,2022-06-15T01:15,2022-06-15T01:59,2640.0,44.0,J1832+27_PSR,4.852957798340313,0.4844353325127981,J2000
./sched_archive/sched_2022-06-14.txt,2022-06-15T02:00,2022-06-15T03:14,4440.0,74.0,J2000+29_PSR,5.238878021224291,0.5091474493917858,J2000
./sched_archive/sched_2022-06-14.txt,2022-06-15T03:15,2022-06-15T03:44,1740.0,29.0,J2202+21_PSR,5.770494839406252,0.37797373879964796,J2000
./sched_archive/sched_2022-06-14.txt,2022-06-15T03:45,2022-06-15T04:14,1740.0,29.0,J0104+64_PSR,0.2820731323903155,1.129912195107113,J2000
./sched_archive/sched_2022-06-14.txt,2022-06-15T04:15,2022-06-15T04:59,2640.0,44.0,J2215+45,5.828447029215017,0.7925890604631511,J2000
./sched_archive/sched_2022-06-14.txt,2022-06-15T05:00,2022-06-15T05:44,2640.0,44.0,J2355+15,6.262241356155655,0.27052603405912107,J2000
./sched_archive/sched_2022-06-14.txt,2022-06-15T05:45,2022-06-15T09:59,15240.0,254.0,Sun357,,,
./sched_archive/sched_2022-06-17.txt,2022-06-17T07:00,2022-06-17T11:29,16140.0,269.0,Sun357,,,
./sched_archive/sched_2022-06-17.txt,2022-06-17T13:30,2022-06-17T13:59,1740.0,29.0,Sun357,,,
./sched_archive/sched_2022-06-21.txt,2022-06-21T07:00,2022-06-21T11:29,16140.0,269.0,Sun357,,,
./sched_archive/sched_2022-06-21.txt,2022-06-21T12:30,2022-06-21T16:59,16140.0,269.0,Sun357,,,
./sched_archive/sched_2022-06-21.txt,2022-06-21T19:00,2022-06-21T20:29,5340.0,89.0,J1218+47,3.224204904850858,0.824377183358655,J2000
./sched_archive/sched_2022-06-21.txt,2022-06-21T20:30,2022-06-21T22:29,7140.0,119.0,J1336+3346,3.5629461009946066,0.5976686992463379,J2000
./sched_archive/sched_2022-06-21.txt,2022-06-21T22:30,2022-06-21T22:59,1740.0,29.0,J1400+2127,3.6662247571894993,0.37398741750247533,J2000
./sched_archive/sched_2022-06-21.txt,2022-06-21T23:00,2022-06-21T23:59,3540.0,59.0,J1917+1723,5.050546522958591,0.30339640163834763,J2000
./sched_archive/sched_2022-06-21.txt,2022-06-22T00:00,2022-06-22T01:29,5340.0,89.0,J2119+49,5.583017388921195,0.8592255907568085,J2000
./sched_archive/sched_2022-06-21.txt,2022-06-22T01:30,2022-06-22T02:44,4440.0,74.0,J2002+13,5.245223456608125,0.22776546738526002,J2000
./sched_archive/sched_2022-06-21.txt,2022-06-22T02:45,2022-06-22T03:59,4440.0,74.0,J2029+34_PSR,5.366160229360899,0.6041748093987037,J2000
./sched_archive/sched_2022-06-21.txt,2022-06-22T04:00,2022-06-22T04:44,2640.0,44.0,J2138+69,5.667302247382087,1.2186906946154739,J2000
./sched_archive/sched_2022-06-21.txt,2022-06-22T04:45,2022-06-22T05:29,2640.0,44.0,J0220+3622_PSR,0.613926836594222,0.6361531198046887,J2000
./sched_archive/sched_2022-06-21.txt,2022-06-22T05:30,2022-06-22T11:29,21540.0,359.0,Sun357,,,
./sched_archive/sched_2022-06-21.txt,2022-06-22T12:30,2022-06-22T13:59,5340.0,89.0,Sun357,,,
./sched_archive/sched_2022-06-23.txt,2022-06-23T07:00,2022-06-23T11:29,16140.0,269.0,Sun357,,,
./sched_archive/sched_2022-06-23.txt,2022-06-23T12:30,2022-06-23T13:59,5340.0,89.0,Sun357,,,
./sched_archive/sched_2022-07-19.txt,2022-07-19T08:45,2022-07-19T09:59,4440.0,74.0,Sun357,,,
./sched_archive/sched_2022-07-19.txt,2022-07-19T10:00,2022-07-19T10:29,1740.0,29.0,Crab_PSR,1.4596732110242794,0.3842252837309499,J2000
./sched_archive/sched_2022-07-19.txt,2022-07-19T10:30,2022-07-19T12:59,8940.0,149.0,Sun357,,,
./sched_archive/sched_2022-07-19.txt,2022-07-19T13:00,2022-07-19T13:59,3540.0,59.0,J0826+2637_PSR,2.2115817443598504,0.4646590067584504,J2000
./sched_archive/sched_2022-07-19.txt,2022-07-19T14:00,2022-07-19T16:59,10740.0,179.0,Sun357,,,
./sched_archive/sched_2022-07-19.txt,2022-07-19T17:00,2022-07-19T17:59,3540.0,59.0,"FRB20200120E [2.6090272489593733, 1.2012325539587194, 'J2000'] OR(NOT_M81) J1218+47",3.230943057336915,0.8248590432639309,J2000
./sched_archive/sched_2022-07-19.txt,2022-07-19T18:00,2022-07-19T18:59,3540.0,59.0,J1336+3346,3.5629461009946066,0.5976686992463379,J2000
./sched_archive/sched_2022-07-19.txt,2022-07-19T19:00,2022-07-19T19:59,3540.0,59.0,J1400+2127,3.6662247571894993,0.37398741750247533,J2000
./sched_archive/sched_2022-07-19.txt,2022-07-19T20:00,2022-07-19T21:59,7140.0,119.0,J1536+1749_PSR,4.085161280449227,0.3109594950636564,J2000
./sched_archive/sched_2022-07-19.txt,2022-07-19T22:00,2022-07-19T23:29,5340.0,89.0,J1929+42,5.101524681527258,0.7446738141842473,J2000
./sched_archive/sched_2022-07-19.txt,2022-07-19T23:30,2022-07-20T00:29,3540.0,59.0,J2002+13,5.245223456608125,0.22776546738526002,J2000
./sched_archive/sched_2022-07-19.txt,2022-07-20T00:30,2022-07-20T01:59,5340.0,89.0,J2138+69,5.667302247382087,1.2186906946154739,J2000
./sched_archive/sched_2022-07-19.txt,2022-07-20T02:00,2022-07-20T03:29,5340.0,89.0,J2202+2147,5.769840340936754,0.38019088872609813,J2000
./sched_archive/sched_2022-07-19.txt,2022-07-20T03:30,2022-07-20T03:59,1740.0,29.0,J0054+66,0.23965048401074893,1.1665753533918115,J2000
./sched_archive/sched_2022-07-19.txt,2022-07-20T04:00,2022-07-20T04:59,3540.0,59.0,J2355+15,6.262241356155655,0.27052603405912107,J2000
./sched_archive/sched_2022-07-19.txt,2022-07-20T05:00,2022-07-20T05:59,3540.0,59.0,J0013+29,0.05788675352447859,0.5204862717655756,J2000
./sched_archive/sched_2022-07-19.txt,2022-07-20T06:00,2022-07-20T06:59,3540.0,59.0,J0034+27,0.15249814339300452,0.48491064384575794,J2000
./sched_archive/sched_2022-07-19.txt,2022-07-20T07:00,2022-07-20T13:59,25140.0,419.0,Sun357,,,
./sched_archive/sched_2022-07-22.txt,2022-07-22T08:15,2022-07-22T12:59,17040.0,284.0,Sun357,,,
./sched_archive/sched_2022-07-22.txt,2022-07-22T13:00,2022-07-22T13:59,3540.0,59.0,J0826+2637_PSR,2.2115817443598504,0.4646590067584504,J2000
./sched_archive/sched_2022-07-26.txt,2022-07-26T07:00,2022-07-26T09:59,10740.0,179.0,Sun357,,,
./sched_archive/sched_2022-07-26.txt,2022-07-26T10:00,2022-07-26T10:29,1740.0,29.0,Crab_PSR,1.4596732110242794,0.3842252837309499,J2000
./sched_archive/sched_2022-07-26.txt,2022-07-26T10:30,2022-07-26T11:59,5340.0,89.0,Sun357,,,
./sched_archive/sched_2022-07-26.txt,2022-07-26T12:00,2022-07-26T12:59,3540.0,59.0,J0826+2637_PSR,2.2115817443598504,0.4646590067584504,J2000
./sched_archive/sched_2022-07-26.txt,2022-07-26T13:00,2022-07-26T16:59,14340.0,239.0,Sun357,,,
./sched_archive/sched_2022-07-26.txt,2022-07-26T17:00,2022-07-26T17:59,3540.0,59.0,"FRB20200120E [2.6090272489593733, 1.2012325539587194, 'J2000'] OR(NOT_M81) J1218+47",3.230943057336915,0.8248590432639309,J2000
./sched_archive/sched_2022-07-26.txt,2022-07-26T18:00,2022-07-26T19:29,5340.0,89.0,J1336+3346,3.5629461009946066,0.5976686992463379,J2000
./sched_archive/sched_2022-07-26.txt,2022-07-26T19:30,2022-07-26T20:59,5340.0,89.0,J1400+2127,3.6662247571894993,0.37398741750247533,J2000
./sched_archive/sched_2022-07-26.txt,2022-07-26T21:00,2022-07-26T21:44,2640.0,44.0,J1832+27_PSR,4.852957798340313,0.4844353325127981,J2000
./sched_archive/sched_2022-07-26.txt,2022-07-26T21:45,2022-07-26T22:59,4440.0,74.0,J2000+29_PSR,5.238878021224291,0.5091474493917858,J2000
./sched_archive/sched_2022-07-26.txt,2022-07-27T02:00,2022-07-27T03:59,7140.0,119.0,J2138+69,5.667302247382087,1.2186906946154739,J2000
./sched_archive/sched_2022-07-26.txt,2022-07-27T04:00,2022-07-27T04:59,3540.0,59.0,J2355+15,6.262241356155655,0.27052603405912107,J2000
./sched_archive/sched_2022-07-26.txt,2022-07-27T05:00,2022-07-27T05:29,1740.0,29.0,J0104+64_PSR,0.2820731323903155,1.129912195107113,J2000
./sched_archive/sched_2022-07-26.txt,2022-07-27T05:30,2022-07-27T06:29,3540.0,59.0,J0220+3622_PSR,0.6108652381980153,0.6347180713086045,J2000
./sched_archive/sched_2022-07-26.txt,2022-07-27T06:30,2022-07-27T11:59,19740.0,329.0,Sun357,,,
./sched_archive/sched_2022-07-26.txt,2022-07-27T12:00,2022-07-27T12:59,3540.0,59.0,J0826+2637_PSR,2.2115817443598504,0.4646590067584504,J2000
./sched_archive/sched_2022-07-26.txt,2022-07-27T13:00,2022-07-27T13:59,3540.0,59.0,Sun357,,,
./sched_archive/sched_2022-07-29.txt,2022-07-29T08:57,2022-07-29T11:59,10920.0,182.0,Sun357,,,
./sched_archive/sched_2022-07-29.txt,2022-07-29T12:00,2022-07-29T12:59,3540.0,59.0,J0826+2637_PSR,2.2115817443598504,0.4646590067584504,J2000
./sched_archive/sched_2022-07-29.txt,2022-07-29T13:00,2022-07-29T13:59,3540.0,59.0,Sun357,,,
./sched_archive/sched_2022-08-02.txt,2022-08-02T08:35,2022-08-02T09:59,5040.0,84.0,Sun357,,,
./sched_archive/sched_2022-08-02.txt,2022-08-02T10:00,2022-08-02T10:29,1740.0,29.0,Crab_PSR,1.4596732110242794,0.3842252837309499,J2000
./sched_archive/sched_2022-08-02.txt,2022-08-02T10:30,2022-08-02T11:59,5340.0,89.0,Sun357,,,
./sched_archive/sched_2022-08-02.txt,2022-08-02T12:00,2022-08-02T12:59,3540.0,59.0,J0826+2637_PSR,2.2115817443598504,0.4646590067584504,J2000
./sched_archive/sched_2022-08-02.txt,2022-08-02T13:00,2022-08-02T15:29,8940.0,149.0,Sun357,,,
./sched_archive/sched_2022-08-02.txt,2022-08-02T15:30,2022-08-02T16:59,5340.0,89.0,"FRB20200120E [2.6090272489593733, 1.2012325539587194, 'J2000'] OR(NOT_M81) J1218+47",3.230943057336915,0.8248590432639309,J2000
./sched_archive/sched_2022-08-02.txt,2022-08-02T17:00,2022-08-02T19:29,8940.0,149.0,J1336+3346,3.5629461009946066,0.5976686992463379,J2000
./sched_archive/sched_2022-08-02.txt,2022-08-02T19:30,2022-08-02T20:59,5340.0,89.0,J1400+2127,3.6662247571894993,0.37398741750247533,J2000
./sched_archive/sched_2022-08-02.txt,2022-08-02T21:00,2022-08-02T21:44,2640.0,44.0,J1849+15,4.925910379412111,0.2666674019711703,J2000
./sched_archive/sched_2022-08-02.txt,2022-08-02T21:45,2022-08-02T22:59,4440.0,74.0,J2138+69,5.667302247382087,1.2186906946154739,J2000
./sched_archive/sched_2022-08-02.txt,2022-08-03T02:00,2022-08-03T03:59,7140.0,119.0,J2138+69,5.667302247382087,1.2186906946154739,J2000
./sched_archive/sched_2022-08-02.txt,2022-08-03T04:00,2022-08-03T04:59,3540.0,59.0,J2355+15,6.262241356155655,0.27052603405912107,J2000
./sched_archive/sched_2022-08-02.txt,2022-08-03T05:00,2022-08-03T05:29,1740.0,29.0,J2325-0530,6.131581645028229,-0.09618218619532085,J2000
./sched_archive/sched_2022-08-02.txt,2022-08-03T05:30,2022-08-03T06:29,3540.0,59.0,J0348+79,0.9961466705757633,1.3841721483885918,J2000
./sched_archive/sched_2022-08-02.txt,2022-08-03T06:30,2022-08-03T12:59,23340.0,389.0,Sun357,,,
./sched_archive/sched_2022-08-02.txt,2022-08-03T13:00,2022-08-03T13:59,3540.0,59.0,J1005+3015,2.6466867899922453,0.5281851241238283,J2000
./sched_archive/sched_2022-08-09.txt,2022-08-09T08:00,2022-08-09T09:59,7140.0,119.0,Sun357,,,
./sched_archive/sched_2022-08-09.txt,2022-08-09T10:00,2022-08-09T10:29,1740.0,29.0,Crab_PSR,1.4596732110242794,0.3842252837309499,J2000
./sched_archive/sched_2022-08-09.txt,2022-08-09T10:30,2022-08-09T11:59,5340.0,89.0,Sun357,,,
./sched_archive/sched_2022-08-09.txt,2022-08-09T12:00,2022-08-09T12:59,3540.0,59.0,J0826+2637_PSR,2.2115817443598504,0.4646590067584504,J2000
./sched_archive/sched_2022-08-09.txt,2022-08-09T13:00,2022-08-09T15:29,8940.0,149.0,Sun357,,,
./sched_archive/sched_2022-08-09.txt,2022-08-09T15:30,2022-08-09T16:59,5340.0,89.0,"FRB20200120E [2.6090272489593733, 1.2012325539587194, 'J2000'] OR(NOT_M81) J1218+47",3.230943057336915,0.8248590432639309,J2000
./sched_archive/sched_2022-08-09.txt,2022-08-09T17:00,2022-08-09T19:29,8940.0,149.0,J1336+3346,3.5629461009946066,0.5976686992463379,J2000
./sched_archive/sched_2022-08-09.txt,2022-08-09T19:30,2022-08-09T20:44,4440.0,74.0,J1400+2127,3.6662247571894993,0.37398741750247533,J2000
./sched_archive/sched_2022-08-09.txt,2022-08-09T20:45,2022-08-09T21:59,4440.0,74.0,J2002+13,5.245223456608125,0.22776546738526002,J2000
./sched_archive/sched_2022-08-09.txt,2022-08-09T22:00,2022-08-09T23:59,7140.0,119.0,J2052+1308,5.466298495194073,0.21496638620396824,J2000
./sched_archive/sched_2022-08-09.txt,2022-08-10T00:00,2022-08-10T01:29,5340.0,89.0,J2105+1917,5.521058200475395,0.3377212102609028,J2000
./sched_archive/sched_2022-08-09.txt,2022-08-10T01:30,2022-08-10T02:59,5340.0,89.0,J2107+2606,5.530512067257031,0.45553093477052004,J2000
./sched_archive/sched_2022-08-09.txt,2022-08-10T03:00,2022-08-10T04:29,5340.0,89.0,J2146+2148,5.698500007761485,0.38048177693476387,J2000
./sched_archive/sched_2022-08-09.txt,2022-08-10T04:30,2022-08-10T06:14,6240.0,104.0,J0034+27,0.15249814339300452,0.48491064384575794,J2000
./sched_archive/sched_2022-08-09.txt,2022-08-10T06:15,2022-08-10T06:55,2400.0,40.0,J0103+54,0.27472465292560155,0.9413712871956963,J2000
./sched_archive/sched_2022-08-09.txt,2022-08-10T10:10,2022-08-10T13:59,13740.0,229.0,Sun357,,,
./sched_archive/sched_2022-08-12.txt,2022-08-12T12:00,2022-08-12T13:09,4140.0,69.0,Sun357,,,
./sched_archive/sched_2022-08-12.txt,2022-08-12T13:10,2022-08-12T13:49,2340.0,39.0,J1022+1001_PSR,2.718205665819409,0.17508003705071412,‘J2000’
./sched_archive/sched_2022-08-12.txt,2022-08-12T13:50,2022-08-12T16:59,11340.0,189.0,Sun357,,,
./sched_archive/sched_2022-08-12.txt,2022-08-12T17:00,2022-08-12T18:59,7140.0,119.0,J1336+3346,3.5629461009946066,0.5976686992463379,J2000
./sched_archive/sched_2022-08-12.txt,2022-08-12T19:00,2022-08-12T20:59,7140.0,119.0,J1550+0943,4.148574909938354,0.1695878256521157,J2000
./sched_archive/sched_2022-08-12.txt,2022-08-12T21:00,2022-08-12T21:39,2340.0,39.0,J2002+13,5.245223456608125,0.22776546738526002,J2000
./sched_archive/sched_2022-08-12.txt,2022-08-12T21:40,2022-08-12T23:19,5940.0,99.0,J2052+1308,5.466298495194073,0.21496638620396824,J2000
./sched_archive/sched_2022-08-12.txt,2022-08-12T23:20,2022-08-13T00:59,5940.0,99.0,J2105+1917,5.521058200475395,0.3377212102609028,J2000
./sched_archive/sched_2022-08-12.txt,2022-08-13T01:00,2022-08-13T03:14,8040.0,134.0,J2107+2606,5.530512067257031,0.45553093477052004,J2000
./sched_archive/sched_2022-08-12.txt,2022-08-13T03:15,2022-08-13T04:29,4440.0,74.0,J2146+2148,5.698500007761485,0.38048177693476387,J2000
./sched_archive/sched_2022-08-12.txt,2022-08-13T04:30,2022-08-13T06:14,6240.0,104.0,J0034+27,0.15249814339300452,0.48491064384575794,J2000
./sched_archive/sched_2022-08-12.txt,2022-08-13T06:15,2022-08-13T13:59,27840.0,464.0,Sun357,,,
./sched_archive/sched_2022-08-12.txt,2022-08-13T14:00,2022-08-13T14:59,3540.0,59.0,J1136+1551_PSR,3.037096300614389,0.2767098326392434,‘J2000’
./sched_archive/sched_2022-08-15.txt,2022-08-16T08:35,2022-08-16T09:59,5040.0,84.0,Sun357,,,
./sched_archive/sched_2022-08-15.txt,2022-08-16T10:00,2022-08-16T10:29,1740.0,29.0,Crab_PSR,1.4596732110242794,0.3842252837309499,J2000
./sched_archive/sched_2022-08-15.txt,2022-08-16T10:30,2022-08-16T11:59,5340.0,89.0,Sun357,,,
./sched_archive/sched_2022-08-15.txt,2022-08-16T12:00,2022-08-16T12:59,3540.0,59.0,J1022+1001_PSR,2.718205665819409,0.17508003705071412,J2000
./sched_archive/sched_2022-08-15.txt,2022-08-16T13:00,2022-08-16T16:29,12540.0,209.0,Sun357,,,
./sched_archive/sched_2022-08-15.txt,2022-08-16T16:30,2022-08-16T18:29,7140.0,119.0,J1336+3346,3.5629461009946066,0.5976686992463379,J2000
./sched_archive/sched_2022-08-15.txt,2022-08-16T18:30,2022-08-16T21:39,11340.0,189.0,J1550+0943,4.148574909938354,0.1695878256521157,J2000
./sched_archive/sched_2022-08-15.txt,2022-08-16T21:40,2022-08-17T02:59,19140.0,319.0,J2047+1259,5.444336435439812,0.2266019145505971,J2000
./sched_archive/sched_2022-08-15.txt,2022-08-17T03:00,2022-08-17T04:29,5340.0,89.0,J2146+2148,5.698500007761485,0.38048177693476387,J2000
./sched_archive/sched_2022-08-15.txt,2022-08-17T04:30,2022-08-17T06:14,6240.0,104.0,J0034+27,0.15249814339300452,0.48491064384575794,J2000
./sched_archive/sched_2022-08-15.txt,2022-08-17T06:15,2022-08-17T06:55,2400.0,40.0,J0103+54,0.27472465292560155,0.9413712871956963,J2000
./sched_archive/sched_2022-08-15.txt,2022-08-17T10:10,2022-08-17T13:59,13740.0,229.0,Sun357,,,
./sched_archive/sched_2022-08-25.txt,2022-08-25T18:00,2022-08-25T19:29,5340.0,89.0,J1336+3346,3.5629461009946066,0.5976686992463379,J2000
./sched_archive/sched_2022-08-25.txt,2022-08-25T19:30,2022-08-25T19:59,1740.0,29.0,J1400+2127,3.6662247571894993,0.37398741750247533,J2000
./sched_archive/sched_2022-08-25.txt,2022-08-25T20:00,2022-08-25T20:59,3540.0,59.0,J1538+2345,4.093238518783352,0.41453508989589766,J2000
./sched_archive/sched_2022-08-25.txt,2022-08-25T21:00,2022-08-25T22:29,5340.0,89.0,J1931+4229,5.110286484688845,0.741570367301345,J2000
./sched_archive/sched_2022-08-25.txt,2022-08-25T22:30,2022-08-25T23:59,5340.0,89.0,J2138+69,5.667302247382087,1.2186906946154739,J2000
./sched_archive/sched_2022-08-25.txt,2022-08-26T00:00,2022-08-26T01:29,5340.0,89.0,J2215+45,5.828447029215017,0.7925890604631511,J2000
./sched_archive/sched_2022-08-25.txt,2022-08-26T01:30,2022-08-26T02:14,2640.0,44.0,J2325-0530,6.131581645028229,-0.09618218619532085,J2000
./sched_archive/sched_2022-08-25.txt,2022-08-26T02:15,2022-08-26T03:59,6240.0,104.0,J2355+15,6.262241356155655,0.27052603405912107,J2000
./sched_archive/sched_2022-08-25.txt,2022-08-26T04:00,2022-08-26T04:59,3540.0,59.0,J0054+66,0.23561944901923446,1.1664617167495435,J2000
./sched_archive/sched_2022-08-25.txt,2022-08-26T05:00,2022-08-26T06:29,5340.0,89.0,J0355+28_PSR,1.0297198240671264,0.5020352326899089,J2000
./sched_archive/sched_2022-08-25.txt,2022-08-26T06:30,2022-08-26T07:59,5340.0,89.0,J0146+31_PSR,0.46251225177849725,0.5451245030395623,J2000
./sched_archive/sched_2022-08-25.txt,2022-08-26T08:00,2022-08-26T08:29,1740.0,29.0,J0608+16_PSR,1.6057029118347832,0.289433767622393,J2000
./sched_archive/sched_2022-08-25.txt,2022-08-26T08:30,2022-08-26T08:59,1740.0,29.0,Crab_PSR,1.4596732110242794,0.3842252837309499,J2000
./sched_archive/sched_2022-08-25.txt,2022-08-26T09:00,2022-08-26T10:29,5340.0,89.0,Sun357,,,
./sched_archive/sched_2022-08-25.txt,2022-08-26T10:30,2022-08-26T11:29,3540.0,59.0,J0826+2637_PSR,2.2115817443598504,0.4646590067584504,J2000
./sched_archive/sched_2022-08-25.txt,2022-08-26T11:30,2022-08-26T11:59,1740.0,29.0,Sun357,,,
./sched_archive/sched_2022-08-25.txt,2022-08-26T12:00,2022-08-26T12:59,3540.0,59.0,J1022+1001_PSR,2.718205665819409,0.17508003705071412,J2000
./sched_archive/sched_2022-08-25.txt,2022-08-26T13:00,2022-08-26T16:59,14340.0,239.0,Sun357,,,
./sched_archive/sched_2022-08-26.txt,2022-08-26T17:03,2022-08-26T19:29,8760.0,146.0,J1336+3346,3.5629461009946066,0.5976686992463379,J2000
./sched_archive/sched_2022-08-26.txt,2022-08-26T19:30,2022-08-26T20:29,3540.0,59.0,J1400+2127,3.6662247571894993,0.37398741750247533,J2000
./sched_archive/sched_2022-08-26.txt,2022-08-26T20:30,2022-08-26T20:59,1740.0,29.0,J1538+2345,4.093238518783352,0.41453508989589766,J2000
./sched_archive/sched_2022-08-26.txt,2022-08-26T21:00,2022-08-26T22:29,5340.0,89.0,J1931+4229,5.110286484688845,0.741570367301345,J2000
./sched_archive/sched_2022-08-26.txt,2022-08-26T22:30,2022-08-26T23:59,5340.0,89.0,J2138+69,5.667302247382087,1.2186906946154739,J2000
./sched_archive/sched_2022-08-26.txt,2022-08-27T00:00,2022-08-27T01:29,5340.0,89.0,J2105+1917,5.521858143049226,0.3346668840699127,J2000
./sched_archive/sched_2022-08-26.txt,2022-08-27T01:30,2022-08-27T02:59,5340.0,89.0,J2252+2451,5.988151941540377,0.43382582626724614,J2000
./sched_archive/sched_2022-08-26.txt,2022-08-27T03:00,2022-08-27T03:59,3540.0,59.0,J2355+15,6.262241356155655,0.27052603405912107,J2000
./sched_archive/sched_2022-08-26.txt,2022-08-27T04:00,2022-08-27T04:59,3540.0,59.0,J0139+3310,0.43613087285590374,0.5867200623795394,J2000
./sched_archive/sched_2022-08-26.txt,2022-08-27T05:00,2022-08-27T06:29,5340.0,89.0,J0355+28_PSR,1.0297198240671264,0.5020352326899089,J2000
./sched_archive/sched_2022-08-26.txt,2022-08-27T06:30,2022-08-27T07:59,5340.0,89.0,J0746+55,2.0367426739815624,0.964118391393294,J2000
./sched_archive/sched_2022-08-26.txt,2022-08-27T08:00,2022-08-27T08:59,3540.0,59.0,J0608+16_PSR,1.6057029118347832,0.289433767622393,J2000
./sched_archive/sched_2022-08-26.txt,2022-08-27T09:00,2022-08-27T16:29,26940.0,449.0,Sun357,,,
./sched_archive/sched_2022-08-27.txt,2022-08-27T16:33,2022-08-27T16:59,1560.0,26.0,J1336+3346,3.5629461009946066,0.5976686992463379,J2000
./sched_archive/sched_2022-08-27.txt,2022-08-27T17:00,2022-08-27T17:59,3540.0,59.0,J1242+3938_PSR,3.3248522250491974,0.6917321602070859,J2000
./sched_archive/sched_2022-08-27.txt,2022-08-27T18:00,2022-08-27T19:29,5340.0,89.0,J1536+1749_PSR,4.085161280449227,0.3109594950636564,J2000
./sched_archive/sched_2022-08-27.txt,2022-08-27T19:30,2022-08-27T21:14,6240.0,104.0,J1836+51_PSR,4.87164852929992,0.9050544462556755,J2000
./sched_archive/sched_2022-08-27.txt,2022-08-27T21:15,2022-08-27T22:29,4440.0,74.0,J1832+27_PSR,4.852957798340313,0.4844353325127981,J2000
./sched_archive/sched_2022-08-27.txt,2022-08-27T22:30,2022-08-27T23:59,5340.0,89.0,J2000+29_PSR,5.238878021224291,0.5091474493917858,J2000
./sched_archive/sched_2022-08-27.txt,2022-08-28T00:00,2022-08-28T01:29,5340.0,89.0,J2202+2147,5.769840340936754,0.38019088872609813,J2000
./sched_archive/sched_2022-08-27.txt,2022-08-28T01:30,2022-08-28T02:29,3540.0,59.0,J2347+02_PSR,6.230685803279596,0.050072449042166116,J2000
./sched_archive/sched_2022-08-27.txt,2022-08-28T02:30,2022-08-28T03:29,3540.0,59.0,J0104+64_PSR,0.2820731323903155,1.129912195107113,J2000
./sched_archive/sched_2022-08-27.txt,2022-08-28T04:30,2022-08-28T05:59,5340.0,89.0,J0227+33,0.6420332084614374,0.5917811104613409,J2000
./sched_archive/sched_2022-08-27.txt,2022-08-28T06:00,2022-08-28T07:29,5340.0,89.0,J0220+3622_PSR,0.6108652381980153,0.6347180713086045,J2000
./sched_archive/sched_2022-08-27.txt,2022-08-28T07:30,2022-08-28T16:29,32340.0,539.0,Sun357,,,
./sched_archive/sched_2022-08-28.txt,2022-08-28T16:33,2022-08-28T19:29,10560.0,176.0,J1336+3346,3.5629461009946066,0.5976686992463379,J2000
./sched_archive/sched_2022-08-28.txt,2022-08-28T19:30,2022-08-28T20:29,3540.0,59.0,J1400+2127,3.6662247571894993,0.37398741750247533,J2000
./sched_archive/sched_2022-08-28.txt,2022-08-28T20:30,2022-08-28T20:59,1740.0,29.0,J1849+15,4.925910379412111,0.2666674019711703,J2000
./sched_archive/sched_2022-08-28.txt,2022-08-28T21:00,2022-08-28T22:29,5340.0,89.0,J1931+4229,5.110286484688845,0.741570367301345,J2000
./sched_archive/sched_2022-08-28.txt,2022-08-28T22:30,2022-08-29T00:14,6240.0,104.0,J2253+1237_PSR,5.990842657470536,0.22020237395995126,J2000
./sched_archive/sched_2022-08-28.txt,2022-08-29T00:15,2022-08-29T02:59,9840.0,164.0,J2252+2451,5.988151941540377,0.43382582626724614,J2000
./sched_archive/sched_2022-08-28.txt,2022-08-29T03:00,2022-08-29T04:29,5340.0,89.0,J2355+15,6.262241356155655,0.27052603405912107,J2000
./sched_archive/sched_2022-08-28.txt,2022-08-29T04:30,2022-08-29T05:29,3540.0,59.0,J0109+11_PSR,0.3063052837250049,0.1980948701013564,J2000
./sched_archive/sched_2022-08-28.txt,2022-08-29T05:30,2022-08-29T07:29,7140.0,119.0,J0746+55,2.0367426739815624,0.964118391393294,J2000
./sched_archive/sched_2022-08-28.txt,2022-08-29T07:30,2022-08-29T16:29,32340.0,539.0,Sun357,,,
./sched_archive/sched_2022-08-30.txt,2022-08-30T16:33,2022-08-30T17:14,2460.0,41.0,Sun357,,,
./sched_archive/sched_2022-08-30.txt,2022-08-30T17:15,2022-08-30T17:59,2640.0,44.0,J1400+2127,3.6662247571894993,0.37398741750247533,J2000
./sched_archive/sched_2022-08-30.txt,2022-08-30T18:00,2022-08-30T19:59,7140.0,119.0,J1536+1749_PSR,4.085161280449227,0.3109594950636564,J2000
./sched_archive/sched_2022-08-30.txt,2022-08-30T20:00,2022-08-30T20:29,1740.0,29.0,J1538+2345,4.093238518783352,0.41453508989589766,J2000
./sched_archive/sched_2022-08-30.txt,2022-08-30T20:30,2022-08-30T21:14,2640.0,44.0,J1849+15,4.925910379412111,0.2666674019711703,J2000
./sched_archive/sched_2022-08-30.txt,2022-08-30T21:15,2022-08-30T22:29,4440.0,74.0,J1931+4229,5.110286484688845,0.741570367301345,J2000
./sched_archive/sched_2022-08-30.txt,2022-08-31T00:30,2022-08-31T01:29,3540.0,59.0,J2215+45,5.828447029215017,0.7925890604631511,J2000
./sched_archive/sched_2022-08-30.txt,2022-08-31T01:30,2022-08-31T02:14,2640.0,44.0,J0146+31_PSR,0.46251225177849725,0.5451245030395623,J2000
./sched_archive/sched_2022-08-30.txt,2022-08-31T02:15,2022-08-31T02:29,840.0,14.0,J2334+20,6.171484235051949,0.35633805561550896,J2000
./sched_archive/sched_2022-08-30.txt,2022-08-31T03:30,2022-08-31T04:29,3540.0,59.0,J0156+04,0.506218205130522,0.07039494649710462,J2000
./sched_archive/sched_2022-08-30.txt,2022-08-31T04:30,2022-08-31T05:59,5340.0,89.0,J0355+28_PSR,1.0297198240671264,0.5020352326899089,J2000
./sched_archive/sched_2022-08-30.txt,2022-08-31T07:00,2022-08-31T07:29,1740.0,29.0,J0608+16_PSR,1.6057029118347832,0.289433767622393,J2000
./sched_archive/sched_2022-08-31.txt,2022-09-01T11:08,2022-09-01T11:59,3060.0,51.0,J1022+1001_PSR  STARTSTOP,2.718205665819409,0.17508003705071412,J2000
./sched_archive/sched_2022-08-31.txt,2022-09-01T12:00,2022-09-01T15:59,14340.0,239.0,Sun357,,,
./sched_archive/sched_2022-09-01.txt,2022-09-02T17:30,2022-09-02T18:29,3540.0,59.0,J1336+3346,3.5629461009946066,0.5976686992463379,J2000
./sched_archive/sched_2022-09-01.txt,2022-09-03T00:30,2022-09-03T02:29,7140.0,119.0,J2138+69,5.667302247382087,1.2186906946154739,J2000
./sched_archive/sched_2022-09-01.txt,2022-09-03T02:30,2022-09-03T04:29,7140.0,119.0,J2355+15,6.262241356155655,0.27052603405912107,J2000
./sched_archive/sched_2022-09-07.txt,2022-09-08T07:00,2022-09-08T08:59,7140.0,119.0,Sun357,,,
./sched_archive/sched_2022-09-07.txt,2022-09-08T09:00,2022-09-08T09:59,3540.0,59.0,J1005+3015,2.6466867899922453,0.5281851241238283,J2000
./sched_archive/sched_2022-09-07.txt,2022-09-08T10:00,2022-09-08T10:59,3540.0,59.0,Sun357,,,
./sched_archive/sched_2022-09-07.txt,2022-09-08T11:00,2022-09-08T11:59,3540.0,59.0,J1022+1001_PSR,2.718205665819409,0.17508003705071412,J2000
./sched_archive/sched_2022-09-07.txt,2022-09-08T18:00,2022-09-08T19:29,5340.0,89.0,J1639+21,4.3618686889424945,0.38382699133441966,J2000
./sched_archive/sched_2022-09-07.txt,2022-09-08T19:30,2022-09-08T20:59,5340.0,89.0,J1737+24,4.612832490968846,0.43255076628592803,J2000
./sched_archive/sched_2022-09-07.txt,2022-09-08T21:00,2022-09-08T22:29,5340.0,89.0,J1907+34,5.006622403450066,0.609119908946021,J2000
./sched_archive/sched_2022-09-07.txt,2022-09-08T22:30,2022-09-08T23:59,5340.0,89.0,J2107+26,5.530802955465697,0.4552400465618543,J2000
./sched_archive/sched_2022-09-07.txt,2022-09-09T00:00,2022-09-09T01:29,5340.0,89.0,J2329+04,6.148015672537096,0.07828097673941069,J2000
./sched_archive/sched_2022-09-07.txt,2022-09-09T01:30,2022-09-09T03:59,8940.0,149.0,J2357+24,6.273513274241451,0.4348778719552538,J2000
./sched_archive/sched_2022-09-07.txt,2022-09-09T04:00,2022-09-09T05:59,7140.0,119.0,J0327+09,0.9074274759009443,0.16729243988750386,J2000
./sched_archive/sched_2022-09-07.txt,2022-09-09T06:00,2022-09-09T06:59,3540.0,59.0,J0746+55,2.0367426739815624,0.964118391393294,J2000
./sched_archive/sched_2022-09-07.txt,2022-09-09T07:00,2022-09-09T13:59,25140.0,419.0,Sun357,,,
./sched_archive/sched_2022-09-13.txt,2022-09-13T07:00,2022-09-13T10:59,14340.0,239.0,Sun357,,,
./sched_archive/sched_2022-09-13.txt,2022-09-13T11:00,2022-09-13T11:59,3540.0,59.0,J1022+1001_PSR,2.718205665819409,0.17508003705071412,J2000
./sched_archive/sched_2022-09-13.txt,2022-09-13T17:30,2022-09-13T19:14,6240.0,104.0,J1639+21,4.3618686889424945,0.38382699133441966,J2000
./sched_archive/sched_2022-09-13.txt,2022-09-13T19:15,2022-09-13T20:59,6240.0,104.0,J1737+24,4.612832490968846,0.43255076628592803,J2000
./sched_archive/sched_2022-09-13.txt,2022-09-13T21:00,2022-09-13T22:44,6240.0,104.0,J1907+34,5.006622403450066,0.609119908946021,J2000
./sched_archive/sched_2022-09-13.txt,2022-09-13T22:45,2022-09-14T00:29,6240.0,104.0,J2107+26,5.530802955465697,0.4552400465618543,J2000
./sched_archive/sched_2022-09-13.txt,2022-09-14T00:30,2022-09-14T01:29,3540.0,59.0,J2329+04,6.148015672537096,0.07828097673941069,J2000
./sched_archive/sched_2022-09-13.txt,2022-09-14T01:30,2022-09-14T02:59,5340.0,89.0,J0054+66,0.23965048401074893,1.1665753533918115,J2000
./sched_archive/sched_2022-09-13.txt,2022-09-14T03:00,2022-09-14T05:29,8940.0,149.0,J0348+79,0.9961466705757633,1.3841721483885918,J2000
./sched_archive/sched_2022-09-13.txt,2022-09-14T05:30,2022-09-14T06:59,5340.0,89.0,J0746+55,2.0367426739815624,0.964118391393294,J2000
./sched_archive/sched_2022-09-13.txt,2022-09-14T07:00,2022-09-14T12:59,21540.0,359.0,Sun357,,,
./sched_archive/sched_2022-09-13.txt,2022-09-14T13:00,2022-09-14T13:59,3540.0,59.0,J1336+3346,3.5629461009946066,0.5976686992463379,J2000
./sched_archive/sched_2022-09-16.txt,2022-09-16T07:00,2022-09-16T07:29,1740.0,29.0,J0746+55,2.0367426739815624,0.964118391393294,J2000
./sched_archive/sched_2022-09-16.txt,2022-09-16T07:30,2022-09-16T11:59,16140.0,269.0,Sun357,,,
./sched_archive/sched_2022-09-16.txt,2022-09-16T12:00,2022-09-16T12:59,3540.0,59.0,J1136+1551_PSR,3.0370963006143885,0.2767098326392434,J2000
./sched_archive/sched_2022-09-16.txt,2022-09-16T13:00,2022-09-16T13:59,3540.0,59.0,J1300+1240_PSR,3.4036180252242274,0.22134243757176436,J2000
./sched_archive/sched_2022-09-20.txt,2022-09-20T07:00,2022-09-20T11:59,17940.0,299.0,Sun357,,,
./sched_archive/sched_2022-09-20.txt,2022-09-20T12:00,2022-09-20T12:59,3540.0,59.0,J1136+1551_PSR,3.0370963006143885,0.2767098326392434,J2000
./sched_archive/sched_2022-09-20.txt,2022-09-20T13:00,2022-09-20T13:59,3540.0,59.0,J1300+1240_PSR,3.4036180252242274,0.22134243757176436,J2000
./sched_archive/sched_2022-09-20.txt,2022-09-20T17:30,2022-09-20T19:14,6240.0,104.0,J1639+21,4.3618686889424945,0.38382699133441966,J2000
./sched_archive/sched_2022-09-20.txt,2022-09-20T19:15,2022-09-20T20:59,6240.0,104.0,J1737+24,4.612832490968846,0.43255076628592803,J2000
./sched_archive/sched_2022-09-20.txt,2022-09-20T21:00,2022-09-20T22:44,6240.0,104.0,J1907+34,5.006622403450066,0.609119908946021,J2000
./sched_archive/sched_2022-09-20.txt,2022-09-20T22:45,2022-09-21T00:29,6240.0,104.0,J2107+26,5.530802955465697,0.4552400465618543,J2000
./sched_archive/sched_2022-09-20.txt,2022-09-21T00:30,2022-09-21T01:29,3540.0,59.0,J2329+04,6.148015672537096,0.07828097673941069,J2000
./sched_archive/sched_2022-09-20.txt,2022-09-21T01:30,2022-09-21T02:59,5340.0,89.0,J0054+66,0.23965048401074893,1.1665753533918115,J2000
./sched_archive/sched_2022-09-20.txt,2022-09-21T03:00,2022-09-21T05:29,8940.0,149.0,J0348+79,0.9961466705757633,1.3841721483885918,J2000
./sched_archive/sched_2022-09-20.txt,2022-09-21T05:30,2022-09-21T07:29,7140.0,119.0,J0746+55,2.0367426739815624,0.964118391393294,J2000
./sched_archive/sched_2022-09-20.txt,2022-09-21T07:30,2022-09-21T13:59,23340.0,389.0,Sun357,,,
./sched_archive/sched_2022-09-20_new.txt,2022-09-20T19:15,2022-09-20T20:59,6240.0,104.0,J1737+24,4.612832490968846,0.43255076628592803,J2000
./sched_archive/sched_2022-09-20_new.txt,2022-09-20T21:00,2022-09-20T22:44,6240.0,104.0,J1907+34,5.006622403450066,0.609119908946021,J2000
./sched_archive/sched_2022-09-20_new.txt,2022-09-20T22:45,2022-09-21T00:29,6240.0,104.0,J2107+26,5.530802955465697,0.4552400465618543,J2000
./sched_archive/sched_2022-09-20_new.txt,2022-09-21T00:30,2022-09-21T01:29,3540.0,59.0,J2329+04,6.148015672537096,0.07828097673941069,J2000
./sched_archive/sched_2022-09-20_new.txt,2022-09-21T01:30,2022-09-21T02:59,5340.0,89.0,J0054+66,0.23965048401074893,1.1665753533918115,J2000
./sched_archive/sched_2022-09-20_new.txt,2022-09-21T03:00,2022-09-21T05:29,8940.0,149.0,J0348+79,0.9961466705757633,1.3841721483885918,J2000
./sched_archive/sched_2022-09-20_new.txt,2022-09-21T05:30,2022-09-21T07:29,7140.0,119.0,J0746+55,2.0367426739815624,0.964118391393294,J2000
./sched_archive/sched_2022-09-20_new.txt,2022-09-21T07:30,2022-09-21T13:59,23340.0,389.0,Sun357,,,
./sched_archive/sched_2022-09-22.txt,2022-09-22T13:00,2022-09-22T13:29,1740.0,29.0,J1336+3346,3.5629461009946066,0.5976686992463379,J2000
./sched_archive/sched_2022-09-22.txt,2022-09-22T13:30,2022-09-22T14:29,3540.0,59.0,J1400-1431_PSR,3.6651914291880914,-0.25336362974784354,J2000
./sched_archive/sched_2022-09-22.txt,2022-09-22T14:30,2022-09-22T15:29,3540.0,59.0,J1336+3346,3.5629461009946066,0.5976686992463379,J2000
./sched_archive/sched_2022-09-22.txt,2022-09-22T15:30,2022-09-22T17:14,6240.0,104.0,Sun357,,,
./sched_archive/sched_2022-09-22.txt,2022-09-22T17:30,2022-09-22T18:59,5340.0,89.0,J1639+21,4.3618686889424945,0.38382699133441966,J2000
./sched_archive/sched_2022-09-22.txt,2022-09-22T19:00,2022-09-22T21:29,8940.0,149.0,J1722+31,4.547891698384224,0.5491969379608823,J2000
./sched_archive/sched_2022-09-22.txt,2022-09-22T21:30,2022-09-22T23:29,7140.0,119.0,J2000+29_PSR,5.238878021224291,0.5091474493917858,J2000
./sched_archive/sched_2022-09-22.txt,2022-09-22T23:30,2022-09-23T00:29,3540.0,59.0,J2202+2147,5.769840340936754,0.38019088872609813,J2000
./sched_archive/sched_2022-09-22.txt,2022-09-23T00:30,2022-09-23T01:29,3540.0,59.0,J2347+02_PSR,6.230685803279596,0.050072449042166116,J2000
./sched_archive/sched_2022-09-22.txt,2022-09-23T01:30,2022-09-23T02:59,5340.0,89.0,J2355+15,6.262241356155655,0.27052603405912107,J2000
./sched_archive/sched_2022-09-22.txt,2022-09-23T03:00,2022-09-23T05:44,9840.0,164.0,J0348+79,0.9961466705757633,1.3841721483885918,J2000
./sched_archive/sched_2022-09-22.txt,2022-09-23T05:45,2022-09-23T06:14,1740.0,29.0,Crab_PSR,1.4596732110242794,0.3842252837309499,J2000
./sched_archive/sched_2022-09-22.txt,2022-09-23T06:15,2022-09-23T07:39,5040.0,84.0,J0348+79,0.9961466705757633,1.3841721483885918,J2000
./sched_archive/sched_2022-09-22.txt,2022-09-23T07:40,2022-09-23T13:59,22740.0,379.0,Sun357,,,
./sched_archive/sched_2022-09-26.txt,2022-09-26T07:00,2022-09-26T07:44,2640.0,44.0,J0746+55,2.0367426739815624,0.964118391393294,J2000
./sched_archive/sched_2022-09-26.txt,2022-09-26T07:45,2022-09-26T11:59,15240.0,254.0,Sun357,,,
./sched_archive/sched_2022-09-26.txt,2022-09-26T12:00,2022-09-26T12:59,3540.0,59.0,J1300+1240_PSR,3.4036180252242274,0.22134243757176436,J2000
./sched_archive/sched_2022-09-26.txt,2022-09-26T13:00,2022-09-26T13:29,1740.0,29.0,J1336+3346,3.5629461009946066,0.5976686992463379,J2000
./sched_archive/sched_2022-09-26.txt,2022-09-26T13:30,2022-09-26T14:29,3540.0,59.0,J1400-1431_PSR,3.6651914291880914,-0.25336362974784354,J2000
./sched_archive/sched_2022-09-26.txt,2022-09-26T14:30,2022-09-26T15:29,3540.0,59.0,J1336+3346,3.5629461009946066,0.5976686992463379,J2000
./sched_archive/sched_2022-09-26.txt,2022-09-26T15:30,2022-09-26T17:14,6240.0,104.0,Sun357,,,
./sched_archive/sched_2022-09-26_2.txt,2022-09-26T14:30,2022-09-26T14:59,1740.0,29.0,J1336+3346,3.5629461009946066,0.5976686992463379,J2000
./sched_archive/sched_2022-09-26_2.txt,2022-09-26T15:00,2022-09-26T17:29,8940.0,149.0,Sun357,,,
./sched_archive/sched_2022-09-26_2.txt,2022-09-26T17:30,2022-09-26T19:14,6240.0,104.0,J1722+31,4.547891698384224,0.5491969379608823,J2000
./sched_archive/sched_2022-09-26_2.txt,2022-09-26T19:15,2022-09-26T21:29,8040.0,134.0,J1929+11,5.101699214452458,0.2078090818297482,J2000
./sched_archive/sched_2022-09-26_2.txt,2022-09-26T21:30,2022-09-26T22:29,3540.0,59.0,J2202+2147,5.769840340936754,0.38019088872609813,J2000
./sched_archive/sched_2022-09-26_2.txt,2022-09-26T23:30,2022-09-27T01:29,7140.0,119.0,J2334+20,6.171484235051949,0.35633805561550896,J2000
./sched_archive/sched_2022-09-26_2.txt,2022-09-27T01:30,2022-09-27T02:59,5340.0,89.0,J2355+15,6.262241356155655,0.27052603405912107,J2000
./sched_archive/sched_2022-09-26_2.txt,2022-09-27T03:00,2022-09-27T05:44,9840.0,164.0,J0305+1127_PSR,0.8108508816556989,0.19984019935335073,J2000
./sched_archive/sched_2022-09-26_2.txt,2022-09-27T05:45,2022-09-27T06:14,1740.0,29.0,J0348+79,0.9961466705757633,1.3841721483885918,J2000
./sched_archive/sched_2022-09-26_2.txt,2022-09-27T06:15,2022-09-27T07:59,6240.0,104.0,J1218+47,3.230943057336915,0.8248590432639309,J2000
./sched_archive/sched_2022-09-26_2.txt,2022-09-27T08:00,2022-09-27T17:14,33240.0,554.0,Sun357,,,
./sched_archive/sched_2022-09-26_2.txt,2022-09-27T17:15,2022-09-27T17:59,2640.0,44.0,J1832+27_PSR,4.852957798340313,0.4844353325127981,J2000
./sched_archive/sched_2022-09-26_2.txt,2022-09-27T18:00,2022-09-27T18:59,3540.0,59.0,J1931+4229,5.110286484688845,0.741570367301345,J2000
./sched_archive/sched_2022-09-26_2.txt,2022-09-27T19:00,2022-09-27T20:59,7140.0,119.0,J2000+29_PSR,5.238878021224291,0.5091474493917858,J2000
./sched_archive/sched_2022-09-26_2.txt,2022-09-27T21:00,2022-09-27T22:29,5340.0,89.0,J2138+69,5.667302247382087,1.2186906946154739,J2000
./sched_archive/sched_2022-09-26_2.txt,2022-09-27T22:30,2022-09-27T22:59,1740.0,29.0,J0054+66,0.23965048401074893,1.1665753533918115,J2000
./sched_archive/sched_2022-09-26_2.txt,2022-09-27T23:00,2022-09-28T00:59,7140.0,119.0,J2347+02_PSR,6.230685803279596,0.050072449042166116,J2000
./sched_archive/sched_2022-09-26_2.txt,2022-09-28T01:00,2022-09-28T02:29,5340.0,89.0,J0103+54,0.27472465292560155,0.9413712871956963,J2000
./sched_archive/sched_2022-09-26_2.txt,2022-09-28T02:30,2022-09-28T04:29,7140.0,119.0,J0348+79,0.9961466705757633,1.3841721483885918,J2000
./sched_archive/sched_2022-09-26_2.txt,2022-09-28T04:30,2022-09-28T05:29,3540.0,59.0,J0104+64_PSR,0.2820731323903155,1.129912195107113,J2000
./sched_archive/sched_2022-09-26_2.txt,2022-09-28T05:30,2022-09-28T06:59,5340.0,89.0,J0220+3622_PSR,0.613926836594222,0.6361531198046887,J2000
./sched_archive/sched_2022-09-26_2.txt,2022-09-28T07:00,2022-09-28T07:59,3540.0,59.0,J0939+45,2.528618475878951,0.7897614865274342,J2000
./sched_archive/sched_2022-09-26_2.txt,2022-09-28T08:00,2022-09-28T13:59,21540.0,359.0,Sun357,,,
./sched_archive/sched_2022-10-07.txt,2022-10-07T07:00,2022-10-07T07:59,3540.0,59.0,J0746+55,2.0367426739815624,0.964118391393294,J2000
./sched_archive/sched_2022-10-07.txt,2022-10-07T08:00,2022-10-07T12:59,17940.0,299.0,Sun357,,,
./sched_archive/sched_2022-10-07.txt,2022-10-07T13:00,2022-10-07T13:59,3540.0,59.0,J1336+3346,3.5629461009946066,0.5976686992463379,J2000
./sched_archive/sched_2022-10-13.txt,2022-10-13T07:00,2022-10-13T07:19,1140.0,19.0,J0826+2637_PSR,2.2115817443598504,0.4646590067584504,J2000
./sched_archive/sched_2022-10-13.txt,2022-10-13T07:20,2022-10-13T08:14,3240.0,54.0,J0658+29,1.8225600713950785,0.5163653554761446,J2000
./sched_archive/sched_2022-10-13.txt,2022-10-13T08:15,2022-10-13T11:44,12540.0,209.0,Sun357,,,
./sched_archive/sched_2022-10-13.txt,2022-10-13T11:45,2022-10-13T12:14,1740.0,29.0,J1300+1240_PSR,3.4036180252242274,0.22134243757176436,J2000
./sched_archive/sched_2022-10-13.txt,2022-10-13T12:15,2022-10-13T12:59,2640.0,44.0,J1336+3346,3.5629461009946066,0.5976686992463379,J2000
./sched_archive/sched_2022-10-13.txt,2022-10-13T13:00,2022-10-13T16:19,11940.0,199.0,Sun357,,,
./sched_archive/sched_2022-10-13.txt,2022-10-13T16:20,2022-10-13T18:19,7140.0,119.0,J1843+21_PSR,4.900011874974079,0.38135444156076104,J2000
./sched_archive/sched_2022-10-13.txt,2022-10-13T18:20,2022-10-13T18:59,2340.0,39.0,J1849+15,4.925910379412111,0.2666674019711703,J2000
./sched_archive/sched_2022-10-13.txt,2022-10-13T19:00,2022-10-13T20:14,4440.0,74.0,J2138+69,5.667302247382087,1.2186906946154739,J2000
./sched_archive/sched_2022-10-13.txt,2022-10-13T20:15,2022-10-13T21:29,4440.0,74.0,J2202+2147,5.769840340936754,0.38019088872609813,J2000
./sched_archive/sched_2022-10-13.txt,2022-10-13T21:30,2022-10-13T22:29,3540.0,59.0,J2215+45,5.828447029215017,0.7925890604631511,J2000
./sched_archive/sched_2022-10-13.txt,2022-10-13T22:30,2022-10-13T22:59,1740.0,29.0,J2325-0530,6.131559828412579,-0.09617733805850974,J2000
./sched_archive/sched_2022-10-13.txt,2022-10-13T23:00,2022-10-13T23:29,1740.0,29.0,J2355+15,6.262241356155655,0.27052603405912107,J2000
./sched_archive/sched_2022-10-13.txt,2022-10-13T23:30,2022-10-13T23:49,1140.0,19.0,J0139+3310,0.43613087285590374,0.5867200623795394,J2000
./sched_archive/sched_2022-10-13.txt,2022-10-13T23:50,2022-10-14T00:44,3240.0,54.0,J0146+31_PSR,0.46251225177849725,0.5451245030395623,J2000
./sched_archive/sched_2022-10-13.txt,2022-10-14T00:45,2022-10-14T02:29,6240.0,104.0,J0227+33,0.6419902765252475,0.5921708226544316,J2000
./sched_archive/sched_2022-10-13.txt,2022-10-14T02:30,2022-10-14T03:29,3540.0,59.0,J0348+79,0.9961466705757633,1.3841721483885918,J2000
./sched_archive/sched_2022-10-13.txt,2022-10-14T03:30,2022-10-14T05:29,7140.0,119.0,J0509+37_PSR,1.3493576779481158,0.655080245915205,J2000
./sched_archive/sched_2022-10-13.txt,2022-10-14T05:30,2022-10-14T05:59,1740.0,29.0,J0104+64_PSR,0.2820731323903155,1.129912195107113,J2000
./sched_archive/sched_2022-10-13.txt,2022-10-14T06:00,2022-10-14T07:14,4440.0,74.0,J0640+0744,1.7475109135593225,0.12639092666525603,J2000
./sched_archive/sched_2022-10-13.txt,2022-10-14T07:15,2022-10-14T08:14,3540.0,59.0,J0939+45,2.528618475878951,0.7897614865274342,J2000
./sched_archive/sched_2022-10-13.txt,2022-10-14T08:15,2022-10-14T14:59,24240.0,404.0,Sun357,,,
./sched_archive/sched_2022-10-13_2.txt,2022-10-13T13:00,2022-10-13T16:19,11940.0,199.0,Sun357,,,
./sched_archive/sched_2022-10-13_2.txt,2022-10-13T16:20,2022-10-13T18:14,6840.0,114.0,J1843+21_PSR,4.900011874974079,0.38135444156076104,J2000
./sched_archive/sched_2022-10-13_2.txt,2022-10-13T18:15,2022-10-13T20:14,7140.0,119.0,SGR1935+2154,5.126590518467984,0.3821698942938778,J2000
./sched_archive/sched_2022-10-13_2.txt,2022-10-13T20:15,2022-10-13T21:29,4440.0,74.0,J2202+2147,5.769840340936754,0.38019088872609813,J2000
./sched_archive/sched_2022-10-13_2.txt,2022-10-13T21:30,2022-10-13T22:29,3540.0,59.0,J2215+45,5.828447029215017,0.7925890604631511,J2000
./sched_archive/sched_2022-10-13_2.txt,2022-10-13T22:30,2022-10-13T22:59,1740.0,29.0,J2325-0530,6.131559828412579,-0.09617733805850974,J2000
./sched_archive/sched_2022-10-13_2.txt,2022-10-13T23:00,2022-10-13T23:29,1740.0,29.0,J2355+15,6.262241356155655,0.27052603405912107,J2000
./sched_archive/sched_2022-10-13_2.txt,2022-10-13T23:30,2022-10-13T23:49,1140.0,19.0,J0139+3310,0.43613087285590374,0.5867200623795394,J2000
./sched_archive/sched_2022-10-13_2.txt,2022-10-13T23:50,2022-10-14T00:44,3240.0,54.0,J0146+31_PSR,0.46251225177849725,0.5451245030395623,J2000
./sched_archive/sched_2022-10-13_2.txt,2022-10-14T00:45,2022-10-14T02:29,6240.0,104.0,J0227+33,0.6419902765252475,0.5921708226544316,J2000
./sched_archive/sched_2022-10-13_2.txt,2022-10-14T02:30,2022-10-14T03:29,3540.0,59.0,J0348+79,0.9961466705757633,1.3841721483885918,J2000
./sched_archive/sched_2022-10-13_2.txt,2022-10-14T03:30,2022-10-14T05:29,7140.0,119.0,J0509+37_PSR,1.3493576779481158,0.655080245915205,J2000
./sched_archive/sched_2022-10-13_2.txt,2022-10-14T05:30,2022-10-14T05:59,1740.0,29.0,J0104+64_PSR,0.2820731323903155,1.129912195107113,J2000
./sched_archive/sched_2022-10-13_2.txt,2022-10-14T06:00,2022-10-14T07:14,4440.0,74.0,J0640+0744,1.7475109135593225,0.12639092666525603,J2000
./sched_archive/sched_2022-10-13_2.txt,2022-10-14T07:15,2022-10-14T08:14,3540.0,59.0,J0939+45,2.528618475878951,0.7897614865274342,J2000
./sched_archive/sched_2022-10-13_2.txt,2022-10-14T08:15,2022-10-14T14:59,24240.0,404.0,Sun357,,,
./sched_archive/sched_2022-10-13_3.txt,2022-10-13T16:20,2022-10-13T18:14,6840.0,114.0,J1843+21_PSR,4.900011874974079,0.38135444156076104,J2000
./sched_archive/sched_2022-10-13_3.txt,2022-10-13T18:15,2022-10-13T20:14,7140.0,119.0,SGR1935+2154,5.126590518467984,0.3821698942938778,J2000
./sched_archive/sched_2022-10-13_3.txt,2022-10-13T20:15,2022-10-13T21:29,4440.0,74.0,J2202+2147,5.769547566608942,0.3765740159615496,J2000
./sched_archive/sched_2022-10-13_3.txt,2022-10-13T21:30,2022-10-13T22:29,3540.0,59.0,J2215+45,5.828447029215017,0.7925890604631511,J2000
./sched_archive/sched_2022-10-13_3.txt,2022-10-13T22:30,2022-10-13T22:59,1740.0,29.0,J2325-0530,6.131559828412579,-0.09617733805850974,J2000
./sched_archive/sched_2022-10-13_3.txt,2022-10-13T23:00,2022-10-13T23:29,1740.0,29.0,J2355+15,6.262241356155655,0.27052603405912107,J2000
./sched_archive/sched_2022-10-13_3.txt,2022-10-13T23:30,2022-10-13T23:49,1140.0,19.0,J0139+3310,0.43613087285590374,0.5867200623795394,J2000
./sched_archive/sched_2022-10-13_3.txt,2022-10-13T23:50,2022-10-14T00:44,3240.0,54.0,J0146+31_PSR,0.46251225177849725,0.5451245030395623,J2000
./sched_archive/sched_2022-10-13_3.txt,2022-10-14T00:45,2022-10-14T02:29,6240.0,104.0,J0227+33,0.6419902765252475,0.5921708226544316,J2000
./sched_archive/sched_2022-10-13_3.txt,2022-10-14T02:30,2022-10-14T03:29,3540.0,59.0,J0348+79,0.9961466705757633,1.3841721483885918,J2000
./sched_archive/sched_2022-10-13_3.txt,2022-10-14T03:30,2022-10-14T05:29,7140.0,119.0,J0509+37_PSR,1.3493576779481158,0.655080245915205,J2000
./sched_archive/sched_2022-10-13_3.txt,2022-10-14T05:30,2022-10-14T05:59,1740.0,29.0,J0104+64_PSR,0.2820731323903155,1.129912195107113,J2000
./sched_archive/sched_2022-10-13_3.txt,2022-10-14T06:00,2022-10-14T07:14,4440.0,74.0,J0640+0744,1.7475109135593225,0.12639092666525603,J2000
./sched_archive/sched_2022-10-13_3.txt,2022-10-14T07:15,2022-10-14T08:14,3540.0,59.0,J0939+45,2.528618475878951,0.7897614865274342,J2000
./sched_archive/sched_2022-10-13_3.txt,2022-10-14T08:15,2022-10-14T14:59,24240.0,404.0,Sun357,,,
./sched_archive/sched_2022-10-18.txt,2022-10-18T07:00,2022-10-18T07:19,1140.0,19.0,J0826+2637_PSR,2.2115817443598504,0.4646590067584504,J2000
./sched_archive/sched_2022-10-18.txt,2022-10-18T07:20,2022-10-18T08:24,3840.0,64.0,J0746+55,2.0367426739815624,0.964118391393294,J2000
./sched_archive/sched_2022-10-18.txt,2022-10-18T08:25,2022-10-18T11:44,11940.0,199.0,Sun357,,,
./sched_archive/sched_2022-10-18.txt,2022-10-18T11:45,2022-10-18T12:14,1740.0,29.0,J1300+1240_PSR,3.4036180252242274,0.22134243757176436,J2000
./sched_archive/sched_2022-10-18.txt,2022-10-18T12:15,2022-10-18T12:59,2640.0,44.0,J1336+3346,3.5629461009946066,0.5976686992463379,J2000
./sched_archive/sched_2022-10-18.txt,2022-10-18T13:00,2022-10-18T13:30,1800.0,30.0,J1022+1001_PSR,2.718205665819409,0.17508003705071412,J2000
./sched_archive/sched_2022-10-18.txt,2022-10-18T13:31,2022-10-18T15:40,7740.0,129.0,Sun357,,,
./sched_archive/sched_2022-10-18.txt,2022-10-18T15:41,2022-10-18T16:09,1680.0,28.0,J1645-0317_PSR,4.385288142255404,-0.057585292111204,J2000
./sched_archive/sched_2022-10-18.txt,2022-10-18T16:10,2022-10-18T17:44,5640.0,94.0,J1536+1749_PSR,4.085161280449227,0.3109594950636564,J2000
./sched_archive/sched_2022-10-18.txt,2022-10-18T17:45,2022-10-18T18:59,4440.0,74.0,J1832+27_PSR,4.852957798340313,0.4844353325127981,J2000
./sched_archive/sched_2022-10-18.txt,2022-10-18T19:00,2022-10-18T22:55,14100.0,235.0,FRB20220912A,6.061008384059212,0.8500905374518701,J2000
./sched_archive/sched_2022-10-18.txt,2022-10-19T05:10,2022-10-19T06:29,4740.0,79.0,J0640+0744  STOPSTART,1.7475109135593225,0.12639092666525603,J2000
./sched_archive/sched_2022-10-18.txt,2022-10-19T06:30,2022-10-19T08:24,6840.0,114.0,J0939+45,2.528618475878951,0.7897614865274342,J2000
./sched_archive/sched_2022-10-18.txt,2022-10-19T08:25,2022-10-19T13:59,20040.0,334.0,Sun357,,,
./sched_archive/sched_2022-10-18_2.txt,2022-10-18T07:00,2022-10-18T07:19,1140.0,19.0,J0826+2637_PSR,2.2115817443598504,0.4646590067584504,J2000
./sched_archive/sched_2022-10-18_2.txt,2022-10-18T07:20,2022-10-18T08:24,3840.0,64.0,J0746+55,2.0367426739815624,0.964118391393294,J2000
./sched_archive/sched_2022-10-18_2.txt,2022-10-18T08:25,2022-10-18T11:44,11940.0,199.0,Sun357,,,
./sched_archive/sched_2022-10-18_2.txt,2022-10-18T11:45,2022-10-18T12:14,1740.0,29.0,J1300+1240_PSR,3.4036180252242274,0.22134243757176436,J2000
./sched_archive/sched_2022-10-18_2.txt,2022-10-18T12:15,2022-10-18T12:59,2640.0,44.0,J1336+3346,3.5629461009946066,0.5976686992463379,J2000
./sched_archive/sched_2022-10-18_2.txt,2022-10-18T13:00,2022-10-18T13:30,1800.0,30.0,J1022+1001_PSR,2.718205665819409,0.17508003705071412,J2000
./sched_archive/sched_2022-10-18_2.txt,2022-10-18T13:31,2022-10-18T15:40,7740.0,129.0,Sun357,,,
./sched_archive/sched_2022-10-18_2.txt,2022-10-18T15:41,2022-10-18T16:09,1680.0,28.0,J1645-0317_PSR,4.385288142255404,-0.057585292111204,J2000
./sched_archive/sched_2022-10-18_2.txt,2022-10-18T16:10,2022-10-18T17:44,5640.0,94.0,J1536+1749_PSR,4.085161280449227,0.3109594950636564,J2000
./sched_archive/sched_2022-10-18_2.txt,2022-10-18T17:45,2022-10-18T18:59,4440.0,74.0,SGR1935+2154,5.126590518467984,0.3821698942938778,J2000
./sched_archive/sched_2022-10-18_2.txt,2022-10-18T19:00,2022-10-18T22:55,14100.0,235.0,FRB20220912A,6.061008384059212,0.8500905374518701,J2000
./sched_archive/sched_2022-10-18_2.txt,2022-10-19T05:10,2022-10-19T06:29,4740.0,79.0,J0640+0744  STOPSTART,1.7475109135593225,0.12639092666525603,J2000
./sched_archive/sched_2022-10-18_2.txt,2022-10-19T06:30,2022-10-19T08:24,6840.0,114.0,J0939+45,2.528618475878951,0.7897614865274342,J2000
./sched_archive/sched_2022-10-18_2.txt,2022-10-19T08:25,2022-10-19T13:59,20040.0,334.0,Sun357,,,
./sched_archive/sched_2022-10-18_3.txt,2022-10-18T20:38,2022-10-18T22:55,8220.0,137.0,FRB20220912A,6.061008384059212,0.8500905374518701,J2000
./sched_archive/sched_2022-10-18_3.txt,2022-10-19T06:30,2022-10-19T08:24,6840.0,114.0,J0939+45,2.528618475878951,0.7897614865274342,J2000
./sched_archive/sched_2022-10-18_3.txt,2022-10-19T08:25,2022-10-19T13:59,20040.0,334.0,Sun357,,,
./sched_archive/sched_2022-10-18_4.txt,2022-10-18T20:38,2022-10-18T22:55,8220.0,137.0,FRB20220912A,6.061055071616702,0.8500994580236025,J2000
./sched_archive/sched_2022-10-18_4.txt,2022-10-19T06:10,2022-10-19T06:29,1140.0,19.0,J0640+0744  STOPSTART,1.7475109135593225,0.12639092666525603,J2000
./sched_archive/sched_2022-10-18_4.txt,2022-10-19T06:30,2022-10-19T08:24,6840.0,114.0,J0939+45,2.528618475878951,0.7897614865274342,J2000
./sched_archive/sched_2022-10-18_4.txt,2022-10-19T08:25,2022-10-19T13:59,20040.0,334.0,Sun357,,,
./sched_archive/sched_2022-10-26.txt,2022-10-26T07:00,2022-10-26T07:19,1140.0,19.0,J0826+2637_PSR,2.2115817443598504,0.4646590067584504,J2000
./sched_archive/sched_2022-10-26.txt,2022-10-26T07:20,2022-10-26T08:14,3240.0,54.0,J0939+45,2.528618475878951,0.7897614865274342,J2000
./sched_archive/sched_2022-10-26.txt,2022-10-26T08:15,2022-10-26T08:44,1740.0,29.0,J1136+1551_PSR,3.0370963006143885,0.2767098326392434,J2000
./sched_archive/sched_2022-10-26.txt,2022-10-26T08:45,2022-10-26T11:14,8940.0,149.0,Sun357,,,
./sched_archive/sched_2022-10-26.txt,2022-10-26T11:15,2022-10-26T11:44,1740.0,29.0,J1300+1240_PSR,3.4036180252242274,0.22134243757176436,J2000
./sched_archive/sched_2022-10-26.txt,2022-10-26T11:45,2022-10-26T15:34,13740.0,229.0,Sun357,,,
./sched_archive/sched_2022-10-26.txt,2022-10-26T15:35,2022-10-26T15:54,1140.0,19.0,J1645-0317_PSR,4.3852875895096295,-0.05758229049395671,J2000
./sched_archive/sched_2022-10-26.txt,2022-10-26T15:55,2022-10-26T19:14,11940.0,199.0,SGR1935+2154,5.126590518467984,0.3821698942938778,J2000
./sched_archive/sched_2022-10-26.txt,2022-10-26T19:15,2022-10-27T00:44,19740.0,329.0,FRB20220912A,6.061012165605924,0.8500984883962404,J2000
./sched_archive/sched_2022-10-26.txt,2022-10-27T04:00,2022-10-27T05:29,5340.0,89.0,J0640+0744  STOPSTART,1.7475109135593225,0.12639092666525603,J2000
./sched_archive/sched_2022-10-26.txt,2022-10-27T05:30,2022-10-27T06:19,2940.0,49.0,J0348+79,0.9961466705757633,1.3841721483885918,J2000
./sched_archive/sched_2022-10-26.txt,2022-10-27T06:20,2022-10-27T08:44,8640.0,144.0,J0939+45,2.528618475878951,0.7897614865274342,J2000
./sched_archive/sched_2022-10-26.txt,2022-10-27T08:45,2022-10-27T13:59,18840.0,314.0,Sun357,,,
./sched_archive/sched_2022-11-01.txt,2022-11-01T08:00,2022-11-01T08:19,1140.0,19.0,J0826+2637_PSR,2.2115817443598504,0.4646590067584504,J2000
./sched_archive/sched_2022-11-01.txt,2022-11-01T08:20,2022-11-01T08:59,2340.0,39.0,J1022+1001_PSR,2.718205665819409,0.17508003705071412,J2000
./sched_archive/sched_2022-11-01.txt,2022-11-01T09:00,2022-11-01T09:19,1140.0,19.0,J1136+1551_PSR,3.0370963006143885,0.2767098326392434,J2000
./sched_archive/sched_2022-11-01.txt,2022-11-01T09:20,2022-11-01T10:44,5040.0,84.0,Sun357,,,
./sched_archive/sched_2022-11-01.txt,2022-11-01T10:45,2022-11-01T11:29,2640.0,44.0,J1300+1240_PSR,3.4036180252242274,0.22134243757176436,J2000
./sched_archive/sched_2022-11-01.txt,2022-11-01T11:30,2022-11-01T15:34,14640.0,244.0,Sun357,,,
./sched_archive/sched_2022-11-01.txt,2022-11-01T15:35,2022-11-01T15:59,1440.0,24.0,J1645-0317_PSR,4.3852875895096295,-0.05758229049395671,J2000
./sched_archive/sched_2022-11-01.txt,2022-11-01T16:00,2022-11-01T19:14,11640.0,194.0,SGR1935+2154,5.126590518467984,0.3821698942938778,J2000
./sched_archive/sched_2022-11-01.txt,2022-11-01T19:15,2022-11-01T19:39,1440.0,24.0,FRB20220912A,6.061055071616702,0.8500994580236025,J2000
./sched_archive/sched_2022-11-01.txt,2022-11-01T19:40,2022-11-01T20:04,1440.0,24.0,J2145-0750_PSR,5.697805941281582,-0.1368075848974223,J2000
./sched_archive/sched_2022-11-01.txt,2022-11-01T20:05,2022-11-02T00:59,17640.0,294.0,FRB20220912A,6.061055071616702,0.8500994580236025,J2000
./sched_archive/sched_2022-11-01.txt,2022-11-02T01:00,2022-11-02T02:59,7140.0,119.0,J0220+3622_PSR,0.613926836594222,0.6361531198046887,J2000
./sched_archive/sched_2022-11-01.txt,2022-11-02T03:00,2022-11-02T03:59,3540.0,59.0,J0658+29,1.8225600713950785,0.5163653554761446,J2000
./sched_archive/sched_2022-11-01.txt,2022-11-02T04:00,2022-11-02T05:29,5340.0,89.0,J0640+0744,1.7475109135593225,0.12639092666525603,J2000
./sched_archive/sched_2022-11-01.txt,2022-11-02T05:30,2022-11-02T06:19,2940.0,49.0,J0746+55,2.0367426739815624,0.964118391393294,J2000
./sched_archive/sched_2022-11-01.txt,2022-11-02T06:20,2022-11-02T09:04,9840.0,164.0,J0939+45,2.528618475878951,0.7897614865274342,J2000
./sched_archive/sched_2022-11-01.txt,2022-11-02T09:05,2022-11-02T14:59,21240.0,354.0,Sun357,,,
./sched_archive/sched_2022-11-04.txt,2022-11-04T08:50,2022-11-04T09:04,840.0,14.0,J1218+47,3.230943057336915,0.8248590432639309,J2000
./sched_archive/sched_2022-11-04.txt,2022-11-04T09:05,2022-11-04T09:59,3240.0,54.0,J1300+1240_PSR,3.4036180252242274,0.22134243757176436,J2000
./sched_archive/sched_2022-11-04.txt,2022-11-04T10:00,2022-11-04T14:29,16140.0,269.0,Sun357,,,
./sched_archive/sched_2022-11-04.txt,2022-11-04T14:30,2022-11-04T14:59,1740.0,29.0,J1645-0317_PSR,4.3852875895096295,-0.05758229049395671,J2000
./sched_archive/sched_2022-11-09.txt,2022-11-09T08:00,2022-11-09T09:19,4740.0,79.0,J1005+3015,2.6466867899922453,0.5281851241238283,J2000
./sched_archive/sched_2022-11-09.txt,2022-11-09T09:20,2022-11-09T09:59,2340.0,39.0,Sun357,,,
./sched_archive/sched_2022-11-09.txt,2022-11-09T10:00,2022-11-09T10:39,2340.0,39.0,J1300+1240_PSR,3.4036180252242274,0.22134243757176436,J2000
./sched_archive/sched_2022-11-09.txt,2022-11-09T10:40,2022-11-09T13:54,11640.0,194.0,Sun357,,,
./sched_archive/sched_2022-11-09.txt,2022-11-09T13:55,2022-11-09T14:14,1140.0,19.0,J1645-0317_PSR,4.3852875895096295,-0.05758229049395671,J2000
./sched_archive/sched_2022-11-09.txt,2022-11-09T14:15,2022-11-09T15:14,3540.0,59.0,Sun357,,,
./sched_archive/sched_2022-11-09.txt,2022-11-09T15:15,2022-11-09T18:49,12840.0,214.0,J1849+15,4.925910379412111,0.2666674019711703,J2000
./sched_archive/sched_2022-11-09.txt,2022-11-09T18:50,2022-11-09T19:19,1740.0,29.0,J2145-0750_PSR,5.697805941281582,-0.1368075848974223,J2000
./sched_archive/sched_2022-11-09.txt,2022-11-09T19:20,2022-11-09T21:29,7740.0,129.0,J2202+2147,5.769840340936754,0.38019088872609813,J2000
./sched_archive/sched_2022-11-09.txt,2022-11-09T21:30,2022-11-09T22:09,2340.0,39.0,J0034-0534_PSR,0.1499403707045897,-0.09733420048376587,J2000
./sched_archive/sched_2022-11-09.txt,2022-11-09T22:10,2022-11-09T22:59,2940.0,49.0,J0054+66,0.23965048401074893,1.1665753533918115,J2000
./sched_archive/sched_2022-11-09.txt,2022-11-09T23:00,2022-11-10T00:14,4440.0,74.0,J0103+54,0.27472465292560155,0.9413712871956963,J2000
./sched_archive/sched_2022-11-09.txt,2022-11-10T00:15,2022-11-10T01:59,6240.0,104.0,J0348+79,0.9961466705757633,1.3841721483885918,J2000
./sched_archive/sched_2022-11-09.txt,2022-11-10T02:00,2022-11-10T04:29,8940.0,149.0,J0640+0744,1.7475109135593225,0.12639092666525603,J2000
./sched_archive/sched_2022-11-09.txt,2022-11-10T04:30,2022-11-10T05:59,5340.0,89.0,J0746+55,2.0367426739815624,0.964118391393294,J2000
./sched_archive/sched_2022-11-09.txt,2022-11-10T06:00,2022-11-10T06:59,3540.0,59.0,J0348+79,0.9961466705757633,1.3841721483885918,J2000
./sched_archive/sched_2022-11-09.txt,2022-11-10T07:00,2022-11-10T09:19,8340.0,139.0,J1218+47,3.230943057336915,0.8248590432639309,J2000
./sched_archive/sched_2022-11-09.txt,2022-11-10T09:20,2022-11-10T14:59,20340.0,339.0,Sun357,,,
./sched_archive/sched_2022-11-11.txt,2022-11-11T08:00,2022-11-11T08:49,2940.0,49.0,J1022+1001_PSR,2.718205665819409,0.17508003705071412,J2000
./sched_archive/sched_2022-11-11.txt,2022-11-11T08:50,2022-11-11T09:24,2040.0,34.0,J1242+3938_PSR,3.3248522250491974,0.6917321602070859,J2000
./sched_archive/sched_2022-11-11.txt,2022-11-11T09:25,2022-11-11T14:59,20040.0,334.0,Sun357,,,
./sched_archive/sched_2022-11-15-interrupt.txt,2022-11-15T15:05,2022-11-15T16:14,4140.0,69.0,J1832+27_PSR,4.852957798340313,0.4844353325127981,J2000
./sched_archive/sched_2022-11-15-interrupt.txt,2022-11-15T16:15,2022-11-15T17:24,4140.0,69.0,J2000+29_PSR,5.238878021224291,0.5091474493917858,J2000
./sched_archive/sched_2022-11-15-interrupt.txt,2022-11-15T17:25,2022-11-15T18:24,3540.0,59.0,J2215+45,5.828447029215017,0.7925890604631511,J2000
./sched_archive/sched_2022-11-15-interrupt.txt,2022-11-15T18:25,2022-11-15T18:54,1740.0,29.0,J2145-0750_PSR,5.697805941281582,-0.1368075848974223,J2000
./sched_archive/sched_2022-11-15-interrupt.txt,2022-11-15T18:55,2022-11-15T21:09,8040.0,134.0,J2202+2147,5.769840340936754,0.38019088872609813,J2000
./sched_archive/sched_2022-11-15-interrupt.txt,2022-11-15T21:10,2022-11-15T21:49,2340.0,39.0,J0034-0534_PSR,0.1499403707045897,-0.09733420048376587,J2000
./sched_archive/sched_2022-11-15-interrupt.txt,2022-11-15T21:50,2022-11-15T22:59,4140.0,69.0,J0146+31_PSR,0.46251225177849725,0.5451245030395623,J2000
./sched_archive/sched_2022-11-15-interrupt.txt,2022-11-15T23:00,2022-11-16T01:29,8940.0,149.0,J0227+33,0.6420332084614374,0.5917811104613409,J2000
./sched_archive/sched_2022-11-15-interrupt.txt,2022-11-16T01:30,2022-11-16T02:29,3540.0,59.0,J0348+79,0.9961466705757633,1.3841721483885918,J2000
./sched_archive/sched_2022-11-15-interrupt.txt,2022-11-16T02:30,2022-11-16T03:29,3540.0,59.0,J0608+16_PSR,1.6057029118347832,0.289433767622393,J2000
./sched_archive/sched_2022-11-15-interrupt.txt,2022-11-16T03:30,2022-11-16T04:29,3540.0,59.0,J0348+79,0.9961466705757633,1.3841721483885918,J2000
./sched_archive/sched_2022-11-15-interrupt.txt,2022-11-16T04:30,2022-11-16T06:29,7140.0,119.0,J0939+45,2.528618475878951,0.7897614865274342,J2000
./sched_archive/sched_2022-11-15-interrupt.txt,2022-11-16T06:30,2022-11-16T07:59,5340.0,89.0,J1218+47,3.230943057336915,0.8248590432639309,J2000
./sched_archive/sched_2022-11-15-interrupt.txt,2022-11-16T08:00,2022-11-16T09:34,5640.0,94.0,J1329+1349,3.529928412158531,0.23969188394055457,J2000
./sched_archive/sched_2022-11-15-interrupt.txt,2022-11-16T09:35,2022-11-16T14:59,19440.0,324.0,Sun357,,,
./sched_archive/sched_2022-11-22.txt,2022-11-22T08:00,2022-11-22T08:19,1140.0,19.0,J1136+1551_PSR,3.0370963006143885,0.2767098326392434,J2000
./sched_archive/sched_2022-11-22.txt,2022-11-22T08:20,2022-11-22T09:09,2940.0,49.0,J1218+47,3.230943057336915,0.8248590432639309,J2000
./sched_archive/sched_2022-11-22.txt,2022-11-22T09:10,2022-11-22T09:49,2340.0,39.0,J1300+1240_PSR,3.4036180252242274,0.22134243757176436,J2000
./sched_archive/sched_2022-11-22.txt,2022-11-22T09:50,2022-11-22T12:24,9240.0,154.0,Sun357,,,
./sched_archive/sched_2022-11-22.txt,2022-11-22T12:25,2022-11-23T01:14,46140.0,769.0,FRB20220912A,6.061012165605924,0.8500984883962404,J2000
./sched_archive/sched_2022-11-22.txt,2022-11-23T01:15,2022-11-23T02:29,4440.0,74.0,J0348+79,0.9961466705757633,1.3841721483885918,J2000
./sched_archive/sched_2022-11-22.txt,2022-11-23T02:30,2022-11-23T04:14,6240.0,104.0,J0640+0744,1.7475109135593225,0.12639092666525603,J2000
./sched_archive/sched_2022-11-22.txt,2022-11-23T04:15,2022-11-23T06:59,9840.0,164.0,J0939+45,2.528618475878951,0.7897614865274342,J2000
./sched_archive/sched_2022-11-22.txt,2022-11-23T07:00,2022-11-23T07:39,2340.0,39.0,J1218+47,3.230943057336915,0.8248590432639309,J2000
./sched_archive/sched_2022-11-22.txt,2022-11-23T07:40,2022-11-23T09:54,8040.0,134.0,J1400+2127,3.6662247571894993,0.37398741750247533,J2000
./sched_archive/sched_2022-11-22.txt,2022-11-23T09:55,2022-11-23T12:59,11040.0,184.0,Sun357,,,
./sched_archive/sched_2022-11-22.txt,2022-11-23T13:00,2022-11-23T13:14,840.0,14.0,J1645-0317_PSR,4.3852875895096295,-0.05758229049395671,J2000
./sched_archive/sched_2022-11-22.txt,2022-11-23T13:15,2022-11-23T14:59,6240.0,104.0,Sun357,,,
./sched_archive/sched_2022-11-29.txt,2022-11-29T08:00,2022-11-29T08:19,1140.0,19.0,J1136+1551_PSR,3.0370963006143885,0.2767098326392434,J2000
./sched_archive/sched_2022-11-29.txt,2022-11-29T08:20,2022-11-29T08:59,2340.0,39.0,J1218+47,3.230943057336915,0.8248590432639309,J2000
./sched_archive/sched_2022-11-29.txt,2022-11-29T09:00,2022-11-29T09:49,2940.0,49.0,J1300+1240_PSR,3.4036180252242274,0.22134243757176436,J2000
./sched_archive/sched_2022-11-29.txt,2022-11-29T09:50,2022-11-29T11:39,6540.0,109.0,Sun357,,,
./sched_archive/sched_2022-11-29.txt,2022-11-29T11:40,2022-11-30T00:44,47040.0,784.0,FRB20220912A,6.061012165605924,0.8500984883962404,J2000
./sched_archive/sched_2022-11-29.txt,2022-11-30T00:45,2022-11-30T02:29,6240.0,104.0,J0348+79,0.9961466705757633,1.3841721483885918,J2000
./sched_archive/sched_2022-11-29.txt,2022-11-30T02:30,2022-11-30T04:14,6240.0,104.0,J0640+0744,1.7475109135593225,0.12639092666525603,J2000
./sched_archive/sched_2022-11-29.txt,2022-11-30T04:15,2022-11-30T06:59,9840.0,164.0,J0939+45,2.528618475878951,0.7897614865274342,J2000
./sched_archive/sched_2022-11-29.txt,2022-11-30T07:00,2022-11-30T07:39,2340.0,39.0,J1218+47,3.230943057336915,0.8248590432639309,J2000
./sched_archive/sched_2022-11-29.txt,2022-11-30T07:40,2022-11-30T09:54,8040.0,134.0,J1400+2127,3.6662247571894993,0.37398741750247533,J2000
./sched_archive/sched_2022-11-29.txt,2022-11-30T09:55,2022-11-30T12:34,9540.0,159.0,Sun357,,,
./sched_archive/sched_2022-11-29.txt,2022-11-30T12:35,2022-11-30T12:49,840.0,14.0,J1645-0317_PSR,4.3852875895096295,-0.05758229049395671,J2000
./sched_archive/sched_2022-11-29.txt,2022-11-30T12:50,2022-11-30T14:59,7740.0,129.0,Sun357,,,
./sched_archive/sched_2022-12-04.txt,2022-12-04T15:00,2022-12-04T15:59,3540.0,59.0,J1832+27_PSR,4.852957798340313,0.4844353325127981,J2000
./sched_archive/sched_2022-12-04.txt,2022-12-04T16:00,2022-12-04T16:59,3540.0,59.0,J1836+51_PSR,4.87164852929992,0.9050544462556755,J2000
./sched_archive/sched_2022-12-04.txt,2022-12-04T17:00,2022-12-04T17:59,3540.0,59.0,J2000+29_PSR,5.238878021224291,0.5091474493917858,J2000
./sched_archive/sched_2022-12-04.txt,2022-12-04T18:00,2022-12-04T20:29,8940.0,149.0,J2138+69,5.667302247382087,1.2186906946154739,J2000
./sched_archive/sched_2022-12-04.txt,2022-12-04T20:30,2022-12-04T21:29,3540.0,59.0,J0146+31_PSR,0.46251225177849725,0.5451245030395623,J2000
./sched_archive/sched_2022-12-04.txt,2022-12-04T21:30,2022-12-04T22:29,3540.0,59.0,J0220+3622_PSR,0.613926836594222,0.6361531198046887,J2000
./sched_archive/sched_2022-12-04.txt,2022-12-04T22:30,2022-12-04T23:29,3540.0,59.0,J0348+79,0.9961466705757633,1.3841721483885918,J2000
./sched_archive/sched_2022-12-04.txt,2022-12-04T23:30,2022-12-05T01:29,7140.0,119.0,J0746+55,2.0367426739815624,0.964118391393294,J2000
./sched_archive/sched_2022-12-04.txt,2022-12-05T01:30,2022-12-05T03:59,8940.0,149.0,J0640+0744,1.7475109135593225,0.12639092666525603,J2000
./sched_archive/sched_2022-12-04.txt,2022-12-05T04:00,2022-12-05T06:44,9840.0,164.0,J0939+45,2.528618475878951,0.7897614865274342,J2000
./sched_archive/sched_2022-12-04.txt,2022-12-05T06:45,2022-12-05T07:59,4440.0,74.0,J1218+47,3.230943057336915,0.8248590432639309,J2000
./sched_archive/sched_2022-12-04.txt,2022-12-05T08:00,2022-12-05T08:29,1740.0,29.0,J1242+3938_PSR,3.3248522250491974,0.6917321602070859,J2000
./sched_archive/sched_2022-12-04.txt,2022-12-05T08:30,2022-12-05T10:24,6840.0,114.0,J1336+3346,3.5629461009946066,0.5976686992463379,J2000
./sched_archive/sched_2022-12-04.txt,2022-12-05T10:25,2022-12-05T14:14,13740.0,229.0,Sun357,,,
./sched_archive/sched_2022-12-05.txt,2022-12-05T14:20,2022-12-05T14:59,2340.0,39.0,J1832+27_PSR,4.852957798340313,0.4844353325127981,J2000
./sched_archive/sched_2022-12-05.txt,2022-12-05T15:00,2022-12-05T15:49,2940.0,49.0,J1836+51_PSR,4.87164852929992,0.9050544462556755,J2000
./sched_archive/sched_2022-12-05.txt,2022-12-05T15:50,2022-12-05T19:59,14940.0,249.0,FRB20220912A,6.061012165605924,0.8500984883962404,J2000
./sched_archive/sched_2022-12-05.txt,2022-12-05T20:00,2022-12-05T20:59,3540.0,59.0,J2347+02_PSR,6.230685803279596,0.050072449042166116,J2000
./sched_archive/sched_2022-12-05.txt,2022-12-05T21:00,2022-12-05T21:29,1740.0,29.0,J0104+64_PSR,0.2820731323903155,1.129912195107113,J2000
./sched_archive/sched_2022-12-05.txt,2022-12-05T21:30,2022-12-05T22:29,3540.0,59.0,J0220+3622_PSR,0.613926836594222,0.6361531198046887,J2000
./sched_archive/sched_2022-12-05.txt,2022-12-05T22:30,2022-12-05T23:19,2940.0,49.0,J0146+31_PSR,0.46251225177849725,0.5451245030395623,J2000
./sched_archive/sched_2022-12-05.txt,2022-12-05T23:20,2022-12-06T00:29,4140.0,69.0,J0355+28_PSR,1.0297198240671264,0.5020352326899089,J2000
./sched_archive/sched_2022-12-05.txt,2022-12-06T00:30,2022-12-06T00:59,1740.0,29.0,J0103+54,0.27472465292560155,0.9413712871956963,J2000
./sched_archive/sched_2022-12-05.txt,2022-12-06T01:00,2022-12-06T03:59,10740.0,179.0,J0640+0744,1.7475109135593225,0.12639092666525603,J2000
./sched_archive/sched_2022-12-05.txt,2022-12-06T04:00,2022-12-06T06:29,8940.0,149.0,J0939+45,2.528618475878951,0.7897614865274342,J2000
./sched_archive/sched_2022-12-05.txt,2022-12-06T06:30,2022-12-06T07:59,5340.0,89.0,J1329+1349,3.529928412158531,0.23969188394055457,J2000
./sched_archive/sched_2022-12-05.txt,2022-12-06T08:00,2022-12-06T08:29,1740.0,29.0,J1242+3938_PSR,3.3248522250491974,0.6917321602070859,J2000
./sched_archive/sched_2022-12-05.txt,2022-12-06T08:30,2022-12-06T10:29,7140.0,119.0,J1329+1349,3.529928412158531,0.23969188394055457,J2000
./sched_archive/sched_2022-12-05.txt,2022-12-06T10:30,2022-12-06T14:15,13500.0,225.0,Sun357,,,
./sched_archive/sched_2022-12-06.txt,2022-12-06T14:20,2022-12-06T14:59,2340.0,39.0,J1836+51_PSR,4.87164852929992,0.9050544462556755,J2000
./sched_archive/sched_2022-12-06.txt,2022-12-06T15:00,2022-12-06T15:59,3540.0,59.0,J2000+29_PSR,5.238878021224291,0.5091474493917858,J2000
./sched_archive/sched_2022-12-06.txt,2022-12-06T16:00,2022-12-06T17:29,5340.0,89.0,J2202+2147,5.769840340936754,0.38019088872609813,J2000
./sched_archive/sched_2022-12-06.txt,2022-12-06T17:30,2022-12-06T17:59,1740.0,29.0,J0104+64_PSR,0.2820731323903155,1.129912195107113,J2000
./sched_archive/sched_2022-12-06.txt,2022-12-06T18:00,2022-12-06T18:59,3540.0,59.0,J2325-0530,6.131581645028229,-0.09618218619532085,J2000
./sched_archive/sched_2022-12-06.txt,2022-12-06T19:00,2022-12-06T19:59,3540.0,59.0,J2347+02_PSR,6.230685803279596,0.050072449042166116,J2000
./sched_archive/sched_2022-12-06.txt,2022-12-06T20:00,2022-12-06T20:59,3540.0,59.0,J0054+66,0.23965048401074893,1.1665753533918115,J2000
./sched_archive/sched_2022-12-06.txt,2022-12-06T21:00,2022-12-06T21:59,3540.0,59.0,J0139+3310,0.43613087285590374,0.5867200623795394,J2000
./sched_archive/sched_2022-12-06.txt,2022-12-06T22:00,2022-12-06T22:59,3540.0,59.0,J0103+54,0.27472465292560155,0.9413712871956963,J2000
./sched_archive/sched_2022-12-06.txt,2022-12-06T23:00,2022-12-06T23:59,3540.0,59.0,J0355+28_PSR,1.0297198240671264,0.5020352326899089,J2000
./sched_archive/sched_2022-12-06.txt,2022-12-07T00:00,2022-12-07T00:59,3540.0,59.0,J0640+0744,1.7475109135593225,0.12639092666525603,J2000
./sched_archive/sched_2022-12-06.txt,2022-12-07T01:00,2022-12-07T03:44,9840.0,164.0,J0746+55,2.0367426739815624,0.964118391393294,J2000
./sched_archive/sched_2022-12-06.txt,2022-12-07T03:45,2022-12-07T04:29,2640.0,44.0,J0939+45,2.528618475878951,0.7897614865274342,J2000
./sched_archive/sched_2022-12-06.txt,2022-12-07T04:30,2022-12-07T06:29,7140.0,119.0,J1005+3015,2.6466867899922453,0.5281851241238283,J2000
./sched_archive/sched_2022-12-06.txt,2022-12-07T06:30,2022-12-07T07:59,5340.0,89.0,J1329+1349,3.529928412158531,0.23969188394055457,J2000
./sched_archive/sched_2022-12-06.txt,2022-12-07T08:00,2022-12-07T08:29,1740.0,29.0,J1242+3938_PSR,3.3248522250491974,0.6917321602070859,J2000
./sched_archive/sched_2022-12-06.txt,2022-12-07T08:30,2022-12-07T10:29,7140.0,119.0,J1400+2127,3.6662247571894993,0.37398741750247533,J2000
./sched_archive/sched_2022-12-06.txt,2022-12-07T10:30,2022-12-07T14:15,13500.0,225.0,Sun357,,,
./sched_archive/sched_2022-12-07.txt,2022-12-07T14:00,2022-12-07T14:29,1740.0,29.0,J1836+51_PSR,4.87164852929992,0.9050544462556755,J2000
./sched_archive/sched_2022-12-07.txt,2022-12-07T16:20,2022-12-07T19:29,11340.0,189.0,"FRB20220912A [6.061012165605924, 0.8500984883962404, 'J2000'",,,
./sched_archive/sched_2022-12-07.txt,2022-12-07T19:30,2022-12-07T20:14,2640.0,44.0,J2347+02_PSR,6.230685803279596,0.050072449042166116,J2000
./sched_archive/sched_2022-12-07.txt,2022-12-07T20:15,2022-12-07T20:59,2640.0,44.0,J0146+31_PSR,0.46251225177849725,0.5451245030395623,J2000
./sched_archive/sched_2022-12-07.txt,2022-12-07T21:00,2022-12-07T21:29,1740.0,29.0,J0104+64_PSR,0.2820731323903155,1.129912195107113,J2000
./sched_archive/sched_2022-12-07.txt,2022-12-07T21:30,2022-12-07T22:29,3540.0,59.0,J0220+3622_PSR,0.613926836594222,0.6361531198046887,J2000
./sched_archive/sched_2022-12-07.txt,2022-12-07T23:00,2022-12-07T23:59,3540.0,59.0,J0355+28_PSR,1.0297198240671264,0.5020352326899089,J2000
./sched_archive/sched_2022-12-07.txt,2022-12-08T00:00,2022-12-08T02:59,10740.0,179.0,J0640+0744,1.7475109135593225,0.12639092666525603,J2000
./sched_archive/sched_2022-12-07.txt,2022-12-08T03:00,2022-12-08T05:59,10740.0,179.0,J0939+45,2.528618475878951,0.7897614865274342,J2000
./sched_archive/sched_2022-12-07.txt,2022-12-08T06:00,2022-12-08T07:59,7140.0,119.0,J1218+47,3.230943057336915,0.8248590432639309,J2000
./sched_archive/sched_2022-12-13.txt,2022-12-13T08:15,2022-12-13T10:34,8340.0,139.0,J1400+2127,3.6662247571894993,0.37398741750247533,J2000
./sched_archive/sched_2022-12-13.txt,2022-12-13T10:35,2022-12-13T11:44,4140.0,69.0,Sun357,,,
./sched_archive/sched_2022-12-13.txt,2022-12-13T11:45,2022-12-13T12:04,1140.0,19.0,J1645-0317_PSR,4.3852875895096295,-0.05758229049395671,J2000
./sched_archive/sched_2022-12-13.txt,2022-12-13T12:05,2022-12-13T14:14,7740.0,129.0,Sun357,,,
./sched_archive/sched_2022-12-13.txt,2022-12-13T14:15,2022-12-13T16:29,8040.0,134.0,J1931+4229,5.110286484688845,0.741570367301345,J2000
./sched_archive/sched_2022-12-13.txt,2022-12-13T16:30,2022-12-13T19:14,9840.0,164.0,J2138+69,5.667302247382087,1.2186906946154739,J2000
./sched_archive/sched_2022-12-13.txt,2022-12-13T19:15,2022-12-13T19:54,2340.0,39.0,J0034-0534_PSR,0.1499403707045897,-0.09733420048376587,J2000
./sched_archive/sched_2022-12-13.txt,2022-12-13T19:55,2022-12-13T23:59,14640.0,244.0,J0348+79,0.9961466705757633,1.3841721483885918,J2000
./sched_archive/sched_2022-12-13.txt,2022-12-14T00:00,2022-12-14T03:29,12540.0,209.0,J0640+0744,1.7475109135593225,0.12639092666525603,J2000
./sched_archive/sched_2022-12-13.txt,2022-12-14T03:30,2022-12-14T03:44,840.0,14.0,J0826+2637_PSR,2.2115817443598504,0.4646590067584504,J2000
./sched_archive/sched_2022-12-13.txt,2022-12-14T03:45,2022-12-14T05:09,5040.0,84.0,J0939+45,2.528618475878951,0.7897614865274342,J2000
./sched_archive/sched_2022-12-13.txt,2022-12-14T05:10,2022-12-14T05:49,2340.0,39.0,J1022+1001_PSR,2.718205665819409,0.17508003705071412,J2000
./sched_archive/sched_2022-12-13.txt,2022-12-14T05:50,2022-12-14T07:44,6840.0,114.0,J1218+47,3.230943057336915,0.8248590432639309,J2000
./sched_archive/sched_2022-12-13.txt,2022-12-14T07:45,2022-12-14T08:24,2340.0,39.0,J1300+1240_PSR,3.4036180252242274,0.22134243757176436,J2000
./sched_archive/sched_2022-12-13.txt,2022-12-14T08:25,2022-12-14T10:39,8040.0,134.0,J1400+2127,3.6662247571894993,0.37398741750247533,J2000
./sched_archive/sched_2022-12-13.txt,2022-12-14T10:40,2022-12-14T11:44,3840.0,64.0,Sun357,,,
./sched_archive/sched_2022-12-13.txt,2022-12-14T11:45,2022-12-14T12:04,1140.0,19.0,J1645-0317_PSR,4.3852875895096295,-0.05758229049395671,J2000
./sched_archive/sched_2022-12-13.txt,2022-12-14T12:05,2022-12-14T14:09,7440.0,124.0,Sun357,,,
./sched_archive/sched_2022-12-20.txt,2022-12-20T08:00,2022-12-20T09:14,4440.0,74.0,J1242+3938_PSR,3.3248522250491974,0.6917321602070859,J2000
./sched_archive/sched_2022-12-20.txt,2022-12-20T09:15,2022-12-20T10:44,5340.0,89.0,J1536+1749_PSR,4.085161280449227,0.3109594950636564,J2000
./sched_archive/sched_2022-12-20.txt,2022-12-20T10:45,2022-12-20T11:44,3540.0,59.0,Sun357,,,
./sched_archive/sched_2022-12-20.txt,2022-12-20T11:45,2022-12-20T12:04,1140.0,19.0,J1645-0317_PSR,4.3852875895096295,-0.05758229049395671,J2000
./sched_archive/sched_2022-12-20.txt,2022-12-20T12:05,2022-12-20T14:14,7740.0,129.0,Sun357,,,
./sched_archive/sched_2022-12-20.txt,2022-12-20T14:15,2022-12-20T15:59,6240.0,104.0,J2105+1917,5.521858143049226,0.3346668840699127,J2000
./sched_archive/sched_2022-12-20.txt,2022-12-20T16:00,2022-12-20T16:39,2340.0,39.0,J2145-0750_PSR,5.697805941281582,-0.1368075848974223,J2000
./sched_archive/sched_2022-12-20.txt,2022-12-20T16:40,2022-12-20T18:59,8340.0,139.0,J2355+15,6.262241356155655,0.27052603405912107,J2000
./sched_archive/sched_2022-12-20.txt,2022-12-20T19:00,2022-12-20T19:59,3540.0,59.0,J0054+66,0.23965048401074893,1.1665753533918115,J2000
./sched_archive/sched_2022-12-20.txt,2022-12-20T20:00,2022-12-20T20:59,3540.0,59.0,J0139+3310,0.43613087285590374,0.5867200623795394,J2000
./sched_archive/sched_2022-12-20.txt,2022-12-20T21:00,2022-12-20T21:59,3540.0,59.0,J0103+54,0.27472465292560155,0.9413712871956963,J2000
./sched_archive/sched_2022-12-20.txt,2022-12-20T22:00,2022-12-20T23:59,7140.0,119.0,J0227+33,0.6420332084614374,0.5917811104613409,J2000
./sched_archive/sched_2022-12-20.txt,2022-12-21T00:00,2022-12-21T00:59,3540.0,59.0,J0355+28_PSR,1.0297198240671264,0.5020352326899089,J2000
./sched_archive/sched_2022-12-20.txt,2022-12-21T01:00,2022-12-21T01:59,3540.0,59.0,J0608+16_PSR,1.6057029118347832,0.289433767622393,J2000
./sched_archive/sched_2022-12-20.txt,2022-12-21T02:00,2022-12-21T02:59,3540.0,59.0,J0348+79,0.9961466705757633,1.3841721483885918,J2000
./sched_archive/sched_2022-12-20.txt,2022-12-21T03:00,2022-12-21T03:14,840.0,14.0,J0826+2637_PSR,2.2115817443598504,0.4646590067584504,J2000
./sched_archive/sched_2022-12-20.txt,2022-12-21T03:15,2022-12-21T03:59,2640.0,44.0,J0746+55,2.0367426739815624,0.964118391393294,J2000
./sched_archive/sched_2022-12-20.txt,2022-12-21T04:00,2022-12-21T05:59,7140.0,119.0,J0939+45,2.528618475878951,0.7897614865274342,J2000
./sched_archive/sched_2022-12-20.txt,2022-12-21T06:00,2022-12-21T06:14,840.0,14.0,J1136+1551_PSR,3.0370963006143885,0.2767098326392434,J2000
./sched_archive/sched_2022-12-20.txt,2022-12-21T06:15,2022-12-21T07:29,4440.0,74.0,J1132+2515,3.020087223477898,0.43516248425081755,J2000
./sched_archive/sched_2022-12-20.txt,2022-12-21T07:30,2022-12-21T09:14,6240.0,104.0,J1218+47,3.230943057336915,0.8248590432639309,J2000
./sched_archive/sched_2022-12-20.txt,2022-12-21T09:15,2022-12-21T10:44,5340.0,89.0,J1536+1749_PSR,4.085161280449227,0.3109594950636564,J2000
./sched_archive/sched_2022-12-20.txt,2022-12-21T10:45,2022-12-21T11:44,3540.0,59.0,Sun357,,,
./sched_archive/sched_2022-12-20.txt,2022-12-21T11:45,2022-12-21T12:04,1140.0,19.0,J1645-0317_PSR,4.3852875895096295,-0.05758229049395671,J2000
./sched_archive/sched_2022-12-20.txt,2022-12-21T12:05,2022-12-21T14:14,7740.0,129.0,Sun357,,,
./sched_archive/sched_2022-12-20.txt,2022-12-21T14:15,2022-12-21T14:59,2640.0,44.0,J2215+45,5.828447029215017,0.7925890604631511,J2000
./sched_archive/sched_2022-12-27.txt,2022-12-27T08:00,2022-12-27T10:39,9540.0,159.0,J1536+1749_PSR,4.085161280449227,0.3109594950636564,J2000
./sched_archive/sched_2022-12-27.txt,2022-12-27T10:40,2022-12-27T10:44,240.0,4.0,Sun357,,,
./sched_archive/sched_2022-12-27.txt,2022-12-27T10:45,2022-12-27T11:04,1140.0,19.0,J1645-0317_PSR,4.3852875895096295,-0.05758229049395671,J2000
./sched_archive/sched_2022-12-27.txt,2022-12-27T11:05,2022-12-27T14:19,11640.0,194.0,Sun357,,,
./sched_archive/sched_2022-12-27.txt,2022-12-27T14:20,2022-12-27T15:34,4440.0,74.0,J2105+1917,5.521858143049226,0.3346668840699127,J2000
./sched_archive/sched_2022-12-27.txt,2022-12-27T15:35,2022-12-27T16:14,2340.0,39.0,J2145-0750_PSR,5.697805941281582,-0.1368075848974223,J2000
./sched_archive/sched_2022-12-27.txt,2022-12-27T16:15,2022-12-27T18:19,7440.0,124.0,J2215+45,5.828447029215017,0.7925890604631511,J2000
./sched_archive/sched_2022-12-27.txt,2022-12-27T18:20,2022-12-27T18:59,2340.0,39.0,J0034-0534_PSR,0.1499403707045897,-0.09733420048376587,J2000
./sched_archive/sched_2022-12-27.txt,2022-12-27T19:00,2022-12-27T21:59,10740.0,179.0,J0348+79,0.9961466705757633,1.3841721483885918,J2000
./sched_archive/sched_2022-12-27.txt,2022-12-27T22:00,2022-12-27T22:59,3540.0,59.0,J0746+55,2.0367426739815624,0.964118391393294,J2000
./sched_archive/sched_2022-12-27.txt,2022-12-27T23:00,2022-12-28T02:29,12540.0,209.0,J0640+0744,1.7475109135593225,0.12639092666525603,J2000
./sched_archive/sched_2022-12-27.txt,2022-12-28T02:30,2022-12-28T04:29,7140.0,119.0,J0348+79,0.9961466705757633,1.3841721483885918,J2000
./sched_archive/sched_2022-12-27.txt,2022-12-28T04:30,2022-12-28T05:34,3840.0,64.0,J1132+2515,3.020087223477898,0.43516248425081755,J2000
./sched_archive/sched_2022-12-27.txt,2022-12-28T05:35,2022-12-28T05:49,840.0,14.0,J1136+1551_PSR,3.0370963006143885,0.2767098326392434,J2000
./sched_archive/sched_2022-12-27.txt,2022-12-28T05:50,2022-12-28T06:59,4140.0,69.0,J1218+47,3.230943057336915,0.8248590432639309,J2000
./sched_archive/sched_2022-12-27.txt,2022-12-28T07:00,2022-12-28T09:29,8940.0,149.0,J1336+3346,3.5629461009946066,0.5976686992463379,J2000
./sched_archive/sched_2022-12-27.txt,2022-12-28T09:30,2022-12-28T10:39,4140.0,69.0,J1538+2345,4.093238518783352,0.41453508989589766,J2000
./sched_archive/sched_2022-12-27.txt,2022-12-28T10:40,2022-12-28T14:19,13140.0,219.0,Sun357,,,
./sched_archive/sched_2022-12-27.txt,2022-12-28T14:20,2022-12-28T14:59,2340.0,39.0,J2105+1917,5.521858143049226,0.3346668840699127,J2000
./sched_archive/sched_2022_04_19.txt,2022-04-19T23:00,2022-04-19T23:59,3540.0,59.0,J1336+3346,3.5629461009946066,0.5976686992463379,J2000
./sched_archive/sched_2022_04_19.txt,2022-04-20T00:00,2022-04-20T00:59,3540.0,59.0,J1329+1349,3.529928412158531,0.23969188394055457,J2000
./sched_archive/sched_2022_04_19.txt,2022-04-20T01:00,2022-04-20T01:14,840.0,14.0,J1326+33_PSR,3.5198927689595636,0.589339510756752,J2000
./sched_archive/sched_2022_04_19.txt,2022-04-20T01:15,2022-04-20T02:14,3540.0,59.0,J1329+1349,3.529928412158531,0.23969188394055457,J2000
./sched_archive/sched_2022_04_19.txt,2022-04-20T02:15,2022-04-20T03:29,4440.0,74.0,J1536+1749_PSR,4.085161280449227,0.3109594950636564,J2000
./sched_archive/sched_2022_04_19.txt,2022-04-20T03:30,2022-04-20T04:29,3540.0,59.0,J1836+51_PSR,4.87164852929992,0.9050544462556755,J2000
./sched_archive/sched_2022_04_19.txt,2022-04-20T04:30,2022-04-20T04:59,1740.0,29.0,J0054+66,0.23965048401074893,1.1665753533918115,J2000
./sched_archive/sched_2022_04_19.txt,2022-04-20T05:00,2022-04-20T05:29,1740.0,29.0,J0103+54,0.2775800731192648,0.9430595724942694,J2000
./sched_archive/sched_2022_04_19.txt,2022-04-20T05:30,2022-04-20T05:49,1140.0,19.0,B1951+32_PSR,5.20531221260202,0.5738302241353217,J2000
./sched_archive/sched_2022_04_19.txt,2022-04-20T05:50,2022-04-20T06:49,3540.0,59.0,J1931+4229,5.110286484688845,0.741570367301345,J2000
./sched_archive/sched_2022_04_19.txt,2022-04-20T06:50,2022-04-20T13:55,25500.0,425.0,Sun357,,,
./sched_archive/sched_2022_04_21.txt,2022-04-21T07:00,2022-04-21T13:55,24900.0,415.0,Sun357,,,
./sched_archive/sched_2022_05_03.txt,2022-05-03T07:00,2022-05-03T14:59,28740.0,479.0,Sun357,,,
./sched_archive/sched_2022_05_03.txt,2022-05-03T15:00,2022-05-03T15:29,1740.0,29.0,Crab_PSR,1.4596732110242794,0.3842252837309499,J2000
./sched_archive/sched_2022_05_03.txt,2022-05-03T15:30,2022-05-03T17:59,8940.0,149.0,Sun357,,,
./sched_archive/sched_2022_05_03.txt,2022-05-03T18:00,2022-05-03T19:59,7140.0,119.0,J0939+45,2.528618475878951,0.7897614865274342,J2000
./sched_archive/sched_2022_05_03.txt,2022-05-03T20:00,2022-05-03T21:29,5340.0,89.0,J1005+3015,2.6466867899922453,0.5281851241238283,J2000
./sched_archive/sched_2022_05_03.txt,2022-05-03T21:30,2022-05-03T22:44,4440.0,74.0,J1218+47,3.224204904850858,0.824377183358655,J2000
./sched_archive/sched_2022_05_03.txt,2022-05-03T22:45,2022-05-03T23:44,3540.0,59.0,J1329+1349,3.529928412158531,0.23969188394055457,J2000
./sched_archive/sched_2022_05_03.txt,2022-05-03T23:45,2022-05-04T00:59,4440.0,74.0,J1336+3346,3.5629461009946066,0.5976686992463379,J2000
./sched_archive/sched_2022_05_03.txt,2022-05-04T01:00,2022-05-04T01:59,3540.0,59.0,J1400+2127,3.6662247571894993,0.37398741750247533,J2000
./sched_archive/sched_2022_05_03.txt,2022-05-04T02:00,2022-05-04T02:29,1740.0,29.0,J1538+2345,4.093238518783352,0.41453508989589766,J2000
./sched_archive/sched_2022_05_03.txt,2022-05-04T02:30,2022-05-04T03:29,3540.0,59.0,J1832+27_PSR,4.852957798340313,0.4844353325127981,J2000
./sched_archive/sched_2022_05_03.txt,2022-05-04T03:30,2022-05-04T04:14,2640.0,44.0,J1849+15,4.925910379412111,0.2666674019711703,J2000
./sched_archive/sched_2022_05_03.txt,2022-05-04T04:15,2022-05-04T04:59,2640.0,44.0,J1931+4229,5.110286484688845,0.741570367301345,J2000
./sched_archive/sched_2022_05_03.txt,2022-05-04T05:00,2022-05-04T05:29,1740.0,29.0,J2215+45,5.828447029215017,0.7925890604631511,J2000
./sched_archive/sched_2022_05_03.txt,2022-05-04T05:30,2022-05-04T06:44,4440.0,74.0,J2355+15,6.262241356155655,0.27052603405912107,J2000
./sched_archive/sched_2022_05_03.txt,2022-05-04T06:45,2022-05-04T13:58,25980.0,433.0,Sun357,,,
./sched_archive/sched_2022_05_09.txt,2022-05-09T07:00,2022-05-09T07:59,3540.0,59.0,J2347+02_PSR,6.230685803279596,0.050072449042166116,J2000
./sched_archive/sched_2022_05_09.txt,2022-05-09T08:00,2022-05-09T08:19,1140.0,19.0,J0104+64_PSR,0.2820731323903155,1.129912195107113,J2000
./sched_archive/sched_2022_05_09.txt,2022-05-09T08:20,2022-05-09T14:44,23040.0,384.0,Sun357,,,
./sched_archive/sched_2022_05_09.txt,2022-05-09T14:45,2022-05-09T15:14,1740.0,29.0,Crab_PSR,1.4596732110242794,0.3842252837309499,J2000
./sched_archive/sched_2022_05_09.txt,2022-05-09T15:15,2022-05-09T17:59,9840.0,164.0,Sun357,,,
./sched_archive/sched_2022_05_09.txt,2022-05-09T18:00,2022-05-09T20:29,8940.0,149.0,J0939+45,2.528618475878951,0.7897614865274342,J2000
./sched_archive/sched_2022_05_09.txt,2022-05-09T20:30,2022-05-09T22:59,8940.0,149.0,J1218+47,3.224204904850858,0.824377183358655,J2000
./sched_archive/sched_2022_05_09.txt,2022-05-09T23:00,2022-05-10T00:59,7140.0,119.0,J1336+3346,3.562362447424759,0.589339510756752,J2000
./sched_archive/sched_2022_05_09.txt,2022-05-10T01:00,2022-05-10T01:29,1740.0,29.0,J1326+33,3.5198927689595636,0.589339510756752,J2000
./sched_archive/sched_2022_05_09.txt,2022-05-10T01:30,2022-05-10T02:29,3540.0,59.0,J0348+79,0.9961466705757633,1.3841721483885918,J2000
./sched_archive/sched_2022_05_09.txt,2022-05-10T02:30,2022-05-10T03:29,3540.0,59.0,J1931+4229,5.109087774952567,0.7447319918259804,J2000
./sched_archive/sched_2022_05_09.txt,2022-05-10T03:30,2022-05-10T04:29,3540.0,59.0,J1832+27_PSR,4.852957798340313,0.4844353325127981,J2000
./sched_archive/sched_2022_05_09.txt,2022-05-10T04:30,2022-05-10T05:59,5340.0,89.0,J2000+29_PSR,5.238878021224291,0.5091474493917858,J2000
./sched_archive/sched_2022_05_09.txt,2022-05-10T06:00,2022-05-10T06:19,1140.0,19.0,J0104+64_PSR,0.2820731323903155,1.129912195107113,J2000
./sched_archive/sched_2022_05_09.txt,2022-05-10T06:20,2022-05-10T07:29,4140.0,69.0,J0146+31_PSR,0.46251225177849725,0.5451245030395623,J2000
./sched_archive/sched_2022_05_09.txt,2022-05-10T07:30,2022-05-10T07:59,1740.0,29.0,J2202+21_PSR,5.770494839406252,0.37797373879964796,J2000
./sched_archive/sched_2022_05_09.txt,2022-05-10T08:00,2022-05-10T18:59,39540.0,659.0,Sun357,,,
./sched_archive/sched_2022_05_09.txt,2022-05-10T19:00,2022-05-10T20:29,5340.0,89.0,J1005+3015,2.641992155206416,0.5279620987282847,J2000
./sched_archive/sched_2022_05_09.txt,2022-05-10T20:30,2022-05-10T21:29,3540.0,59.0,J1218+47,3.224204904850858,0.824377183358655,J2000
./sched_archive/sched_2022_05_09.txt,2022-05-10T21:30,2022-05-10T23:29,7140.0,119.0,J1329+1349,3.529928412158531,0.23969188394055457,J2000
./sched_archive/sched_2022_05_09.txt,2022-05-10T23:30,2022-05-11T00:59,5340.0,89.0,J1400+2127,3.6665004261270875,0.37437312455278365,J2000
./sched_archive/sched_2022_05_09.txt,2022-05-11T01:00,2022-05-11T01:29,1740.0,29.0,J1326+33,3.5198927689595636,0.589339510756752,J2000
./sched_archive/sched_2022_05_09.txt,2022-05-11T01:30,2022-05-11T01:59,1740.0,29.0,J0348+79,0.9961466705757633,1.3841721483885918,J2000
./sched_archive/sched_2022_05_09.txt,2022-05-11T02:00,2022-05-11T02:29,1740.0,29.0,J1538+2345,4.093233428239701,0.41453508989589766,J2000
./sched_archive/sched_2022_05_09.txt,2022-05-11T02:30,2022-05-11T03:29,3540.0,59.0,J1849+15,4.927718976849489,0.26677842430414433,J2000
./sched_archive/sched_2022_05_09.txt,2022-05-11T03:30,2022-05-11T04:29,3540.0,59.0,J1931+4229,5.109087774952567,0.7447319918259804,J2000
./sched_archive/sched_2022_05_09.txt,2022-05-11T04:30,2022-05-11T05:29,3540.0,59.0,J2215+45,5.828672481139396,0.7913371309910401,J2000
./sched_archive/sched_2022_05_09.txt,2022-05-11T05:30,2022-05-11T06:59,5340.0,89.0,J2138+69,5.667302247382087,1.2186906946154739,J2000
./sched_archive/sched_2022_05_09.txt,2022-05-11T07:00,2022-05-11T13:58,25080.0,418.0,Sun357,,,
./sched_archive/sched_2022_05_31.txt,2022-05-31T07:00,2022-05-31T12:59,21540.0,359.0,Sun357,,,
./sched_archive/sched_2022_06_03.txt,2022-06-03T07:45,2022-06-03T13:59,22440.0,374.0,Sun357,,,
./sched_archive/sched_2022_06_28.txt,2022-06-28T07:00,2022-06-28T11:29,16140.0,269.0,Sun357,,,
./sched_archive/sched_2022_06_28.txt,2022-06-28T12:00,2022-06-28T16:59,17940.0,299.0,Sun357,,,
./sched_archive/sched_2022_06_28.txt,2022-06-28T18:00,2022-06-28T18:59,3540.0,59.0,J1005+3015,2.6466867899922453,0.5281851241238283,J2000
./sched_archive/sched_2022_06_28.txt,2022-06-28T19:00,2022-06-28T19:59,3540.0,59.0,J1218+47,3.224204904850858,0.824377183358655,J2000
./sched_archive/sched_2022_06_28.txt,2022-06-28T20:00,2022-06-28T20:59,3540.0,59.0,J1336+3346,3.5629461009946066,0.5976686992463379,J2000
./sched_archive/sched_2022_06_28.txt,2022-06-28T21:00,2022-06-28T22:59,7140.0,119.0,J1651+1422_PSR,4.411319684415668,0.25074563586985205,J2000
./sched_archive/sched_2022_06_28.txt,2022-06-28T23:00,2022-06-28T23:29,1740.0,29.0,J0027+84,0.1189732773442801,1.4711331783692092,J2000
./sched_archive/sched_2022_06_28.txt,2022-06-28T23:30,2022-06-29T00:29,3540.0,59.0,J1917+1723,5.050546522958591,0.30339640163834763,J2000
./sched_archive/sched_2022_06_28.txt,2022-06-29T00:30,2022-06-29T01:29,3540.0,59.0,J1841-0448,4.892012449235772,-0.08377580409572781,J2000
./sched_archive/sched_2022_06_28.txt,2022-06-29T01:30,2022-06-29T02:29,3540.0,59.0,J2107+2606,5.530512067257031,0.45553093477052004,J2000
./sched_archive/sched_2022_06_28.txt,2022-06-29T02:30,2022-06-29T03:44,4440.0,74.0,J2119+49,5.583017388921195,0.8592255907568085,J2000
./sched_archive/sched_2022_06_28.txt,2022-06-29T03:45,2022-06-29T04:44,3540.0,59.0,J1929+42,5.803219762881146,0.3717551306747922,J2000
./sched_archive/sched_2022_06_28.txt,2022-06-29T04:45,2022-06-29T05:44,3540.0,59.0,J2253+1237_PSR,5.990842657470536,0.22020237395995126,J2000
./sched_archive/sched_2022_06_28.txt,2022-06-29T05:45,2022-06-29T13:59,29640.0,494.0,Sun357,,,
./sched_archive/sched_2022_07_01.txt,2022-07-01T07:00,2022-07-01T12:29,19740.0,329.0,Sun357,,,
./sched_archive/sched_2022_07_01.txt,2022-07-01T12:30,2022-07-01T12:59,1740.0,29.0,J0746+55,2.0367426739815624,0.964118391393294,J2000
./sched_archive/sched_2022_07_01.txt,2022-07-01T13:00,2022-07-01T13:59,3540.0,59.0,J0826+2637_PSR,2.2115817443598504,0.4646590067584504,J2000
./sched_archive/sched_2022_08_29.txt,2022-08-29T19:45,2022-08-29T21:14,5340.0,89.0,J1536+1749_PSR,4.085161280449227,0.3109594950636564,J2000
./sched_archive/sched_2022_08_29.txt,2022-08-29T21:15,2022-08-29T22:29,4440.0,74.0,J1931+4229,5.110286484688845,0.741570367301345,J2000
./sched_archive/sched_2022_10_04.txt,2022-10-04T15:25,2022-10-04T16:59,5640.0,94.0,Sun357,,,
./sched_archive/sched_2022_10_04.txt,2022-10-04T17:00,2022-10-04T19:29,8940.0,149.0,J1836+51_PSR,4.87164852929992,0.9050544462556755,J2000
./sched_archive/sched_2022_10_04.txt,2022-10-04T19:30,2022-10-04T21:29,7140.0,119.0,J2105+1917,5.521058200475395,0.3377212102609028,J2000
./sched_archive/sched_2022_10_04.txt,2022-10-04T21:30,2022-10-04T23:59,8940.0,149.0,J2138+69,5.667302247382087,1.2186906946154739,J2000
./sched_archive/sched_2022_10_04.txt,2022-10-05T00:00,2022-10-05T02:29,8940.0,149.0,J0146+31_PSR,0.46251225177849725,0.5451245030395623,J2000
./sched_archive/sched_2022_10_04.txt,2022-10-05T02:30,2022-10-05T03:59,5340.0,89.0,J0355+28_PSR,1.0297198240671264,0.5020352326899089,J2000
./sched_archive/sched_2022_10_04.txt,2022-10-05T04:00,2022-10-05T04:59,3540.0,59.0,J0348+79,0.9961466705757633,1.3841721483885918,J2000
./sched_archive/sched_2022_10_04.txt,2022-10-05T05:00,2022-10-05T05:59,3540.0,59.0,J0608+16_PSR,1.6057029118347832,0.289433767622393,J2000
./sched_archive/sched_2022_10_04.txt,2022-10-05T06:00,2022-10-05T07:59,7140.0,119.0,J0939+45,2.528618475878951,0.7897614865274342,J2000
./sched_archive/sched_2022_10_04.txt,2022-10-05T08:00,2022-10-05T13:59,21540.0,359.0,Sun357,,,
./sched_archive/sched_2022_10_04_1.txt,2022-10-04T07:00,2022-10-04T07:59,3540.0,59.0,J0826+2637_PSR,2.2115817443598504,0.4646590067584504,J2000
./sched_archive/sched_2022_10_04_1.txt,2022-10-04T08:00,2022-10-04T11:59,14340.0,239.0,Sun357,,,
./sched_archive/sched_2022_10_04_1.txt,2022-10-04T12:00,2022-10-04T12:29,1740.0,29.0,J1300+1240_PSR,3.4036180252242274,0.22134243757176436,J2000
./sched_archive/sched_2022_10_04_1.txt,2022-10-04T12:30,2022-10-04T12:59,1740.0,29.0,J1336+3346,3.5629461009946066,0.5976686992463379,J2000
./sched_archive/sched_2022_10_04_1.txt,2022-10-04T13:00,2022-10-04T13:59,3540.0,59.0,J1400-1431_PSR,3.6651914291880914,-0.25336362974784354,J2000
./sched_archive/sched_2022_10_04_1.txt,2022-10-04T17:00,2022-10-04T19:29,8940.0,149.0,J1836+51_PSR  STOPSTART,4.87164852929992,0.9050544462556755,J2000
./sched_archive/sched_2022_10_04_1.txt,2022-10-04T19:30,2022-10-04T21:29,7140.0,119.0,J2105+1917,5.521058200475395,0.3377212102609028,J2000
./sched_archive/sched_2022_10_04_1.txt,2022-10-04T21:30,2022-10-04T23:59,8940.0,149.0,J2138+69,5.667302247382087,1.2186906946154739,J2000
./sched_archive/sched_2022_10_04_1.txt,2022-10-05T00:00,2022-10-05T02:29,8940.0,149.0,J0146+31_PSR,0.46251225177849725,0.5451245030395623,J2000
./sched_archive/sched_2022_10_04_1.txt,2022-10-05T02:30,2022-10-05T03:59,5340.0,89.0,J0355+28_PSR,1.0297198240671264,0.5020352326899089,J2000
./sched_archive/sched_2022_10_04_1.txt,2022-10-05T04:00,2022-10-05T04:59,3540.0,59.0,J0348+79,0.9961466705757633,1.3841721483885918,J2000
./sched_archive/sched_2022_10_04_1.txt,2022-10-05T05:00,2022-10-05T05:59,3540.0,59.0,J0608+16_PSR,1.6057029118347832,0.289433767622393,J2000
./sched_archive/sched_2022_10_04_1.txt,2022-10-05T06:00,2022-10-05T07:59,7140.0,119.0,J0939+45,2.528618475878951,0.7897614865274342,J2000
./sched_archive/sched_2022_10_04_1.txt,2022-10-05T08:00,2022-10-05T13:59,21540.0,359.0,Sun357,,,
./sched_archive/sched_2022_10_04_1.txt,2022-10-07T07:00,2022-10-07T07:59,3540.0,59.0,J0746+55,2.0367426739815624,0.964118391393294,J2000
./sched_archive/sched_2022_10_04_1.txt,2022-10-07T08:00,2022-10-07T13:59,21540.0,359.0,Sun357,,,
./sched_archive/sched_2022_10_04_2.txt,2022-10-04T07:00,2022-10-04T07:59,3540.0,59.0,J0826+2637_PSR,2.2115817443598504,0.4646590067584504,J2000
./sched_archive/sched_2022_10_04_2.txt,2022-10-04T08:00,2022-10-04T11:59,14340.0,239.0,Sun357,,,
./sched_archive/sched_2022_10_04_2.txt,2022-10-04T12:00,2022-10-04T12:29,1740.0,29.0,J1300+1240_PSR,3.4036180252242274,0.22134243757176436,J2000
./sched_archive/sched_2022_10_04_2.txt,2022-10-04T12:30,2022-10-04T12:59,1740.0,29.0,J1336+3346,3.5629461009946066,0.5976686992463379,J2000
./sched_archive/sched_2022_10_04_2.txt,2022-10-04T13:00,2022-10-04T13:59,3540.0,59.0,J1400-1431_PSR,3.6651914291880914,-0.25336362974784354,J2000
./sched_archive/sched_2022_10_04_2.txt,2022-10-04T17:00,2022-10-04T19:29,8940.0,149.0,J1836+51_PSR  STOPSTART,4.87164852929992,0.9050544462556755,J2000
./sched_archive/sched_2022_10_04_2.txt,2022-10-04T19:30,2022-10-04T21:29,7140.0,119.0,J2105+1917,5.521058200475395,0.3377212102609028,J2000
./sched_archive/sched_2022_10_04_2.txt,2022-10-04T21:30,2022-10-04T23:59,8940.0,149.0,J2138+69,5.667302247382087,1.2186906946154739,J2000
./sched_archive/sched_2022_10_04_2.txt,2022-10-05T00:00,2022-10-05T02:29,8940.0,149.0,J0146+31_PSR,0.46251225177849725,0.5451245030395623,J2000
./sched_archive/sched_2022_10_04_2.txt,2022-10-05T02:30,2022-10-05T03:59,5340.0,89.0,J0355+28_PSR,1.0297198240671264,0.5020352326899089,J2000
./sched_archive/sched_2022_10_04_2.txt,2022-10-05T04:00,2022-10-05T04:59,3540.0,59.0,J0348+79,0.9961466705757633,1.3841721483885918,J2000
./sched_archive/sched_2022_10_04_2.txt,2022-10-05T05:00,2022-10-05T05:59,3540.0,59.0,J0608+16_PSR,1.6057029118347832,0.289433767622393,J2000
./sched_archive/sched_2022_10_04_2.txt,2022-10-05T06:00,2022-10-05T07:59,7140.0,119.0,J0939+45,2.528618475878951,0.7897614865274342,J2000
./sched_archive/sched_2022_10_04_2.txt,2022-10-05T08:00,2022-10-05T13:59,21540.0,359.0,Sun357,,,
./sched_archive/sched_2022_10_04_2.txt,2022-10-07T07:00,2022-10-07T07:59,3540.0,59.0,J0746+55,2.0367426739815624,0.964118391393294,J2000
./sched_archive/sched_2022_10_04_2.txt,2022-10-07T08:00,2022-10-07T13:59,21540.0,359.0,Sun357,,,
./sched_archive/sched_2023-01-03.txt,2023-01-03T08:00,2023-01-03T10:14,8040.0,134.0,J1536+1749_PSR,4.085161280449227,0.3109594950636564,J2000
./sched_archive/sched_2023-01-03.txt,2023-01-03T10:15,2023-01-03T10:34,1140.0,19.0,J1645-0317_PSR,4.3852875895096295,-0.05758229049395671,J2000
./sched_archive/sched_2023-01-03.txt,2023-01-03T10:35,2023-01-03T14:29,14040.0,234.0,Sun357,,,
./sched_archive/sched_2023-01-03.txt,2023-01-03T14:30,2023-01-03T15:04,2040.0,34.0,J2105+1917,5.521858143049226,0.3346668840699127,J2000
./sched_archive/sched_2023-01-03.txt,2023-01-03T15:05,2023-01-03T15:44,2340.0,39.0,J2145-0750_PSR,5.697805941281582,-0.1368075848974223,J2000
./sched_archive/sched_2023-01-03.txt,2023-01-03T15:45,2023-01-03T15:59,840.0,14.0,J2215+45,5.828447029215017,0.7925890604631511,J2000
./sched_archive/sched_2023-01-03.txt,2023-01-03T16:00,2023-01-03T16:59,3540.0,59.0,J2325-0530,6.131581645028229,-0.09618218619532085,J2000
./sched_archive/sched_2023-01-03.txt,2023-01-03T17:00,2023-01-03T17:19,1140.0,19.0,J2355+15,6.262241356155655,0.27052603405912107,J2000
./sched_archive/sched_2023-01-03.txt,2023-01-03T17:20,2023-01-03T17:59,2340.0,39.0,J0034-0534_PSR,0.1499403707045897,-0.09733420048376587,J2000
./sched_archive/sched_2023-01-03.txt,2023-01-03T18:00,2023-01-03T18:59,3540.0,59.0,J0054+66,0.23965048401074893,1.1665753533918115,J2000
./sched_archive/sched_2023-01-03.txt,2023-01-03T19:00,2023-01-03T19:59,3540.0,59.0,J0139+3310,0.43613087285590374,0.5867200623795394,J2000
./sched_archive/sched_2023-01-03.txt,2023-01-03T20:00,2023-01-03T20:59,3540.0,59.0,J0103+54,0.27472465292560155,0.9413712871956963,J2000
./sched_archive/sched_2023-01-03.txt,2023-01-03T21:00,2023-01-03T22:59,7140.0,119.0,J0348+79,0.9961466705757633,1.3841721483885918,J2000
./sched_archive/sched_2023-01-03.txt,2023-01-03T23:00,2023-01-04T00:59,7140.0,119.0,J0640+0744,1.7475109135593225,0.12639092666525603,J2000
./sched_archive/sched_2023-01-03.txt,2023-01-04T01:00,2023-01-04T01:59,3540.0,59.0,J0939+45,2.528618475878951,0.7897614865274342,J2000
./sched_archive/sched_2023-01-03.txt,2023-01-04T02:00,2023-01-04T02:14,840.0,14.0,J0826+2637_PSR,2.2115817443598504,0.4646590067584504,J2000
./sched_archive/sched_2023-01-03.txt,2023-01-04T02:15,2023-01-04T02:59,2640.0,44.0,J0939+45,2.528618475878951,0.7897614865274342,J2000
./sched_archive/sched_2023-01-03.txt,2023-01-04T03:00,2023-01-04T03:39,2340.0,39.0,J1132+2515,3.020087223477898,0.43516248425081755,J2000
./sched_archive/sched_2023-01-03.txt,2023-01-04T03:40,2023-01-04T04:19,2340.0,39.0,J1022+1001_PSR,2.718205665819409,0.17508003705071412,J2000
./sched_archive/sched_2023-01-03.txt,2023-01-04T04:20,2023-01-04T05:59,5940.0,99.0,J1218+47,3.230943057336915,0.8248590432639309,J2000
./sched_archive/sched_2023-01-03.txt,2023-01-04T06:00,2023-01-04T07:59,7140.0,119.0,J1329+1349,3.529928412158531,0.23969188394055457,J2000
./sched_archive/sched_2023-01-03.txt,2023-01-04T08:00,2023-01-04T10:34,9240.0,154.0,J1400+2127,3.6662247571894993,0.37398741750247533,J2000
./sched_archive/sched_2023-01-03.txt,2023-01-04T10:35,2023-01-04T14:29,14040.0,234.0,Sun357,,,
./sched_archive/sched_2023-01-03.txt,2023-01-04T14:30,2023-01-04T14:59,1740.0,29.0,J2355+15,6.262241356155655,0.27052603405912107,J2000
./sched_archive/sched_2023-01-06.txt,2023-01-06T08:00,2023-01-06T08:24,1440.0,24.0,J0826+2637_PSR,2.2115817443598504,0.4646590067584504,J2000
./sched_archive/sched_2023-01-06.txt,2023-01-06T08:25,2023-01-06T09:19,3240.0,54.0,J1022+1001_PSR,2.718205665819409,0.17508003705071412,J2000
./sched_archive/sched_2023-01-06.txt,2023-01-06T09:20,2023-01-06T09:39,1140.0,19.0,J1136+1551_PSR,3.0370963006143885,0.2767098326392434,J2000
./sched_archive/sched_2023-01-06.txt,2023-01-06T09:40,2023-01-06T10:19,2340.0,39.0,J1300+1240_PSR,3.4036180252242274,0.22134243757176436,J2000
./sched_archive/sched_2023-01-06.txt,2023-01-06T10:20,2023-01-06T10:39,1140.0,19.0,J1645-0317_PSR,4.3852875895096295,-0.05758229049395671,J2000
./sched_archive/sched_2023-01-06.txt,2023-01-06T10:40,2023-01-06T14:19,13140.0,219.0,Sun357,,,
./sched_archive/sched_2023-01-06.txt,2023-01-06T14:20,2023-01-06T14:59,2340.0,39.0,J2145-0750_PSR,5.697805941281582,-0.1368075848974223,J2000
./sched_archive/sched_2023-01-13.txt,2023-01-13T09:20,2023-01-13T10:24,3840.0,64.0,J1836+51_PSR,4.87164852929992,0.9050544462556755,J2000
./sched_archive/sched_2023-01-13.txt,2023-01-13T10:25,2023-01-13T14:29,14640.0,244.0,Sun357,,,
./sched_archive/sched_2023-01-13.txt,2023-01-13T14:30,2023-01-13T14:59,1740.0,29.0,J2111+34,5.547674471568309,0.6060316457973532,J2000
./sched_archive/sched_2023-01-24.txt,2023-01-24T08:00,2023-01-24T08:59,3540.0,59.0,J1400+2127,3.6662247571894993,0.37398741750247533,J2000
./sched_archive/sched_2023-01-24.txt,2023-01-24T09:00,2023-01-24T09:14,840.0,14.0,J1645-0317_PSR,4.3852875895096295,-0.05758229049395671,J2000
./sched_archive/sched_2023-01-24.txt,2023-01-24T09:15,2023-01-24T13:44,16140.0,269.0,Sun357,,,
./sched_archive/sched_2023-01-24.txt,2023-01-24T13:45,2023-01-24T14:24,2340.0,39.0,J2145-0750_PSR,5.697805941281582,-0.1368075848974223,J2000
./sched_archive/sched_2023-01-24.txt,2023-01-24T14:25,2023-01-24T15:44,4740.0,79.0,Sun357,,,
./sched_archive/sched_2023-01-24.txt,2023-01-24T15:45,2023-01-24T16:29,2640.0,44.0,J2355+15,6.262241356155655,0.27052603405912107,J2000
./sched_archive/sched_2023-01-24.txt,2023-01-24T16:30,2023-01-24T17:09,2340.0,39.0,J0034-0534_PSR,0.1499403707045897,-0.09733420048376587,J2000
./sched_archive/sched_2023-01-24.txt,2023-01-24T17:10,2023-01-24T17:29,1140.0,19.0,J0104+64_PSR,0.2820731323903155,1.129912195107113,J2000
./sched_archive/sched_2023-01-24.txt,2023-01-24T17:30,2023-01-24T18:59,5340.0,89.0,J0146+31_PSR,0.46251225177849725,0.5451245030395623,J2000
./sched_archive/sched_2023-01-24.txt,2023-01-24T19:00,2023-01-24T19:39,2340.0,39.0,J0220+3622_PSR,0.613926836594222,0.6361531198046887,J2000
./sched_archive/sched_2023-01-24.txt,2023-01-24T19:40,2023-01-24T20:19,2340.0,39.0,J0355+28_PSR,1.0297198240671264,0.5020352326899089,J2000
./sched_archive/sched_2023-01-24.txt,2023-01-24T20:20,2023-01-24T21:54,5640.0,94.0,J0348+79,0.9961466705757633,1.3841721483885918,J2000
./sched_archive/sched_2023-01-24.txt,2023-01-24T21:55,2023-01-24T22:59,3840.0,64.0,J0640+0744,1.7475109135593225,0.12639092666525603,J2000
./sched_archive/sched_2023-01-24.txt,2023-01-24T23:00,2023-01-24T23:59,3540.0,59.0,J0608+16_PSR,1.6057029118347832,0.289433767622393,J2000
./sched_archive/sched_2023-01-24.txt,2023-01-25T00:00,2023-01-25T01:24,5040.0,84.0,J0845-03,2.290744643242557,-0.06248278722139699,J2000
./sched_archive/sched_2023-01-24.txt,2023-01-25T01:25,2023-01-25T02:24,3540.0,59.0,J0939+45,2.528618475878951,0.7897614865274342,J2000
./sched_archive/sched_2023-01-24.txt,2023-01-25T02:25,2023-01-25T02:59,2040.0,34.0,J1242+3938_PSR,3.3248522250491974,0.6917321602070859,J2000
./sched_archive/sched_2023-01-24.txt,2023-01-25T03:00,2023-01-25T03:39,2340.0,39.0,J1132+2515_PSR,3.020087223477898,0.43516248425081755,J2000
./sched_archive/sched_2023-01-24.txt,2023-01-25T03:40,2023-01-25T03:59,1140.0,19.0,J1136+1551_PSR,3.0370963006143885,0.2767098326392434,J2000
./sched_archive/sched_2023-01-24.txt,2023-01-25T04:00,2023-01-25T04:19,1140.0,19.0,J1132+2515_PSR,3.020087223477898,0.43516248425081755,J2000
./sched_archive/sched_2023-01-24.txt,2023-01-25T04:20,2023-01-25T04:54,2040.0,34.0,J1218+47,3.230943057336915,0.8248590432639309,J2000
./sched_archive/sched_2023-01-24.txt,2023-01-25T04:55,2023-01-25T05:34,2340.0,39.0,J1300+1240_PSR,3.4036180252242274,0.22134243757176436,J2000
./sched_archive/sched_2023-01-24.txt,2023-01-25T05:35,2023-01-25T07:14,5940.0,99.0,J1329+1349,3.529928412158531,0.23969188394055457,J2000
./sched_archive/sched_2023-01-24.txt,2023-01-25T07:15,2023-01-25T09:14,7140.0,119.0,J1536+1749_PSR,4.085161280449227,0.3109594950636564,J2000
./sched_archive/sched_2023-01-24.txt,2023-01-25T09:15,2023-01-25T12:59,13440.0,224.0,Sun357,,,
./sched_archive/sched_2023-01-24.txt,2023-01-25T13:00,2023-01-25T13:59,3540.0,59.0,J2111+34,5.547674471568309,0.6060316457973532,J2000
./sched_archive/sched_2023-01-24.txt,2023-01-25T14:00,2023-01-25T14:59,3540.0,59.0,J2153+44,5.730934043027713,0.7844430804456625,J2000
./sched_archive/sched_2023-01-27.txt,2023-01-27T08:00,2023-01-27T09:09,4140.0,69.0,J2000+29_PSR,5.238878021224291,0.5091474493917858,J2000
./sched_archive/sched_2023-01-27.txt,2023-01-27T09:10,2023-01-27T14:59,20940.0,349.0,Sun357,,,
./sched_archive/sched_2023-01-31.txt,2023-01-31T08:00,2023-01-31T09:29,5340.0,89.0,J1400+2127,3.6662247571894993,0.37398741750247533,J2000
./sched_archive/sched_2023-01-31.txt,2023-01-31T09:30,2023-01-31T14:59,19740.0,329.0,Sun357,,,
./sched_archive/sched_2023-01-31.txt,2023-01-31T15:00,2023-01-31T15:59,3540.0,59.0,J2153+44,5.730934043027713,0.7844430804456625,J2000
./sched_archive/sched_2023-01-31.txt,2023-01-31T16:00,2023-01-31T16:59,3540.0,59.0,J2347+02_PSR,6.230685803279596,0.050072449042166116,J2000
./sched_archive/sched_2023-01-31.txt,2023-01-31T17:00,2023-01-31T18:59,7140.0,119.0,J2138+69,5.667302247382087,1.2186906946154739,J2000
./sched_archive/sched_2023-01-31.txt,2023-01-31T19:00,2023-01-31T20:59,7140.0,119.0,J0348+79,0.9961466705757633,1.3841721483885918,J2000
./sched_archive/sched_2023-01-31.txt,2023-01-31T21:00,2023-01-31T23:29,8940.0,149.0,J0640+0744,1.7475109135593225,0.12639092666525603,J2000
./sched_archive/sched_2023-01-31.txt,2023-01-31T23:30,2023-02-01T00:59,5340.0,89.0,J0845-03,2.290744643242557,-0.06248278722139699,J2000
./sched_archive/sched_2023-01-31.txt,2023-02-01T01:00,2023-02-01T01:59,3540.0,59.0,J0939+45,2.528618475878951,0.7897614865274342,J2000
./sched_archive/sched_2023-01-31.txt,2023-02-01T02:00,2023-02-01T02:29,1740.0,29.0,J1132+2515,3.020087223477898,0.43516248425081755,J2000
./sched_archive/sched_2023-01-31.txt,2023-02-01T02:30,2023-02-01T04:59,8940.0,149.0,J1218+47,3.230943057336915,0.8248590432639309,J2000
./sched_archive/sched_2023-01-31.txt,2023-02-01T05:00,2023-02-01T06:59,7140.0,119.0,J1329+1349,3.529928412158531,0.23969188394055457,J2000
./sched_archive/sched_2023-01-31.txt,2023-02-01T07:00,2023-02-01T09:29,8940.0,149.0,J1536+1749_PSR,4.085161280449227,0.3109594950636564,J2000
./sched_archive/sched_2023-01-31.txt,2023-02-01T09:30,2023-02-01T13:59,16140.0,269.0,Sun357,,,
./sched_archive/sched_2023-01-31.txt,2023-02-01T14:00,2023-02-01T14:59,3540.0,59.0,J2111+34,5.547674471568309,0.6060316457973532,J2000
./sched_archive/sched_2023-02-03.txt,2023-02-03T08:00,2023-02-03T09:19,4740.0,79.0,J1400+2127,3.6662247571894993,0.37398741750247533,J2000
./sched_archive/sched_2023-02-03.txt,2023-02-03T09:20,2023-02-03T14:59,20340.0,339.0,Sun357,,,
./sched_archive/sched_2023-02-07.txt,2023-02-07T08:00,2023-02-07T09:14,4440.0,74.0,J1732+2700,4.591961261997081,0.4686209041604775,J2000
./sched_archive/sched_2023-02-07.txt,2023-02-07T09:15,2023-02-07T13:19,14640.0,244.0,Sun357,,,
./sched_archive/sched_2023-02-07.txt,2023-02-07T13:20,2023-02-07T13:59,2340.0,39.0,J2145-0750_PSR,5.697805941281582,-0.1368075848974223,J2000
./sched_archive/sched_2023-02-07.txt,2023-02-07T14:00,2023-02-07T14:59,3540.0,59.0,J2325-0530,6.131581645028229,-0.09618218619532085,J2000
./sched_archive/sched_2023-02-07.txt,2023-02-07T15:00,2023-02-07T15:19,1140.0,19.0,Sun357,,,
./sched_archive/sched_2023-02-07.txt,2023-02-07T15:20,2023-02-07T15:59,2340.0,39.0,J0034-0534_PSR,0.1499403707045897,-0.09733420048376587,J2000
./sched_archive/sched_2023-02-07.txt,2023-02-07T16:00,2023-02-07T16:59,3540.0,59.0,J0054+66,0.23965048401074893,1.1665753533918115,J2000
./sched_archive/sched_2023-02-07.txt,2023-02-07T17:00,2023-02-07T17:59,3540.0,59.0,J0139+3310,0.43613087285590374,0.5867200623795394,J2000
./sched_archive/sched_2023-02-07.txt,2023-02-07T18:00,2023-02-07T19:59,7140.0,119.0,J0227+33,0.6420332084614374,0.5917811104613409,J2000
./sched_archive/sched_2023-02-07.txt,2023-02-07T20:00,2023-02-07T21:59,7140.0,119.0,J0348+79,0.9961466705757633,1.3841721483885918,J2000
./sched_archive/sched_2023-02-07.txt,2023-02-07T22:00,2023-02-07T23:44,6240.0,104.0,J2138+69,5.667302247382087,1.2186906946154739,J2000
./sched_archive/sched_2023-02-07.txt,2023-02-07T23:45,2023-02-07T23:59,840.0,14.0,J0826+2637_PSR,2.2115817443598504,0.4646590067584504,J2000
./sched_archive/sched_2023-02-07.txt,2023-02-08T00:00,2023-02-08T01:59,7140.0,119.0,J0939+45,2.528618475878951,0.7897614865274342,J2000
./sched_archive/sched_2023-02-07.txt,2023-02-08T02:00,2023-02-08T02:34,2040.0,34.0,J1022+1001_PSR,2.718205665819409,0.17508003705071412,J2000
./sched_archive/sched_2023-02-07.txt,2023-02-08T02:35,2023-02-08T02:59,1440.0,24.0,J1132+2515,3.020087223477898,0.43516248425081755,J2000
./sched_archive/sched_2023-02-07.txt,2023-02-08T03:00,2023-02-08T03:14,840.0,14.0,J1136+1551_PSR,3.0370963006143885,0.2767098326392434,J2000
./sched_archive/sched_2023-02-07.txt,2023-02-08T03:15,2023-02-08T04:59,6240.0,104.0,J1218+47,3.230943057336915,0.8248590432639309,J2000
./sched_archive/sched_2023-02-07.txt,2023-02-08T05:00,2023-02-08T05:59,3540.0,59.0,J1329+1349,3.529928412158531,0.23969188394055457,J2000
./sched_archive/sched_2023-02-07.txt,2023-02-08T06:00,2023-02-08T07:29,5340.0,89.0,J1536+1749_PSR,4.085161280449227,0.3109594950636564,J2000
./sched_archive/sched_2023-02-07.txt,2023-02-08T07:30,2023-02-08T09:19,6540.0,109.0,J1849+15,4.925910379412111,0.2666674019711703,J2000
./sched_archive/sched_2023-02-07.txt,2023-02-08T09:20,2023-02-08T13:59,16740.0,279.0,Sun357,,,
./sched_archive/sched_2023-02-07.txt,2023-02-08T14:00,2023-02-08T14:59,3540.0,59.0,J2111+34,5.547674471568309,0.6060316457973532,J2000
./sched_archive/sched_2023-02-10.txt,2023-02-10T08:00,2023-02-10T09:19,4740.0,79.0,J1849+15,4.925910379412111,0.2666674019711703,J2000
./sched_archive/sched_2023-02-10.txt,2023-02-10T09:20,2023-02-10T12:34,11640.0,194.0,Sun357,,,
./sched_archive/sched_2023-02-10.txt,2023-02-10T12:35,2023-02-10T13:14,2340.0,39.0,J2145-0750_PSR,5.697805941281582,-0.1368075848974223,J2000
./sched_archive/sched_2023-02-10.txt,2023-02-10T13:15,2023-02-10T14:59,6240.0,104.0,Sun357,,,
./sched_archive/sched_2023-02-14.txt,2023-02-14T08:00,2023-02-14T09:09,4140.0,69.0,J1931+4229,5.110286484688845,0.741570367301345,J2000
./sched_archive/sched_2023-02-14.txt,2023-02-14T09:10,2023-02-14T12:19,11340.0,189.0,Sun357,,,
./sched_archive/sched_2023-02-14.txt,2023-02-14T12:20,2023-02-14T12:59,2340.0,39.0,J2145-0750_PSR,5.697805941281582,-0.1368075848974223,J2000
./sched_archive/sched_2023-02-14.txt,2023-02-14T13:00,2023-02-14T14:19,4740.0,79.0,Sun357,,,
./sched_archive/sched_2023-02-14.txt,2023-02-14T14:20,2023-02-14T14:59,2340.0,39.0,J0034-0534_PSR,0.1499403707045897,-0.09733420048376587,J2000
./sched_archive/sched_2023-02-14.txt,2023-02-14T15:00,2023-02-14T15:59,3540.0,59.0,J0054+66,0.23965048401074893,1.1665753533918115,J2000
./sched_archive/sched_2023-02-14.txt,2023-02-14T16:00,2023-02-14T16:59,3540.0,59.0,J0139+3310,0.43613087285590374,0.5867200623795394,J2000
./sched_archive/sched_2023-02-14.txt,2023-02-14T17:00,2023-02-14T17:59,3540.0,59.0,J0103+54,0.27472465292560155,0.9413712871956963,J2000
./sched_archive/sched_2023-02-14.txt,2023-02-14T18:00,2023-02-14T20:34,9240.0,154.0,J0318+1341,0.8635016474241944,0.23532856081056874,J2000
./sched_archive/sched_2023-02-14.txt,2023-02-14T20:35,2023-02-14T22:29,6840.0,114.0,J0640+0744,1.7475109135593225,0.12639092666525603,J2000
./sched_archive/sched_2023-02-14.txt,2023-02-14T22:30,2023-02-15T00:14,6240.0,104.0,J0939+45_PSR,2.528618475878951,0.7897614865274342,J2000
./sched_archive/sched_2023-02-14.txt,2023-02-15T00:15,2023-02-15T00:54,2340.0,39.0,J1132+2515_PSR,3.020087223477898,0.43516248425081755,J2000
./sched_archive/sched_2023-02-14.txt,2023-02-15T00:55,2023-02-15T01:34,2340.0,39.0,J1022+1001_PSR,2.718205665819409,0.17508003705071412,J2000
./sched_archive/sched_2023-02-14.txt,2023-02-15T01:35,2023-02-15T02:29,3240.0,54.0,J1218+47_PSR,3.230943057336915,0.8248590432639309,J2000
./sched_archive/sched_2023-02-14.txt,2023-02-15T02:30,2023-02-15T03:34,3840.0,64.0,J1336+3346,3.5629461009946066,0.5976686992463379,J2000
./sched_archive/sched_2023-02-14.txt,2023-02-15T03:35,2023-02-15T04:14,2340.0,39.0,J1300+1240_PSR,3.4036180252242274,0.22134243757176436,J2000
./sched_archive/sched_2023-02-14.txt,2023-02-15T04:15,2023-02-15T05:44,5340.0,89.0,J1329+1349,3.529928412158531,0.23969188394055457,J2000
./sched_archive/sched_2023-02-14.txt,2023-02-15T05:45,2023-02-15T07:34,6540.0,109.0,J1536+1749_PSR,4.085161280449227,0.3109594950636564,J2000
./sched_archive/sched_2023-02-14.txt,2023-02-15T07:35,2023-02-15T07:49,840.0,14.0,J1645-0317_PSR,4.3852875895096295,-0.05758229049395671,J2000
./sched_archive/sched_2023-02-14.txt,2023-02-15T07:50,2023-02-15T09:09,4740.0,79.0,J1849+15,4.925910379412111,0.2666674019711703,J2000
./sched_archive/sched_2023-02-14.txt,2023-02-15T09:10,2023-02-15T14:59,20940.0,349.0,Sun357,,,
./sched_archive/sched_2023-02-17.txt,2023-02-17T08:00,2023-02-17T09:09,4140.0,69.0,J1849+15,4.925910379412111,0.2666674019711703,J2000
./sched_archive/sched_2023-02-17.txt,2023-02-17T09:10,2023-02-17T12:09,10740.0,179.0,Sun357,,,
./sched_archive/sched_2023-02-17.txt,2023-02-17T12:10,2023-02-17T12:49,2340.0,39.0,J2145-0750_PSR,5.697805941281582,-0.1368075848974223,J2000
./sched_archive/sched_2023-02-17.txt,2023-02-17T12:50,2023-02-17T14:59,7740.0,129.0,Sun357,,,
./sched_archive/sched_2023-02-21.txt,2023-02-21T08:00,2023-02-21T08:59,3540.0,59.0,J1836+51_PSR,4.87164852929992,0.9050544462556755,J2000
./sched_archive/sched_2023-02-21.txt,2023-02-21T09:00,2023-02-21T11:54,10440.0,174.0,Sun357,,,
./sched_archive/sched_2023-02-21.txt,2023-02-21T11:55,2023-02-21T12:34,2340.0,39.0,J2145-0750_PSR,5.697805941281582,-0.1368075848974223,J2000
./sched_archive/sched_2023-02-21.txt,2023-02-21T12:35,2023-02-21T14:39,7440.0,124.0,Sun357,,,
./sched_archive/sched_2023-02-21.txt,2023-02-21T14:40,2023-02-21T15:19,2340.0,39.0,J0034-0534_PSR,0.1499403707045897,-0.09733420048376587,J2000
./sched_archive/sched_2023-02-21.txt,2023-02-21T15:20,2023-02-21T16:29,4140.0,69.0,Sun357,,,
./sched_archive/sched_2023-02-21.txt,2023-02-21T16:30,2023-02-21T17:44,4440.0,74.0,J0146+31_PSR,0.46251225177849725,0.5451245030395623,J2000
./sched_archive/sched_2023-02-21.txt,2023-02-21T17:45,2023-02-21T17:59,840.0,14.0,J0608+16_PSR,1.6057029118347832,0.289433767622393,J2000
./sched_archive/sched_2023-02-21.txt,2023-02-21T18:00,2023-02-21T18:29,1740.0,29.0,J0104+64_PSR,0.2820731323903155,1.129912195107113,J2000
./sched_archive/sched_2023-02-21.txt,2023-02-21T18:30,2023-02-21T19:14,2640.0,44.0,J0220+3622_PSR,0.613926836594222,0.6361531198046887,J2000
./sched_archive/sched_2023-02-21.txt,2023-02-21T19:15,2023-02-21T19:59,2640.0,44.0,J0355+28_PSR,1.0297198240671264,0.5020352326899089,J2000
./sched_archive/sched_2023-02-21.txt,2023-02-21T20:00,2023-02-21T20:29,1740.0,29.0,J0348+79,0.9961466705757633,1.3841721483885918,J2000
./sched_archive/sched_2023-02-21.txt,2023-02-21T20:30,2023-02-21T20:49,1140.0,19.0,J0608+16_PSR,1.6057029118347832,0.289433767622393,J2000
./sched_archive/sched_2023-02-21.txt,2023-02-21T20:50,2023-02-21T22:34,6240.0,104.0,J0348+79,0.9961466705757633,1.3841721483885918,J2000
./sched_archive/sched_2023-02-21.txt,2023-02-21T22:35,2023-02-21T22:49,840.0,14.0,J0608+16_PSR,1.6057029118347832,0.289433767622393,J2000
./sched_archive/sched_2023-02-21.txt,2023-02-21T22:50,2023-02-21T23:04,840.0,14.0,J0826+2637_PSR,2.2115817443598504,0.4646590067584504,J2000
./sched_archive/sched_2023-02-21.txt,2023-02-21T23:05,2023-02-22T00:59,6840.0,114.0,J0939+45,2.528618475878951,0.7897614865274342,J2000
./sched_archive/sched_2023-02-21.txt,2023-02-22T01:00,2023-02-22T01:54,3240.0,54.0,J1132+2515,3.020087223477898,0.43516248425081755,J2000
./sched_archive/sched_2023-02-21.txt,2023-02-22T01:55,2023-02-22T02:09,840.0,14.0,J1136+1551_PSR,3.0370963006143885,0.2767098326392434,J2000
./sched_archive/sched_2023-02-21.txt,2023-02-22T02:10,2023-02-22T03:04,3240.0,54.0,J1218+47,3.230943057336915,0.8248590432639309,J2000
./sched_archive/sched_2023-02-21.txt,2023-02-22T03:05,2023-02-22T03:44,2340.0,39.0,J1300+1240_PSR,3.4036180252242274,0.22134243757176436,J2000
./sched_archive/sched_2023-02-21.txt,2023-02-22T03:45,2023-02-22T04:59,4440.0,74.0,J1329+1349,3.529928412158531,0.23969188394055457,J2000
./sched_archive/sched_2023-02-21.txt,2023-02-22T05:00,2023-02-22T05:59,3540.0,59.0,J1242+3938_PSR,3.3248522250491974,0.6917321602070859,J2000
./sched_archive/sched_2023-02-21.txt,2023-02-22T06:00,2023-02-22T07:59,7140.0,119.0,J1536+1749_PSR,4.085161280449227,0.3109594950636564,J2000
./sched_archive/sched_2023-02-21.txt,2023-02-22T08:00,2023-02-22T08:59,3540.0,59.0,J1836+51_PSR,4.87164852929992,0.9050544462556755,J2000
./sched_archive/sched_2023-02-21.txt,2023-02-22T09:00,2023-02-22T14:59,21540.0,359.0,Sun357,,,
./sched_archive/sched_2023-02-28.txt,2023-02-28T08:00,2023-02-28T08:44,2640.0,44.0,J1849+15,4.925910379412111,0.2666674019711703,J2000
./sched_archive/sched_2023-02-28.txt,2023-02-28T08:45,2023-02-28T11:24,9540.0,159.0,Sun357,,,
./sched_archive/sched_2023-02-28.txt,2023-02-28T11:25,2023-02-28T12:04,2340.0,39.0,J2145-0750_PSR,5.697805941281582,-0.1368075848974223,J2000
./sched_archive/sched_2023-02-28.txt,2023-02-28T12:05,2023-02-28T14:14,7740.0,129.0,Sun357,,,
./sched_archive/sched_2023-02-28.txt,2023-02-28T14:15,2023-02-28T14:59,2640.0,44.0,J0034-0534_PSR,0.1499403707045897,-0.09733420048376587,J2000
./sched_archive/sched_2023-02-28.txt,2023-02-28T15:00,2023-02-28T15:59,3540.0,59.0,J0054+66,0.23965048401074893,1.1665753533918115,J2000
./sched_archive/sched_2023-02-28.txt,2023-02-28T16:00,2023-02-28T16:59,3540.0,59.0,J0139+3310,0.43613087285590374,0.5867200623795394,J2000
./sched_archive/sched_2023-02-28.txt,2023-02-28T17:00,2023-02-28T18:59,7140.0,119.0,J0348+79,0.9961466705757633,1.3841721483885918,J2000
./sched_archive/sched_2023-02-28.txt,2023-02-28T19:00,2023-02-28T22:19,11940.0,199.0,J0640+0744,1.7475109135593225,0.12639092666525603,J2000
./sched_archive/sched_2023-02-28.txt,2023-02-28T22:20,2023-02-28T22:34,840.0,14.0,J0826+2637_PSR,2.2115817443598504,0.4646590067584504,J2000
./sched_archive/sched_2023-02-28.txt,2023-02-28T22:35,2023-02-28T23:19,2640.0,44.0,J0939+45,2.528618475878951,0.7897614865274342,J2000
./sched_archive/sched_2023-02-28.txt,2023-02-28T23:20,2023-02-28T23:59,2340.0,39.0,J1022+1001_PSR,2.718205665819409,0.17508003705071412,J2000
./sched_archive/sched_2023-02-28.txt,2023-03-01T00:00,2023-03-01T00:59,3540.0,59.0,J1218+47,3.230943057336915,0.8248590432639309,J2000
./sched_archive/sched_2023-02-28.txt,2023-03-01T01:00,2023-03-01T01:29,1740.0,29.0,J1132+2515,3.020087223477898,0.43516248425081755,J2000
./sched_archive/sched_2023-02-28.txt,2023-03-01T01:30,2023-03-01T01:44,840.0,14.0,J1136+1551_PSR,3.0370963006143885,0.2767098326392434,J2000
./sched_archive/sched_2023-02-28.txt,2023-03-01T01:45,2023-03-01T03:59,8040.0,134.0,J1329+1349,3.529928412158531,0.23969188394055457,J2000
./sched_archive/sched_2023-02-28.txt,2023-03-01T04:00,2023-03-01T06:39,9540.0,159.0,J2138+69,5.667302247382087,1.2186906946154739,J2000
./sched_archive/sched_2023-02-28.txt,2023-03-01T06:40,2023-03-01T06:54,840.0,14.0,J1645-0317_PSR,4.3852875895096295,-0.05758229049395671,J2000
./sched_archive/sched_2023-02-28.txt,2023-03-01T06:55,2023-03-01T08:39,6240.0,104.0,J1832+27_PSR,4.852957798340313,0.4844353325127981,J2000
./sched_archive/sched_2023-02-28.txt,2023-03-01T08:40,2023-03-01T14:59,22740.0,379.0,Sun357,,,
./sched_archive/sched_2023-03-03.txt,2023-03-03T08:00,2023-03-03T08:39,2340.0,39.0,J1832+27_PSR,4.852957798340313,0.4844353325127981,J2000
./sched_archive/sched_2023-03-03.txt,2023-03-03T08:40,2023-03-03T14:59,22740.0,379.0,Sun357,,,
./sched_archive/sched_2023-03-07.txt,2023-03-07T08:00,2023-03-07T08:29,1740.0,29.0,J1836+51_PSR,4.87164852929992,0.9050544462556755,J2000
./sched_archive/sched_2023-03-07.txt,2023-03-07T08:30,2023-03-07T16:59,30540.0,509.0,Sun357,,,
./sched_archive/sched_2023-03-07.txt,2023-03-07T17:00,2023-03-07T18:29,5340.0,89.0,J0146+31_PSR,0.46251225177849725,0.5451245030395623,J2000
./sched_archive/sched_2023-03-07.txt,2023-03-07T18:30,2023-03-07T19:29,3540.0,59.0,J0220+3622_PSR,0.613926836594222,0.6361531198046887,J2000
./sched_archive/sched_2023-03-07.txt,2023-03-07T19:30,2023-03-07T19:59,1740.0,29.0,J0104+64_PSR,0.2820731323903155,1.129912195107113,J2000
./sched_archive/sched_2023-03-07.txt,2023-03-07T20:00,2023-03-07T20:59,3540.0,59.0,J0355+28_PSR,1.0297198240671264,0.5020352326899089,J2000
./sched_archive/sched_2023-03-07.txt,2023-03-07T21:00,2023-03-07T21:59,3540.0,59.0,J0608+16_PSR,1.6057029118347832,0.289433767622393,J2000
./sched_archive/sched_2023-03-07.txt,2023-03-07T22:00,2023-03-07T23:59,7140.0,119.0,J0939+45,2.528618475878951,0.7897614865274342,J2000
./sched_archive/sched_2023-03-07.txt,2023-03-08T00:00,2023-03-08T00:59,3540.0,59.0,J1132+2515,3.020087223477898,0.43516248425081755,J2000
./sched_archive/sched_2023-03-07.txt,2023-03-08T01:00,2023-03-08T01:14,840.0,14.0,J1326+33_PSR,3.5198927689595636,0.589339510756752,J2000
./sched_archive/sched_2023-03-07.txt,2023-03-08T01:15,2023-03-08T02:14,3540.0,59.0,J1242+3938_PSR,3.3248522250491974,0.6917321602070859,J2000
./sched_archive/sched_2023-03-07.txt,2023-03-08T02:15,2023-03-08T02:29,840.0,14.0,J1326+33_PSR,3.5198927689595636,0.589339510756752,J2000
./sched_archive/sched_2023-03-07.txt,2023-03-08T02:30,2023-03-08T03:59,5340.0,89.0,J1400+2127,3.6662247571894993,0.37398741750247533,J2000
./sched_archive/sched_2023-03-07.txt,2023-03-08T04:00,2023-03-08T05:29,5340.0,89.0,J1536+1749_PSR,4.085161280449227,0.3109594950636564,J2000
./sched_archive/sched_2023-03-07.txt,2023-03-08T05:30,2023-03-08T06:29,3540.0,59.0,J1832+27_PSR,4.852957798340313,0.4844353325127981,J2000
./sched_archive/sched_2023-03-07.txt,2023-03-08T06:30,2023-03-08T08:29,7140.0,119.0,J2000+29_PSR,5.238878021224291,0.5091474493917858,J2000
./sched_archive/sched_2023-03-07.txt,2023-03-08T08:30,2023-03-08T14:59,23340.0,389.0,Sun357,,,
./sched_archive/sched_2023-03-10.txt,2023-03-10T08:00,2023-03-10T08:29,1740.0,29.0,J1836+51_PSR,4.87164852929992,0.9050544462556755,J2000
./sched_archive/sched_2023-03-10.txt,2023-03-10T08:30,2023-03-10T14:59,23340.0,389.0,Sun357,,,
./sched_archive/sched_2023-03-27.txt,2023-03-28T07:00,2023-03-28T07:39,2340.0,39.0,J1836+51_PSR,4.87164852929992,0.9050544462556755,J2000
./sched_archive/sched_2023-03-27.txt,2023-03-28T07:40,2023-03-28T17:29,35340.0,589.0,Sun357,,,
./sched_archive/sched_2023-03-27.txt,2023-03-28T17:30,2023-03-28T18:29,3540.0,59.0,J0355+28_PSR,1.0297198240671264,0.5020352326899089,J2000
./sched_archive/sched_2023-03-27.txt,2023-03-28T18:30,2023-03-28T18:59,1740.0,29.0,J0608+16_PSR,1.6057029118347832,0.289433767622393,J2000
./sched_archive/sched_2023-03-27.txt,2023-03-28T19:00,2023-03-28T20:29,5340.0,89.0,J0348+79,0.9961466705757633,1.3841721483885918,J2000
./sched_archive/sched_2023-03-27.txt,2023-03-28T20:30,2023-03-28T22:59,8940.0,149.0,J0939+45,2.528618475878951,0.7897614865274342,J2000
./sched_archive/sched_2023-03-27.txt,2023-03-28T23:00,2023-03-28T23:59,3540.0,59.0,J1132+2515,3.020087223477898,0.43516248425081755,J2000
./sched_archive/sched_2023-03-27.txt,2023-03-29T00:00,2023-03-29T00:29,1740.0,29.0,J1336+3346,3.5629461009946066,0.5976686992463379,J2000
./sched_archive/sched_2023-03-27.txt,2023-03-29T00:30,2023-03-29T01:29,3540.0,59.0,J1242+3938_PSR,3.3248522250491974,0.6917321602070859,J2000
./sched_archive/sched_2023-03-27.txt,2023-03-29T01:30,2023-03-29T01:59,1740.0,29.0,J1336+3346,3.5629461009946066,0.5976686992463379,J2000
./sched_archive/sched_2023-03-27.txt,2023-03-29T02:00,2023-03-29T03:09,4140.0,69.0,J1400+2127,3.6662247571894993,0.37398741750247533,J2000
./sched_archive/sched_2023-03-27.txt,2023-03-29T03:10,2023-03-29T04:39,5340.0,89.0,J1536+1749_PSR,4.085161280449227,0.3109594950636564,J2000
./sched_archive/sched_2023-03-27.txt,2023-03-29T04:40,2023-03-29T06:29,6540.0,109.0,J1931+4229,5.110286484688845,0.741570367301345,J2000
./sched_archive/sched_2023-03-27.txt,2023-03-29T06:30,2023-03-29T07:39,4140.0,69.0,J1832+27_PSR,4.852957798340313,0.4844353325127981,J2000
./sched_archive/sched_2023-03-27.txt,2023-03-29T07:40,2023-03-29T13:59,22740.0,379.0,Sun357,,,
./sched_archive/sched_2023-04-04.txt,2023-04-04T07:20,2023-04-04T09:19,7140.0,119.0,Sun357,,,
./sched_archive/sched_2023-04-04.txt,2023-04-04T09:20,2023-04-04T09:59,2340.0,39.0,J2145-0750_PSR,5.697805941281582,-0.1368075848974223,J2000
./sched_archive/sched_2023-04-04.txt,2023-04-04T10:00,2023-04-04T11:09,4140.0,69.0,J2325-0530,6.131581645028229,-0.09618218619532085,J2000
./sched_archive/sched_2023-04-04.txt,2023-04-04T11:10,2023-04-04T11:59,2940.0,49.0,J0034-0534_PSR,0.1499403707045897,-0.09733420048376587,J2000
./sched_archive/sched_2023-04-04.txt,2023-04-04T12:00,2023-04-04T12:59,3540.0,59.0,J0054+66,0.23965048401074893,1.1665753533918115,J2000
./sched_archive/sched_2023-04-04.txt,2023-04-04T13:00,2023-04-04T13:59,3540.0,59.0,J0139+3310,0.43613087285590374,0.5867200623795394,J2000
./sched_archive/sched_2023-04-04.txt,2023-04-04T14:00,2023-04-04T17:19,11940.0,199.0,Sun357,,,
./sched_archive/sched_2023-04-04.txt,2023-04-04T17:20,2023-04-04T20:04,9840.0,164.0,J0939+45,2.528618475878951,0.7897614865274342,J2000
./sched_archive/sched_2023-04-04.txt,2023-04-04T20:05,2023-04-04T20:19,840.0,14.0,J0826+2637_PSR,2.2115817443598504,0.4646590067584504,J2000
./sched_archive/sched_2023-04-04.txt,2023-04-04T20:20,2023-04-04T21:44,5040.0,84.0,J1005+3015,2.6466867899922453,0.5281851241238283,J2000
./sched_archive/sched_2023-04-04.txt,2023-04-04T21:45,2023-04-04T22:24,2340.0,39.0,J1022+1001_PSR,2.718205665819409,0.17508003705071412,J2000
./sched_archive/sched_2023-04-04.txt,2023-04-04T22:25,2023-04-04T22:39,840.0,14.0,J1326+33_PSR,3.5198927689595636,0.589339510756752,J2000
./sched_archive/sched_2023-04-04.txt,2023-04-04T22:40,2023-04-04T22:59,1140.0,19.0,J1136+1551_PSR,3.0370963006143885,0.2767098326392434,J2000
./sched_archive/sched_2023-04-04.txt,2023-04-04T23:00,2023-04-05T01:39,9540.0,159.0,J1218+47,3.230943057336915,0.8248590432639309,J2000
./sched_archive/sched_2023-04-04.txt,2023-04-05T01:40,2023-04-05T03:39,7140.0,119.0,TVLM_513-46,3.931949476576734,0.39852721055372564,J2000
./sched_archive/sched_2023-04-04.txt,2023-04-05T03:40,2023-04-05T04:39,3540.0,59.0,J1400+2127,3.6662247571894993,0.37398741750247533,J2000
./sched_archive/sched_2023-04-04.txt,2023-04-05T04:40,2023-04-05T07:19,9540.0,159.0,J1931+4229,5.110286484688845,0.741570367301345,J2000
./sched_archive/sched_2023-04-04.txt,2023-04-05T07:20,2023-04-05T11:59,16740.0,279.0,Sun357,,,
./sched_archive/sched_2023-04-04.txt,2023-04-05T12:00,2023-04-05T12:39,2340.0,39.0,J0034-0534_PSR,0.1499403707045897,-0.09733420048376587,J2000
./sched_archive/sched_2023-04-04.txt,2023-04-05T12:40,2023-04-05T14:59,8340.0,139.0,Sun357,,,
./sched_archive/sched_2023-04-11.txt,2023-04-11T07:00,2023-04-11T08:39,5940.0,99.0,Sun357,,,
./sched_archive/sched_2023-04-11.txt,2023-04-11T08:40,2023-04-11T09:19,2340.0,39.0,J2145-0750_PSR,5.697805941281582,-0.1368075848974223,J2000
./sched_archive/sched_2023-04-11.txt,2023-04-11T09:20,2023-04-11T11:29,7740.0,129.0,Sun357,,,
./sched_archive/sched_2023-04-11.txt,2023-04-11T11:30,2023-04-11T12:09,2340.0,39.0,J0034-0534_PSR,0.1499403707045897,-0.09733420048376587,J2000
./sched_archive/sched_2023-04-11.txt,2023-04-11T12:10,2023-04-11T17:54,20640.0,344.0,Sun357,,,
./sched_archive/sched_2023-04-11.txt,2023-04-11T17:55,2023-04-11T18:59,3840.0,64.0,J0348+79,0.9961466705757633,1.3841721483885918,J2000
./sched_archive/sched_2023-04-11.txt,2023-04-11T19:00,2023-04-11T21:14,8040.0,134.0,J0939+45,2.528618475878951,0.7897614865274342,J2000
./sched_archive/sched_2023-04-11.txt,2023-04-11T21:15,2023-04-11T21:54,2340.0,39.0,J1022+1001_PSR,2.718205665819409,0.17508003705071412,J2000
./sched_archive/sched_2023-04-11.txt,2023-04-11T21:55,2023-04-11T23:54,7140.0,119.0,J1218+47,3.230943057336915,0.8248590432639309,J2000
./sched_archive/sched_2023-04-11.txt,2023-04-11T23:55,2023-04-12T00:34,2340.0,39.0,J1300+1240_PSR,3.4036180252242274,0.22134243757176436,J2000
./sched_archive/sched_2023-04-11.txt,2023-04-12T00:35,2023-04-12T01:59,5040.0,84.0,J1329+1349,3.529928412158531,0.23969188394055457,J2000
./sched_archive/sched_2023-04-11.txt,2023-04-12T02:00,2023-04-12T02:59,3540.0,59.0,J1538+2345,4.093238518783352,0.41453508989589766,J2000
./sched_archive/sched_2023-04-11.txt,2023-04-12T03:00,2023-04-12T03:54,3240.0,54.0,J1836+51_PSR,4.87164852929992,0.9050544462556755,J2000
./sched_archive/sched_2023-04-11.txt,2023-04-12T03:55,2023-04-12T04:09,840.0,14.0,J1645-0317_PSR,4.3852875895096295,-0.05758229049395671,J2000
./sched_archive/sched_2023-04-11.txt,2023-04-12T04:10,2023-04-12T04:59,2940.0,49.0,J1832+27_PSR,4.852957798340313,0.4844353325127981,J2000
./sched_archive/sched_2023-04-11.txt,2023-04-12T05:00,2023-04-12T06:29,5340.0,89.0,J2000+29_PSR,5.238878021224291,0.5091474493917858,J2000
./sched_archive/sched_2023-04-11.txt,2023-04-12T06:30,2023-04-12T07:29,3540.0,59.0,J2105+1917,5.521858143049226,0.3346668840699127,J2000
./sched_archive/sched_2023-04-11.txt,2023-04-12T07:30,2023-04-12T11:24,14040.0,234.0,Sun357,,,
./sched_archive/sched_2023-04-11.txt,2023-04-12T11:25,2023-04-12T12:04,2340.0,39.0,J0034-0534_PSR,0.1499403707045897,-0.09733420048376587,J2000
./sched_archive/sched_2023-04-11.txt,2023-04-12T12:05,2023-04-12T14:59,10440.0,174.0,Sun357,,,
./sched_archive/sched_2023-04-18.txt,2023-04-18T07:00,2023-04-18T08:14,4440.0,74.0,Sun357,,,
./sched_archive/sched_2023-04-18.txt,2023-04-18T08:15,2023-04-18T08:54,2340.0,39.0,J2145-0750_PSR,5.697805941281582,-0.1368075848974223,J2000
./sched_archive/sched_2023-04-18.txt,2023-04-18T08:55,2023-04-18T10:59,7440.0,124.0,Sun357,,,
./sched_archive/sched_2023-04-18.txt,2023-04-18T11:00,2023-04-18T11:59,3540.0,59.0,J0054+66,0.23965048401074893,1.1665753533918115,J2000
./sched_archive/sched_2023-04-18.txt,2023-04-18T12:00,2023-04-18T12:59,3540.0,59.0,J0139+3310,0.43613087285590374,0.5867200623795394,J2000
./sched_archive/sched_2023-04-18.txt,2023-04-18T13:00,2023-04-18T17:59,17940.0,299.0,Sun357,,,
./sched_archive/sched_2023-04-18.txt,2023-04-18T18:00,2023-04-18T18:19,1140.0,19.0,J0608+16_PSR,1.6057029118347832,0.289433767622393,J2000
./sched_archive/sched_2023-04-18.txt,2023-04-18T18:20,2023-04-18T18:21,60.0,1.0,"B0834+06 [2.2562483559628164, 0.107699226058894, 'J2000'",,,
./sched_archive/sched_2023-04-18.txt,2023-04-18T18:22,2023-04-18T18:23,60.0,1.0,"B0834+06 [2.2562483559628164, 0.107699226058894, 'J2000'",,,
./sched_archive/sched_2023-04-18.txt,2023-04-18T18:24,2023-04-18T18:25,60.0,1.0,"B0834+06 [2.2562483559628164, 0.107699226058894, 'J2000'",,,
./sched_archive/sched_2023-04-18.txt,2023-04-18T18:26,2023-04-18T18:27,60.0,1.0,"B0834+06 [2.2562483559628164, 0.107699226058894, 'J2000'",,,
./sched_archive/sched_2023-04-18.txt,2023-04-18T18:28,2023-04-18T19:09,2460.0,41.0,J0746+55,2.0367426739815624,0.964118391393294,J2000
./sched_archive/sched_2023-04-18.txt,2023-04-18T19:10,2023-04-18T19:24,840.0,14.0,J0826+2637_PSR,2.2115817443598504,0.4646590067584504,J2000
./sched_archive/sched_2023-04-18.txt,2023-04-18T19:25,2023-04-18T21:29,7440.0,124.0,J0939+45,2.528618475878951,0.7897614865274342,J2000
./sched_archive/sched_2023-04-18.txt,2023-04-18T21:30,2023-04-18T22:14,2640.0,44.0,J1132+2515,3.020087223477898,0.43516248425081755,J2000
./sched_archive/sched_2023-04-18.txt,2023-04-18T22:15,2023-04-18T22:29,840.0,14.0,J1136+1551_PSR,3.0370963006143885,0.2767098326392434,J2000
./sched_archive/sched_2023-04-18.txt,2023-04-18T22:30,2023-04-18T23:24,3240.0,54.0,J1218+47,3.230943057336915,0.8248590432639309,J2000
./sched_archive/sched_2023-04-18.txt,2023-04-18T23:25,2023-04-19T00:04,2340.0,39.0,J1300+1240_PSR,3.4036180252242274,0.22134243757176436,J2000
./sched_archive/sched_2023-04-18.txt,2023-04-19T00:05,2023-04-19T01:59,6840.0,114.0,J1329+1349,3.529928412158531,0.23969188394055457,J2000
./sched_archive/sched_2023-04-18.txt,2023-04-19T02:00,2023-04-19T02:59,3540.0,59.0,J1400+2127,3.6662247571894993,0.37398741750247533,J2000
./sched_archive/sched_2023-04-18.txt,2023-04-19T03:00,2023-04-19T03:44,2640.0,44.0,J1931+4229,5.110286484688845,0.741570367301345,J2000
./sched_archive/sched_2023-04-18.txt,2023-04-19T03:45,2023-04-19T04:44,3540.0,59.0,J2138+69,5.667302247382087,1.2186906946154739,J2000
./sched_archive/sched_2023-04-18.txt,2023-04-19T04:45,2023-04-19T05:59,4440.0,74.0,J1849+15,4.925910379412111,0.2666674019711703,J2000
./sched_archive/sched_2023-04-18.txt,2023-04-19T06:00,2023-04-19T06:59,3540.0,59.0,J2105+1917,5.521858143049226,0.3346668840699127,J2000
./sched_archive/sched_2023-04-18.txt,2023-04-19T07:00,2023-04-19T10:09,11340.0,189.0,Sun357,,,
./sched_archive/sched_2023-04-18.txt,2023-04-19T10:10,2023-04-19T10:59,2940.0,49.0,J0034-0534_PSR,0.1499403707045897,-0.09733420048376587,J2000
./sched_archive/sched_2023-04-18.txt,2023-04-19T11:00,2023-04-19T14:59,14340.0,239.0,Sun357,,,
./sched_archive/sched_2023-04-25.txt,2023-04-25T07:00,2023-04-25T07:44,2640.0,44.0,Sun357,,,
./sched_archive/sched_2023-04-25.txt,2023-04-25T07:45,2023-04-25T08:24,2340.0,39.0,J2145-0750_PSR,5.697805941281582,-0.1368075848974223,J2000
./sched_archive/sched_2023-04-25.txt,2023-04-25T08:25,2023-04-25T10:34,7740.0,129.0,Sun357,,,
./sched_archive/sched_2023-04-25.txt,2023-04-25T10:35,2023-04-25T11:14,2340.0,39.0,J0034-0534_PSR,0.1499403707045897,-0.09733420048376587,J2000
./sched_archive/sched_2023-04-25.txt,2023-04-25T11:15,2023-04-25T18:04,24540.0,409.0,Sun357,,,
./sched_archive/sched_2023-04-25.txt,2023-04-25T18:05,2023-04-25T18:39,2040.0,34.0,J0640+0744,1.7475109135593225,0.12639092666525603,J2000
./sched_archive/sched_2023-04-25.txt,2023-04-25T18:40,2023-04-25T18:54,840.0,14.0,J0826+2637_PSR,2.2115817443598504,0.4646590067584504,J2000
./sched_archive/sched_2023-04-25.txt,2023-04-25T18:55,2023-04-25T20:19,5040.0,84.0,J0104+64_PSR,0.2820731323903155,1.129912195107113,J2000
./sched_archive/sched_2023-04-25.txt,2023-04-25T20:20,2023-04-25T20:59,2340.0,39.0,J1022+1001_PSR,2.718205665819409,0.17508003705071412,J2000
./sched_archive/sched_2023-04-25.txt,2023-04-25T21:00,2023-04-25T21:49,2940.0,49.0,J1242+3938_PSR,3.3248522250491974,0.6917321602070859,J2000
./sched_archive/sched_2023-04-25.txt,2023-04-25T21:50,2023-04-25T22:04,840.0,14.0,J1136+1551_PSR,3.0370963006143885,0.2767098326392434,J2000
./sched_archive/sched_2023-04-25.txt,2023-04-25T22:05,2023-04-25T23:29,5040.0,84.0,J1329+1349,3.529928412158531,0.23969188394055457,J2000
./sched_archive/sched_2023-04-25.txt,2023-04-25T23:30,2023-04-26T01:14,6240.0,104.0,J1400+2127,3.6662247571894993,0.37398741750247533,J2000
./sched_archive/sched_2023-04-25.txt,2023-04-26T01:15,2023-04-26T02:54,5940.0,99.0,J1536+1749_PSR,4.085161280449227,0.3109594950636564,J2000
./sched_archive/sched_2023-04-25.txt,2023-04-26T02:55,2023-04-26T03:09,840.0,14.0,J1645-0317_PSR,4.3852875895096295,-0.05758229049395671,J2000
./sched_archive/sched_2023-04-25.txt,2023-04-26T03:10,2023-04-26T04:29,4740.0,79.0,J1931+4229,5.110286484688845,0.741570367301345,J2000
./sched_archive/sched_2023-04-25.txt,2023-04-26T04:30,2023-04-26T06:34,7440.0,124.0,J2138+69,5.667302247382087,1.2186906946154739,J2000
./sched_archive/sched_2023-04-25.txt,2023-04-26T06:35,2023-04-26T14:59,30240.0,504.0,Sun357,,,
./sched_archive/sched_2023-04-28.txt,2023-04-28T07:00,2023-04-28T13:59,25140.0,419.0,Sun357,,,
./sched_archive/sched_2023-05-09.txt,2023-05-09T07:00,2023-05-09T09:39,9540.0,159.0,Sun357,,,
./sched_archive/sched_2023-05-09.txt,2023-05-09T09:40,2023-05-09T10:19,2340.0,39.0,J0034-0534_PSR,0.1499403707045897,-0.09733420048376587,J2000
./sched_archive/sched_2023-05-09.txt,2023-05-09T10:20,2023-05-09T18:39,29940.0,499.0,Sun357,,,
./sched_archive/sched_2023-05-09.txt,2023-05-09T18:40,2023-05-09T19:24,2640.0,44.0,J0939+45,2.528618475878951,0.7897614865274342,J2000
./sched_archive/sched_2023-05-09.txt,2023-05-09T19:25,2023-05-09T20:04,2340.0,39.0,J1022+1001_PSR,2.718205665819409,0.17508003705071412,J2000
./sched_archive/sched_2023-05-09.txt,2023-05-09T20:05,2023-05-09T20:54,2940.0,49.0,J0939+45,2.528618475878951,0.7897614865274342,J2000
./sched_archive/sched_2023-05-09.txt,2023-05-09T20:55,2023-05-09T21:09,840.0,14.0,J1136+1551_PSR,3.0370963006143885,0.2767098326392434,J2000
./sched_archive/sched_2023-05-09.txt,2023-05-09T21:10,2023-05-09T22:04,3240.0,54.0,J1218+47,3.230943057336915,0.8248590432639309,J2000
./sched_archive/sched_2023-05-09.txt,2023-05-09T22:05,2023-05-09T22:44,2340.0,39.0,J1300+1240_PSR,3.4036180252242274,0.22134243757176436,J2000
./sched_archive/sched_2023-05-09.txt,2023-05-09T22:45,2023-05-10T00:29,6240.0,104.0,J1400+2127,3.6662247571894993,0.37398741750247533,J2000
./sched_archive/sched_2023-05-09.txt,2023-05-10T00:30,2023-05-10T01:59,5340.0,89.0,J1536+1749_PSR,4.085161280449227,0.3109594950636564,J2000
./sched_archive/sched_2023-05-09.txt,2023-05-10T02:00,2023-05-10T02:14,840.0,14.0,J1645-0317_PSR,4.3852875895096295,-0.05758229049395671,J2000
./sched_archive/sched_2023-05-09.txt,2023-05-10T02:15,2023-05-10T03:59,6240.0,104.0,J1832+27_PSR,4.852957798340313,0.4844353325127981,J2000
./sched_archive/sched_2023-05-09.txt,2023-05-10T04:00,2023-05-10T06:14,8040.0,134.0,J1836+51_PSR,4.87164852929992,0.9050544462556755,J2000
./sched_archive/sched_2023-05-09.txt,2023-05-10T06:15,2023-05-10T13:59,27840.0,464.0,Sun357,,,
./sched_archive/sched_2023-05-12.txt,2023-05-12T07:00,2023-05-12T13:59,25140.0,419.0,Sun357,,,
./sched_archive/sched_2023-05-16.txt,2023-05-16T06:00,2023-05-16T09:14,11640.0,194.0,Sun357,,,
./sched_archive/sched_2023-05-16.txt,2023-05-16T09:15,2023-05-16T09:54,2340.0,39.0,J0034-0534_PSR,0.1499403707045897,-0.09733420048376587,J2000
./sched_archive/sched_2023-05-16.txt,2023-05-16T09:55,2023-05-16T17:19,26640.0,444.0,Sun357,,,
./sched_archive/sched_2023-05-16.txt,2023-05-16T17:20,2023-05-16T17:34,840.0,14.0,J0826+2637_PSR,2.2115817443598504,0.4646590067584504,J2000
./sched_archive/sched_2023-05-16.txt,2023-05-16T17:35,2023-05-16T18:59,5040.0,84.0,Sun357,,,
./sched_archive/sched_2023-05-16.txt,2023-05-16T19:00,2023-05-16T20:29,5340.0,89.0,J0939+45,2.528618475878951,0.7897614865274342,J2000
./sched_archive/sched_2023-05-16.txt,2023-05-16T20:30,2023-05-16T20:44,840.0,14.0,J1136+1551_PSR,3.0370963006143885,0.2767098326392434,J2000
./sched_archive/sched_2023-05-16.txt,2023-05-16T20:45,2023-05-16T21:39,3240.0,54.0,J1329+1349,3.529928412158531,0.23969188394055457,J2000
./sched_archive/sched_2023-05-16.txt,2023-05-16T21:40,2023-05-16T22:19,2340.0,39.0,J1300+1240_PSR,3.4036180252242274,0.22134243757176436,J2000
./sched_archive/sched_2023-05-16.txt,2023-05-16T22:20,2023-05-16T22:59,2340.0,39.0,J1329+1349,3.529928412158531,0.23969188394055457,J2000
./sched_archive/sched_2023-05-16.txt,2023-05-16T23:00,2023-05-16T23:59,3540.0,59.0,J1336+3346,3.5629461009946066,0.5976686992463379,J2000
./sched_archive/sched_2023-05-16.txt,2023-05-17T00:00,2023-05-17T02:59,10740.0,179.0,J1536+1749_PSR,4.085161280449227,0.3109594950636564,J2000
./sched_archive/sched_2023-05-16.txt,2023-05-17T03:00,2023-05-17T04:59,7140.0,119.0,J2138+69,5.667302247382087,1.2186906946154739,J2000
./sched_archive/sched_2023-05-16.txt,2023-05-17T05:00,2023-05-17T06:19,4740.0,79.0,J2000+29_PSR,5.238878021224291,0.5091474493917858,J2000
./sched_archive/sched_2023-05-16.txt,2023-05-17T06:20,2023-05-17T06:59,2340.0,39.0,J2145-0750_PSR,5.697805941281582,-0.1368075848974223,J2000
./sched_archive/sched_2023-05-16.txt,2023-05-17T07:00,2023-05-17T07:59,3540.0,59.0,J0139+3310,0.43613087285590374,0.5867200623795394,J2000
./sched_archive/sched_2023-05-16.txt,2023-05-17T08:00,2023-05-17T08:59,3540.0,59.0,J0139+3310,0.43613087285590374,0.5867200623795394,J2000
./sched_archive/sched_2023-05-16.txt,2023-05-17T09:00,2023-05-17T13:59,17940.0,299.0,Sun357,,,
./sched_archive/sched_2023-05-19.txt,2023-05-19T08:20,2023-05-19T13:59,20340.0,339.0,Sun357,,,
./sched_archive/sched_2023-05-23.txt,2023-05-23T07:00,2023-05-23T08:44,6240.0,104.0,Sun357,,,
./sched_archive/sched_2023-05-23.txt,2023-05-23T08:45,2023-05-23T09:24,2340.0,39.0,J0034-0534_PSR,0.1499403707045897,-0.09733420048376587,J2000
./sched_archive/sched_2023-05-23.txt,2023-05-23T09:25,2023-05-23T16:49,26640.0,444.0,Sun357,,,
./sched_archive/sched_2023-05-23.txt,2023-05-23T16:50,2023-05-23T17:04,840.0,14.0,J0826+2637_PSR,2.2115817443598504,0.4646590067584504,J2000
./sched_archive/sched_2023-05-23.txt,2023-05-23T17:05,2023-05-23T18:29,5040.0,84.0,J0939+45,2.528618475878951,0.7897614865274342,J2000
./sched_archive/sched_2023-05-23.txt,2023-05-23T18:30,2023-05-23T19:09,2340.0,39.0,J1022+1001_PSR,2.718205665819409,0.17508003705071412,J2000
./sched_archive/sched_2023-05-23.txt,2023-05-23T19:10,2023-05-23T19:59,2940.0,49.0,J1132+2515,3.020087223477898,0.43516248425081755,J2000
./sched_archive/sched_2023-05-23.txt,2023-05-23T20:00,2023-05-23T20:14,840.0,14.0,J1136+1551_PSR,3.0370963006143885,0.2767098326392434,J2000
./sched_archive/sched_2023-05-23.txt,2023-05-23T20:15,2023-05-23T23:29,11640.0,194.0,J1218+47,3.230943057336915,0.8248590432639309,J2000
./sched_archive/sched_2023-05-23.txt,2023-05-23T23:30,2023-05-24T01:04,5640.0,94.0,J1400+2127,3.6662247571894993,0.37398741750247533,J2000
./sched_archive/sched_2023-05-23.txt,2023-05-24T01:05,2023-05-24T01:19,840.0,14.0,J1645-0317_PSR,4.3852875895096295,-0.05758229049395671,J2000
./sched_archive/sched_2023-05-23.txt,2023-05-24T01:20,2023-05-24T02:29,4140.0,69.0,J2138+69,5.667302247382087,1.2186906946154739,J2000
./sched_archive/sched_2023-05-23.txt,2023-05-24T02:30,2023-05-24T04:29,7140.0,119.0,J1931+4229,5.110286484688845,0.741570367301345,J2000
./sched_archive/sched_2023-05-23.txt,2023-05-24T04:30,2023-05-24T05:49,4740.0,79.0,J2105+1917,5.521858143049226,0.3346668840699127,J2000
./sched_archive/sched_2023-05-23.txt,2023-05-24T05:50,2023-05-24T06:29,2340.0,39.0,J2145-0750_PSR,5.697805941281582,-0.1368075848974223,J2000
./sched_archive/sched_2023-05-23.txt,2023-05-24T06:30,2023-05-24T08:29,7140.0,119.0,J2202+2147,5.769840340936754,0.38019088872609813,J2000
./sched_archive/sched_2023-05-23.txt,2023-05-24T08:30,2023-05-24T13:59,19740.0,329.0,Sun357,,,
./sched_archive/sched_2023-05-26.txt,2023-05-26T07:00,2023-05-26T13:59,25140.0,419.0,Sun357,,,
./sched_archive/sched_2023-05-30.txt,2023-05-30T07:00,2023-05-30T08:19,4740.0,79.0,Sun357,,,
./sched_archive/sched_2023-05-30.txt,2023-05-30T08:20,2023-05-30T08:59,2340.0,39.0,J0034-0534_PSR,0.1499403707045897,-0.09733420048376587,J2000
./sched_archive/sched_2023-05-30.txt,2023-05-30T09:00,2023-05-30T13:19,15540.0,259.0,Sun357,,,
./sched_archive/sched_2023-05-30.txt,2023-05-30T13:20,2023-05-30T13:49,1740.0,29.0,Crab_PSR,1.4596732110242794,0.3842252837309499,J2000
./sched_archive/sched_2023-05-30.txt,2023-05-30T13:50,2023-05-30T16:19,8940.0,149.0,Sun357,,,
./sched_archive/sched_2023-05-30.txt,2023-05-30T16:20,2023-05-30T16:39,1140.0,19.0,J0826+2637_PSR,2.211582180692164,0.46465915162077825,J2000
./sched_archive/sched_2023-05-30.txt,2023-05-30T16:40,2023-05-30T18:09,5340.0,89.0,J0939+45,2.528618475878951,0.7897614865274342,J2000
./sched_archive/sched_2023-05-30.txt,2023-05-30T18:10,2023-05-30T18:49,2340.0,39.0,J1022+1001_PSR,2.718205665819409,0.17508003705071412,J2000
./sched_archive/sched_2023-05-30.txt,2023-05-30T18:50,2023-05-30T19:19,1740.0,29.0,J1132+2515,3.020087223477898,0.43516248425081755,J2000
./sched_archive/sched_2023-05-30.txt,2023-05-30T19:20,2023-05-30T19:49,1740.0,29.0,J1136+1551_PSR,3.0370963006143885,0.2767098326392434,J2000
./sched_archive/sched_2023-05-30.txt,2023-05-30T19:50,2023-05-30T21:29,5940.0,99.0,J1218+47,3.230943057336915,0.8248590432639309,J2000
./sched_archive/sched_2023-05-30.txt,2023-05-30T21:30,2023-05-30T21:44,840.0,14.0,J1336+3346_PSR,3.5604716740684323,0.5893453285209254,J2000
./sched_archive/sched_2023-05-30.txt,2023-05-30T21:45,2023-05-30T22:49,3840.0,64.0,J1400+2127,3.6662247571894993,0.37398741750247533,J2000
./sched_archive/sched_2023-05-30.txt,2023-05-30T22:50,2023-05-31T00:29,5940.0,99.0,J1536+1749_PSR,4.085161280449228,0.3109653128278297,J2000
./sched_archive/sched_2023-05-30.txt,2023-05-31T00:30,2023-05-31T00:59,1740.0,29.0,J1645-0317_PSR,4.3852875895096295,-0.05758229049395671,J2000
./sched_archive/sched_2023-05-30.txt,2023-05-31T01:00,2023-05-31T03:19,8340.0,139.0,J1836+51_PSR,4.87164852929992,0.9050544462556755,J2000
./sched_archive/sched_2023-05-30.txt,2023-05-31T03:20,2023-05-31T04:19,3540.0,59.0,B1951+32_PSR,5.20531221260202,0.5738302241353217,J2000
./sched_archive/sched_2023-05-30.txt,2023-05-31T04:20,2023-05-31T05:24,3840.0,64.0,J2138+69,5.667302247382087,1.2186906946154739,J2000
./sched_archive/sched_2023-05-30.txt,2023-05-31T05:25,2023-05-31T06:04,2340.0,39.0,J2145-0750_PSR,5.6978059412292215,-0.1368075849323289,J2000
./sched_archive/sched_2023-05-30.txt,2023-05-31T06:05,2023-05-31T06:59,3240.0,54.0,J2202+2147,5.769840340936754,0.38019088872609813,J2000
./sched_archive/sched_2023-05-30.txt,2023-05-31T07:00,2023-05-31T13:29,23340.0,389.0,Sun357,,,
./sched_archive/sched_2023-05-30.txt,2023-05-31T13:30,2023-05-31T13:59,1740.0,29.0,Crab_PSR,1.4596732110242794,0.3842252837309499,J2000
./sched_archive/sched_2023-06-02.txt,2023-06-02T07:00,2023-06-02T13:29,23340.0,389.0,Sun357,,,
./sched_archive/sched_2023-06-02.txt,2023-06-02T13:30,2023-06-02T13:59,1740.0,29.0,Crab_PSR,1.4596732110242794,0.3842252837309499,J2000
./sched_archive/sched_2023-06-02extra.txt,2023-06-02T14:00,2023-06-02T15:59,7140.0,119.0,Sun357,,,
./sched_archive/sched_2023-06-06.txt,2023-06-06T10:30,2023-06-06T14:15,13500.0,225.0,Sun357,,,
./sched_archive/sched_2023-06-06.txt,2023-06-06T14:16,2023-06-06T14:46,1800.0,30.0,Crab_PSR,1.459673210956037,0.38422528370197745,J2000
./sched_archive/sched_2023-06-06.txt,2023-06-06T14:47,2023-06-06T15:49,3720.0,62.0,Sun357,,,
./sched_archive/sched_2023-06-06.txt,2023-06-06T15:50,2023-06-06T16:59,4140.0,69.0,J0826+2637_PSR,2.211582180692164,0.46465915162077825,J2000
./sched_archive/sched_2023-06-06.txt,2023-06-06T17:00,2023-06-06T17:29,1740.0,29.0,J0939+45_PSR,2.528618475878951,0.7897614865274342,J2000
./sched_archive/sched_2023-06-06.txt,2023-06-06T17:30,2023-06-06T18:00,1800.0,30.0,J1005+3015_PSR,2.6419921552064163,0.5279620987282847,J2000
./sched_archive/sched_2023-06-06.txt,2023-06-06T18:01,2023-06-06T19:04,3780.0,63.0,J1022+1001_PSR,2.718205665819409,0.17508003705071412,J2000
./sched_archive/sched_2023-06-06.txt,2023-06-06T19:05,2023-06-06T19:39,2040.0,34.0,J1136+1551_PSR,3.0370963006143885,0.2767098326392434,J2000
./sched_archive/sched_2023-06-06.txt,2023-06-06T19:40,2023-06-06T20:09,1740.0,29.0,J1218+47_PSR,3.230943057336915,0.8248590432639309,J2000
./sched_archive/sched_2023-06-06.txt,2023-06-06T20:10,2023-06-06T21:09,3540.0,59.0,J1326+33_PSR,3.5198927689595636,0.589339510756752,J2000
./sched_archive/sched_2023-06-06.txt,2023-06-06T21:10,2023-06-06T22:10,3600.0,60.0,J1536+1749_PSR,4.085161280449227,0.3109594950636564,J2000
./sched_archive/sched_2023-06-06.txt,2023-06-06T22:11,2023-06-07T01:09,10680.0,178.0,J1645-0317_PSR,4.3852875895096295,-0.05758229049395671,J2000
./sched_archive/sched_2023-06-06.txt,2023-06-07T01:10,2023-06-07T03:09,7140.0,119.0,J1836+51_PSR,4.87164852929992,0.9050544462556755,J2000
./sched_archive/sched_2023-06-06.txt,2023-06-07T03:10,2023-06-07T04:53,6180.0,103.0,J2000+29_PSR,5.238878021224291,0.5091474493917858,J2000
./sched_archive/sched_2023-06-06.txt,2023-06-07T04:54,2023-06-07T05:54,3600.0,60.0,J2145-0750_PSR,5.6978059412292215,-0.1368075849323289,J2000
./sched_archive/sched_2023-06-06.txt,2023-06-07T05:55,2023-06-07T06:49,3240.0,54.0,J2153+44,5.730934043027713,0.7844430804456625,J2000
./sched_archive/sched_2023-06-06.txt,2023-06-07T06:50,2023-06-07T07:49,3540.0,59.0,J2347+02_PSR,6.230685803279596,0.050072449042166116,J2000
./sched_archive/sched_2023-06-06.txt,2023-06-07T07:50,2023-06-07T12:59,18540.0,309.0,Sun357,,,
./sched_archive/sched_2023-06-06.txt,2023-06-07T13:00,2023-06-07T13:59,3540.0,59.0,Crab_PSR,1.459673210956037,0.38422528370197745,J2000
./sched_archive/sched_2023-06-06_patched.txt,2023-06-06T11:50,2023-06-06T14:15,8700.0,145.0,Sun357,,,
./sched_archive/sched_2023-06-06_patched.txt,2023-06-06T14:16,2023-06-06T14:46,1800.0,30.0,Crab_PSR,1.459673210956037,0.38422528370197745,J2000
./sched_archive/sched_2023-06-06_patched.txt,2023-06-06T14:47,2023-06-06T15:49,3720.0,62.0,Sun357,,,
./sched_archive/sched_2023-06-06_patched.txt,2023-06-06T15:50,2023-06-06T16:59,4140.0,69.0,J0826+2637_PSR,2.211582180692164,0.46465915162077825,J2000
./sched_archive/sched_2023-06-06_patched.txt,2023-06-06T17:00,2023-06-06T17:29,1740.0,29.0,J0939+45_PSR,2.528618475878951,0.7897614865274342,J2000
./sched_archive/sched_2023-06-06_patched.txt,2023-06-06T17:30,2023-06-06T18:00,1800.0,30.0,J1005+3015_PSR,2.6419921552064163,0.5279620987282847,J2000
./sched_archive/sched_2023-06-06_patched.txt,2023-06-06T18:01,2023-06-06T19:04,3780.0,63.0,J1022+1001_PSR,2.718205665819409,0.17508003705071412,J2000
./sched_archive/sched_2023-06-06_patched.txt,2023-06-06T19:05,2023-06-06T19:39,2040.0,34.0,J1136+1551_PSR,3.0370963006143885,0.2767098326392434,J2000
./sched_archive/sched_2023-06-06_patched.txt,2023-06-06T19:40,2023-06-06T20:09,1740.0,29.0,J1218+47_PSR,3.230943057336915,0.8248590432639309,J2000
./sched_archive/sched_2023-06-06_patched.txt,2023-06-06T20:10,2023-06-06T21:09,3540.0,59.0,J1326+33_PSR,3.5198927689595636,0.589339510756752,J2000
./sched_archive/sched_2023-06-06_patched.txt,2023-06-06T21:10,2023-06-06T22:10,3600.0,60.0,J1536+1749_PSR,4.085161280449227,0.3109594950636564,J2000
./sched_archive/sched_2023-06-06_patched.txt,2023-06-06T22:11,2023-06-07T01:09,10680.0,178.0,J1645-0317_PSR,4.3852875895096295,-0.05758229049395671,J2000
./sched_archive/sched_2023-06-06_patched.txt,2023-06-07T01:10,2023-06-07T03:09,7140.0,119.0,J1836+51_PSR,4.87164852929992,0.9050544462556755,J2000
./sched_archive/sched_2023-06-06_patched.txt,2023-06-07T03:10,2023-06-07T04:53,6180.0,103.0,J2000+29_PSR,5.238878021224291,0.5091474493917858,J2000
./sched_archive/sched_2023-06-06_patched.txt,2023-06-07T04:54,2023-06-07T05:54,3600.0,60.0,J2145-0750_PSR,5.6978059412292215,-0.1368075849323289,J2000
./sched_archive/sched_2023-06-06_patched.txt,2023-06-07T05:55,2023-06-07T06:49,3240.0,54.0,J2153+44,5.730934043027713,0.7844430804456625,J2000
./sched_archive/sched_2023-06-06_patched.txt,2023-06-07T06:50,2023-06-07T07:49,3540.0,59.0,J2347+02_PSR,6.230685803279596,0.050072449042166116,J2000
./sched_archive/sched_2023-06-06_patched.txt,2023-06-07T07:50,2023-06-07T12:59,18540.0,309.0,Sun357,,,
./sched_archive/sched_2023-06-06_patched.txt,2023-06-07T13:00,2023-06-07T13:59,3540.0,59.0,Crab_PSR,1.459673210956037,0.38422528370197745,J2000
./sched_archive/sched_2023-06-12.txt,2023-06-12T16:45,2023-06-12T17:14,1740.0,29.0,J0826+2637_PSR,2.211582180692164,0.46465915162077825,J2000
./sched_archive/sched_2023-06-12.txt,2023-06-12T17:15,2023-06-12T17:54,2340.0,39.0,J1022+1001_PSR,2.718205665819409,0.17508003705071412,J2000
./sched_archive/sched_2023-06-12.txt,2023-06-12T17:55,2023-06-12T18:39,2640.0,44.0,J0939+45_PSR,2.528618475878951,0.7897614865274342,J2000
./sched_archive/sched_2023-06-12.txt,2023-06-12T18:40,2023-06-12T18:54,840.0,14.0,J1136+1551_PSR,3.0370963006143885,0.2767098326392434,J2000
./sched_archive/sched_2023-06-12.txt,2023-06-12T18:55,2023-06-12T19:19,1440.0,24.0,J1329+1349_PSR,3.529928412158531,0.23969188394055457,J2000
./sched_archive/sched_2023-06-12.txt,2023-06-12T19:20,2023-06-12T20:19,3540.0,59.0,J1242+3938_PSR,3.3248522250491974,0.6917321602070859,J2000
./sched_archive/sched_2023-06-12.txt,2023-06-12T20:20,2023-06-12T22:59,9540.0,159.0,J1329+1349_PSR,3.529928412158531,0.23969188394055457,J2000
./sched_archive/sched_2023-06-12.txt,2023-06-12T23:00,2023-06-12T23:29,1740.0,29.0,J2138+69,5.667302247382087,1.2186906946154739,J2000
./sched_archive/sched_2023-06-12.txt,2023-06-12T23:30,2023-06-13T00:54,5040.0,84.0,J1732+2700,4.591961261997081,0.4686209041604775,J2000
./sched_archive/sched_2023-06-12.txt,2023-06-13T00:55,2023-06-13T02:24,5340.0,89.0,J1832+27_PSR,4.852957798340313,0.4844353325127981,J2000
./sched_archive/sched_2023-06-12.txt,2023-06-13T02:25,2023-06-13T03:59,5640.0,94.0,J1931+4229,5.110286484688845,0.741570367301345,J2000
./sched_archive/sched_2023-06-12.txt,2023-06-13T04:00,2023-06-13T04:34,2040.0,34.0,J2105+1917_PSR,5.521858143049226,0.3346668840699127,J2000
./sched_archive/sched_2023-06-12.txt,2023-06-13T04:35,2023-06-13T05:14,2340.0,39.0,J2145-0750_PSR,5.6978059412292215,-0.1368075849323289,J2000
./sched_archive/sched_2023-06-12.txt,2023-06-13T05:15,2023-06-13T06:24,4140.0,69.0,J2202+2147_PSR,5.769840340936754,0.38019088872609813,J2000
./sched_archive/sched_2023-06-12.txt,2023-06-13T06:25,2023-06-13T07:19,3240.0,54.0,J2347+02_PSR,6.230685803279596,0.050072449042166116,J2000
./sched_archive/sched_2023-06-12.txt,2023-06-13T07:20,2023-06-13T07:59,2340.0,39.0,J0034-0534_PSR,0.1499403707045897,-0.09733420048376587,J2000
./sched_archive/sched_2023-06-12.txt,2023-06-13T08:00,2023-06-13T11:09,11340.0,189.0,Sun357,,,
./sched_archive/sched_2023-06-12.txt,2023-06-13T11:10,2023-06-13T14:09,10740.0,179.0,Crab_PSR,1.4596732110242794,0.3842252837309499,J2000
./sched_archive/sched_2023-06-12.txt,2023-06-13T14:10,2023-06-13T15:24,4440.0,74.0,Sun357,,,
./sched_archive/sched_2023-06-12.txt,2023-06-13T15:25,2023-06-13T15:44,1140.0,19.0,J0826+2637_PSR,2.211582180692164,0.46465915162077825,J2000
./sched_archive/sched_2023-06-12.txt,2023-06-13T15:45,2023-06-13T18:00,8100.0,135.0,Sun357,,,
./sched_archive/sched_2023-06-23_tmp.txt,2023-06-12T14:00,2023-06-12T15:59,7140.0,119.0,Crab_PSR,1.4596732110242794,0.3842252837309499,J2000
./sched_archive/sched_2023-07-18.txt,2023-07-18T07:00,2023-07-18T10:09,11340.0,189.0,Sun357,,,
./sched_archive/sched_2023-07-18.txt,2023-07-18T10:10,2023-07-18T10:39,1740.0,29.0,Crab_PSR,1.4596732110242794,0.3842252837309499,J2000
./sched_archive/sched_2023-07-18.txt,2023-07-18T10:40,2023-07-18T13:04,8640.0,144.0,Sun357,,,
./sched_archive/sched_2023-07-18.txt,2023-07-18T13:05,2023-07-18T13:24,1140.0,19.0,J0826+2637_PSR,2.2115817443598504,0.46465900675845045,J2000
./sched_archive/sched_2023-07-18.txt,2023-07-18T13:25,2023-07-18T14:49,5040.0,84.0,Sun357,,,
./sched_archive/sched_2023-07-18.txt,2023-07-18T14:50,2023-07-18T15:29,2340.0,39.0,J1022+1001_PSR,2.718205665819409,0.17508003705071412,J2000
./sched_archive/sched_2023-07-18.txt,2023-07-18T15:30,2023-07-18T19:19,13740.0,229.0,Sun357,,,
./sched_archive/sched_2023-07-18.txt,2023-07-18T19:20,2023-07-18T20:19,3540.0,59.0,J1548+09,4.13788476826989,0.17108589992674417,J2000
./sched_archive/sched_2023-07-18.txt,2023-07-18T20:20,2023-07-18T21:19,3540.0,59.0,J1645-00,4.387248685148578,-0.004135460699864342,J2000
./sched_archive/sched_2023-07-18.txt,2023-07-18T21:20,2023-07-18T21:39,1140.0,19.0,J1645-0317_PSR,4.3852875895096295,-0.05758229049395671,J2000
./sched_archive/sched_2023-07-18.txt,2023-07-18T21:40,2023-07-18T22:59,4740.0,79.0,J1732+54,4.593124814831744,0.9489742994038057,J2000
./sched_archive/sched_2023-07-18.txt,2023-07-18T23:00,2023-07-19T00:29,5340.0,89.0,J1956+35,5.221152457341036,0.621574772413725,J2000
./sched_archive/sched_2023-07-18.txt,2023-07-19T00:30,2023-07-19T01:19,2940.0,49.0,J2100+50,5.502150466912123,0.8888719473566565,J2000
./sched_archive/sched_2023-07-18.txt,2023-07-19T01:20,2023-07-19T02:09,2940.0,49.0,J2202+2147_PSR,5.769840340936754,0.38019088872609813,J2000
./sched_archive/sched_2023-07-18.txt,2023-07-19T02:10,2023-07-19T02:49,2340.0,39.0,J2145-0750_PSR,5.697805941281582,-0.1368075848974223,J2000
./sched_archive/sched_2023-07-18.txt,2023-07-19T02:50,2023-07-19T03:59,4140.0,69.0,J2202+2147_PSR,5.769840340936754,0.38019088872609813,J2000
./sched_archive/sched_2023-07-18.txt,2023-07-19T04:00,2023-07-19T04:59,3540.0,59.0,J2352+62,6.249369552922195,1.0836991732473347,J2000
./sched_archive/sched_2023-07-18.txt,2023-07-19T05:00,2023-07-19T05:39,2340.0,39.0,J0034-0534_PSR,0.1499403707045897,-0.09733420048376587,J2000
./sched_archive/sched_2023-07-18.txt,2023-07-19T05:40,2023-07-19T06:14,2040.0,34.0,J0115+88,0.32855823168793247,1.5404615347678727,J2000
./sched_archive/sched_2023-07-18.txt,2023-07-19T06:15,2023-07-19T07:29,4440.0,74.0,J0250+5854_PSR,0.7430579243673451,1.0280052300632598,J2000
./sched_archive/sched_2023-07-18.txt,2023-07-19T07:30,2023-07-19T08:14,2640.0,44.0,J0355+28_PSR,1.0297198240671264,0.5020352326899089,J2000
./sched_archive/sched_2023-07-18.txt,2023-07-19T08:15,2023-07-19T13:59,20640.0,344.0,Sun357,,,
./sched_archive/sched_2023-07-25.txt,2023-07-25T07:00,2023-07-25T09:39,9540.0,159.0,Sun357,,,
./sched_archive/sched_2023-07-25.txt,2023-07-25T09:40,2023-07-25T10:09,1740.0,29.0,Crab_PSR,1.4596732110242794,0.3842252837309499,J2000
./sched_archive/sched_2023-07-25.txt,2023-07-25T10:10,2023-07-25T12:39,8940.0,149.0,Sun357,,,
./sched_archive/sched_2023-07-25.txt,2023-07-25T12:40,2023-07-25T12:59,1140.0,19.0,J0826+2637_PSR,2.2115817443598504,0.46465900675845045,J2000
./sched_archive/sched_2023-07-25.txt,2023-07-25T13:00,2023-07-25T14:24,5040.0,84.0,Sun357,,,
./sched_archive/sched_2023-07-25.txt,2023-07-25T14:25,2023-07-25T15:04,2340.0,39.0,J1022+1001_PSR,2.718205665819409,0.17508003705071412,J2000
./sched_archive/sched_2023-07-25.txt,2023-07-25T15:05,2023-07-25T15:49,2640.0,44.0,J0115+88_PSR,0.32855823168793247,1.5404615347678727,J2000
./sched_archive/sched_2023-07-25.txt,2023-07-25T15:50,2023-07-25T16:04,840.0,14.0,J1136+1551_PSR,3.0370963006143885,0.2767098326392434,J2000
./sched_archive/sched_2023-07-25.txt,2023-07-25T16:05,2023-07-25T16:19,840.0,14.0,J1242+3938_PSR,3.3248522250491974,0.6917321602070859,J2000
./sched_archive/sched_2023-07-25.txt,2023-07-25T16:20,2023-07-25T16:59,2340.0,39.0,J1300+1240_PSR,3.4036180252242274,0.22134243757176436,J2000
./sched_archive/sched_2023-07-25.txt,2023-07-25T17:00,2023-07-25T19:15,8100.0,135.0,Sun357,,,
./sched_archive/sched_2023-07-25.txt,2023-07-25T19:16,2023-07-25T20:14,3480.0,58.0,J1536+1749_PSR,4.085161280449227,0.3109594950636564,J2000
./sched_archive/sched_2023-07-25.txt,2023-07-25T20:15,2023-07-25T21:54,5940.0,99.0,J1412+31,3.7200238565215797,0.5527700147906597,J2000
./sched_archive/sched_2023-07-25.txt,2023-07-25T21:55,2023-07-25T22:34,2340.0,39.0,J1720+19,4.541710323950077,0.3446346533535248,J2000
./sched_archive/sched_2023-07-25.txt,2023-07-25T22:35,2023-07-25T23:04,1740.0,29.0,J1832+27_PSR,4.852957798340313,0.4844353325127981,J2000
./sched_archive/sched_2023-07-25.txt,2023-07-25T23:05,2023-07-26T00:04,3540.0,59.0,J1836+51_PSR,4.87164852929992,0.9050544462556755,J2000
./sched_archive/sched_2023-07-25.txt,2023-07-26T00:05,2023-07-26T01:05,3600.0,60.0,J1913+1330,5.0322183842,0.2357783787,J2000
./sched_archive/sched_2023-07-25.txt,2023-07-26T01:06,2023-07-26T01:44,2280.0,38.0,J2000+29_PSR,5.237194762978169,0.5119975973675667,J2000
./sched_archive/sched_2023-07-25.txt,2023-07-26T01:45,2023-07-26T02:24,2340.0,39.0,J2145-0750_PSR,5.697805941281582,-0.1368075848974223,J2000
./sched_archive/sched_2023-07-25.txt,2023-07-26T02:25,2023-07-26T03:49,5040.0,84.0,J2105+1917_PSR,5.52181942364699,0.33411815900110764,J2000
./sched_archive/sched_2023-07-25.txt,2023-07-26T03:50,2023-07-26T04:26,2160.0,36.0,J2347+02_PSR,6.229691731776413,0.05242886577094988,J2000
./sched_archive/sched_2023-07-25.txt,2023-07-26T04:27,2023-07-26T05:19,3120.0,52.0,J2352+62,6.249369552922195,1.0836991732473347,J2000
./sched_archive/sched_2023-07-25.txt,2023-07-26T05:20,2023-07-26T05:34,840.0,14.0,J0104+64_PSR,0.2819539944266119,1.1282095983995617,J2000
./sched_archive/sched_2023-07-25.txt,2023-07-26T05:35,2023-07-26T06:19,2640.0,44.0,J0146+31_PSR,0.46549619730560127,0.5396877201467183,J2000
./sched_archive/sched_2023-07-25.txt,2023-07-26T06:20,2023-07-26T06:39,1140.0,19.0,J0220+3622_PSR,0.6139376732126479,0.6361463720709123,J2000
./sched_archive/sched_2023-07-25.txt,2023-07-26T06:40,2023-07-26T07:39,3540.0,59.0,J0250+5854_PSR,0.7430579243673451,1.0280052300632598,J2000
./sched_archive/sched_2023-07-25.txt,2023-07-26T07:40,2023-07-26T13:59,22740.0,379.0,Sun357,,,
./sched_archive/sched_2023-08-01.txt,2023-08-01T07:00,2023-08-01T09:39,9540.0,159.0,Sun357,,,
./sched_archive/sched_2023-08-01.txt,2023-08-01T09:40,2023-08-01T10:09,1740.0,29.0,Crab_PSR,1.4596732110242794,0.3842252837309499,J2000
./sched_archive/sched_2023-08-01.txt,2023-08-01T10:10,2023-08-01T12:09,7140.0,119.0,Sun357,,,
./sched_archive/sched_2023-08-01.txt,2023-08-01T12:10,2023-08-01T12:29,1140.0,19.0,J0826+2637_PSR,2.2115817443598504,0.46465900675845045,J2000
./sched_archive/sched_2023-08-01.txt,2023-08-01T12:30,2023-08-01T14:09,5940.0,99.0,Sun357,,,
./sched_archive/sched_2023-08-01.txt,2023-08-01T14:10,2023-08-01T15:19,4140.0,69.0,J1022+1001_PSR,2.718205665819409,0.17508003705071412,J2000
./sched_archive/sched_2023-08-01.txt,2023-08-01T15:20,2023-08-01T15:39,1140.0,19.0,J1136+1551_PSR,3.0370963006143885,0.2767098326392434,J2000
./sched_archive/sched_2023-08-01.txt,2023-08-01T15:40,2023-08-01T16:44,3840.0,64.0,J1222+19,3.2415127532664685,0.3386375081181998,J2000
./sched_archive/sched_2023-08-01.txt,2023-08-01T16:45,2023-08-01T16:59,840.0,14.0,J1242+3938_PSR,3.3248522250491974,0.6917321602070859,J2000
./sched_archive/sched_2023-08-01.txt,2023-08-01T17:00,2023-08-01T18:26,5160.0,86.0,Sun357,,,
./sched_archive/sched_2023-08-01.txt,2023-08-01T18:27,2023-08-01T20:09,6120.0,102.0,J1548+09,4.13788476826989,0.17108589992674417,J2000
./sched_archive/sched_2023-08-01.txt,2023-08-01T20:10,2023-08-01T20:39,1740.0,29.0,J1645-0317_PSR,4.3852875895096295,-0.05758229049395671,J2000
./sched_archive/sched_2023-08-01.txt,2023-08-01T20:40,2023-08-01T21:29,2940.0,49.0,J1720+19_PSR,4.541710323950077,0.3446346533535248,J2000
./sched_archive/sched_2023-08-01.txt,2023-08-01T21:30,2023-08-01T22:15,2700.0,45.0,J1956+35,5.221152457341036,0.621574772413725,J2000
./sched_archive/sched_2023-08-01.txt,2023-08-01T22:16,2023-08-01T23:09,3180.0,53.0,J2005+14,5.258895202415413,0.2551089589998378,J2000
./sched_archive/sched_2023-08-01.txt,2023-08-01T23:10,2023-08-02T01:09,7140.0,119.0,J2105+1917_PSR,5.52181942364699,0.33411815900110764,J2000
./sched_archive/sched_2023-08-01.txt,2023-08-02T01:10,2023-08-02T01:59,2940.0,49.0,J2145-0750_PSR,5.697805941281582,-0.1368075848974223,J2000
./sched_archive/sched_2023-08-01.txt,2023-08-02T02:00,2023-08-02T02:59,3540.0,59.0,J2239+42,5.9298288557029,0.7433551209716294,J2000
./sched_archive/sched_2023-08-01.txt,2023-08-02T03:00,2023-08-02T03:49,2940.0,49.0,J2341+60,6.202172941066182,1.0559872232351137,J2000
./sched_archive/sched_2023-08-01.txt,2023-08-02T03:50,2023-08-02T04:36,2760.0,46.0,J0034-0534_PSR,0.1499403707045897,-0.09733420048376587,J2000
./sched_archive/sched_2023-08-01.txt,2023-08-02T04:37,2023-08-02T05:19,2520.0,42.0,J0115+88,0.32855823168793247,1.5404615347678727,J2000
./sched_archive/sched_2023-08-01.txt,2023-08-02T05:20,2023-08-02T05:39,1140.0,19.0,J0146+31_PSR,0.46251225177849725,0.5451245030395623,J2000
./sched_archive/sched_2023-08-01.txt,2023-08-02T05:40,2023-08-02T06:09,1740.0,29.0,J0220+3622_PSR,0.613926836594222,0.6361531198046887,J2000
./sched_archive/sched_2023-08-01.txt,2023-08-02T06:10,2023-08-02T07:09,3540.0,59.0,J0250+5854_PSR,0.7430579243673451,1.0280052300632598,J2000
./sched_archive/sched_2023-08-01.txt,2023-08-02T07:10,2023-08-02T12:10,18000.0,300.0,Sun357,,,
./sched_archive/sched_2023-08-01.txt,2023-08-02T12:11,2023-08-02T12:29,1080.0,18.0,J0826+2637_PSR,2.2115817443598504,0.46465900675845045,J2000
./sched_archive/sched_2023-08-01.txt,2023-08-02T12:30,2023-08-02T13:59,5340.0,89.0,Sun357,,,
./sched_archive/sched_2023-08-08.txt,2023-08-08T07:00,2023-08-08T09:09,7740.0,129.0,Sun357,,,
./sched_archive/sched_2023-08-08.txt,2023-08-08T09:10,2023-08-08T09:39,1740.0,29.0,Crab_PSR,1.4596732110242794,0.3842252837309499,J2000
./sched_archive/sched_2023-08-08.txt,2023-08-08T09:40,2023-08-08T11:39,7140.0,119.0,Sun357,,,
./sched_archive/sched_2023-08-08.txt,2023-08-08T12:10,2023-08-08T13:39,5340.0,89.0,Sun357,,,
./sched_archive/sched_2023-08-08.txt,2023-08-08T13:40,2023-08-08T14:49,4140.0,69.0,J1022+1001_PSR,2.718205665819409,0.17508003705071412,J2000
./sched_archive/sched_2023-08-08.txt,2023-08-08T14:50,2023-08-08T15:09,1140.0,19.0,J1136+1551_PSR,3.0370963006143885,0.2767098326392434,J2000
./sched_archive/sched_2023-08-08.txt,2023-08-08T17:30,2023-08-08T18:06,2160.0,36.0,Sun357,,,
./sched_archive/sched_2023-08-08.txt,2023-08-08T18:07,2023-08-08T19:39,5520.0,92.0,J1548+09,4.13788476826989,0.17108589992674417,J2000
./sched_archive/sched_2023-08-08.txt,2023-08-08T19:40,2023-08-08T20:09,1740.0,29.0,J1645-0317_PSR,4.3852875895096295,-0.05758229049395671,J2000
./sched_archive/sched_2023-08-08.txt,2023-08-08T20:10,2023-08-08T20:59,2940.0,49.0,J1720+19_PSR,4.541710323950077,0.3446346533535248,J2000
./sched_archive/sched_2023-08-08.txt,2023-08-08T21:00,2023-08-08T21:45,2700.0,45.0,J1956+35,5.221152457341036,0.621574772413725,J2000
./sched_archive/sched_2023-08-08.txt,2023-08-08T21:46,2023-08-08T22:39,3180.0,53.0,J2005+14,5.258895202415413,0.2551089589998378,J2000
./sched_archive/sched_2023-08-08.txt,2023-08-08T22:40,2023-08-09T00:39,7140.0,119.0,J2105+1917_PSR,5.52181942364699,0.33411815900110764,J2000
./sched_archive/sched_2023-08-08.txt,2023-08-09T00:40,2023-08-09T01:29,2940.0,49.0,J2145-0750_PSR,5.697805941281582,-0.1368075848974223,J2000
./sched_archive/sched_2023-08-08.txt,2023-08-09T01:30,2023-08-09T02:29,3540.0,59.0,J2239+42,5.9298288557029,0.7433551209716294,J2000
./sched_archive/sched_2023-08-08.txt,2023-08-09T02:30,2023-08-09T03:19,2940.0,49.0,J2341+60,6.202172941066182,1.0559872232351137,J2000
./sched_archive/sched_2023-08-08.txt,2023-08-09T03:20,2023-08-09T04:06,2760.0,46.0,J0034-0534_PSR,0.1499403707045897,-0.09733420048376587,J2000
./sched_archive/sched_2023-08-08.txt,2023-08-09T04:07,2023-08-09T04:49,2520.0,42.0,J0115+88,0.32855823168793247,1.5404615347678727,J2000
./sched_archive/sched_2023-08-08.txt,2023-08-09T04:50,2023-08-09T05:09,1140.0,19.0,J0146+31_PSR,0.46251225177849725,0.5451245030395623,J2000
./sched_archive/sched_2023-08-08.txt,2023-08-09T05:10,2023-08-09T05:39,1740.0,29.0,J0220+3622_PSR,0.613926836594222,0.6361531198046887,J2000
./sched_archive/sched_2023-08-08.txt,2023-08-09T05:40,2023-08-09T07:09,5340.0,89.0,J0250+5854_PSR,0.7430579243673451,1.0280052300632598,J2000
./sched_archive/sched_2023-08-08.txt,2023-08-09T07:10,2023-08-09T11:40,16200.0,270.0,Sun357,,,
./sched_archive/sched_2023-08-08.txt,2023-08-09T11:41,2023-08-09T12:09,1680.0,28.0,J0826+2637_PSR,2.2115817443598504,0.46465900675845045,J2000
./sched_archive/sched_2023-08-08.txt,2023-08-09T12:10,2023-08-09T13:19,4140.0,69.0,Sun357,,,
./sched_archive/sched_2023-08-08.txt,2023-08-09T13:20,2023-08-09T13:59,2340.0,39.0,J1022+1001_PSR,2.718205665819409,0.17508003705071412,J2000
./sched_archive/sched_2023-08-15.txt,2023-08-15T11:45,2023-08-15T14:59,11640.0,194.0,Sun357,,,
./sched_archive/sched_2023-08-15.txt,2023-08-15T15:00,2023-08-15T15:59,3540.0,59.0,J1218+47_PSR,3.230943057336915,0.8248590432639309,J2000
./sched_archive/sched_2023-08-15.txt,2023-08-15T16:00,2023-08-15T18:29,8940.0,149.0,Sun357,,,
./sched_archive/sched_2023-08-15.txt,2023-08-15T18:30,2023-08-15T19:44,4440.0,74.0,J1538+2345,4.093238518783352,0.41453508989589766,J2000
./sched_archive/sched_2023-08-15.txt,2023-08-15T20:00,2023-08-15T21:59,7140.0,119.0,J1832+27_PSR,4.853397545724514,0.48566769083230454,J2000
./sched_archive/sched_2023-08-15.txt,2023-08-15T22:00,2023-08-16T00:14,8040.0,134.0,J1931+4229,5.110286484688845,0.741570367301345,J2000
./sched_archive/sched_2023-08-15.txt,2023-08-16T03:45,2023-08-16T04:59,4440.0,74.0,J0103+54,0.27472465292560155,0.9413712871956963,J2000
./sched_archive/sched_2023-08-15.txt,2023-08-16T05:00,2023-08-16T06:29,5340.0,89.0,J0250+5854_PSR,0.7430579243673451,1.0280052300632598,J2000
./sched_archive/sched_2023-08-15.txt,2023-08-16T06:30,2023-08-16T06:58,1680.0,28.0,J0318+1341,0.8635016474241944,0.23532856081056874,J2000
./sched_archive/sched_2023-08-22.txt,2023-08-22T13:07,2023-08-22T14:49,6120.0,102.0,J1022+1001_PSR,2.718205665819409,0.17508003705071412,J2000
./sched_archive/sched_2023-08-22.txt,2023-08-22T14:50,2023-08-22T15:09,1140.0,19.0,J1136+1551_PSR,3.0370963006143885,0.2767098326392434,J2000
./sched_archive/sched_2023-08-22.txt,2023-08-22T15:10,2023-08-22T15:59,2940.0,49.0,J1300+1240_PSR,3.4036180252242274,0.22134243757176436,J2000
./sched_archive/sched_2023-08-22.txt,2023-08-22T16:00,2023-08-22T17:36,5760.0,96.0,Sun357,,,
./sched_archive/sched_2023-08-22.txt,2023-08-22T17:37,2023-08-22T18:39,3720.0,62.0,J1548+09,4.13788476826989,0.17108589992674417,J2000
./sched_archive/sched_2023-08-22.txt,2023-08-22T18:40,2023-08-22T19:09,1740.0,29.0,J1645-0317_PSR,4.3852875895096295,-0.05758229049395671,J2000
./sched_archive/sched_2023-08-22.txt,2023-08-22T19:10,2023-08-22T19:59,2940.0,49.0,J1720+19_PSR,4.541710323950077,0.3446346533535248,J2000
./sched_archive/sched_2023-08-22.txt,2023-08-22T20:00,2023-08-22T20:45,2700.0,45.0,J1956+35,5.221152457341036,0.621574772413725,J2000
./sched_archive/sched_2023-08-22.txt,2023-08-22T20:46,2023-08-22T21:39,3180.0,53.0,J2005+14,5.258895202415413,0.2551089589998378,J2000
./sched_archive/sched_2023-08-22.txt,2023-08-22T21:40,2023-08-22T23:39,7140.0,119.0,J2105+1917_PSR,5.52181942364699,0.33411815900110764,J2000
./sched_archive/sched_2023-08-22.txt,2023-08-22T23:40,2023-08-23T00:29,2940.0,49.0,J2145-0750_PSR,5.697805941281582,-0.1368075848974223,J2000
./sched_archive/sched_2023-08-22.txt,2023-08-23T00:30,2023-08-23T01:29,3540.0,59.0,J2239+42,5.9298288557029,0.7433551209716294,J2000
./sched_archive/sched_2023-08-22.txt,2023-08-23T01:30,2023-08-23T02:19,2940.0,49.0,J2341+60,6.202172941066182,1.0559872232351137,J2000
./sched_archive/sched_2023-08-22.txt,2023-08-23T02:20,2023-08-23T03:06,2760.0,46.0,J0034-0534_PSR,0.1499403707045897,-0.09733420048376587,J2000
./sched_archive/sched_2023-08-22.txt,2023-08-23T03:07,2023-08-23T03:49,2520.0,42.0,J0115+88,0.32855823168793247,1.5404615347678727,J2000
./sched_archive/sched_2023-08-22.txt,2023-08-23T03:50,2023-08-23T04:09,1140.0,19.0,J0146+31_PSR,0.46251225177849725,0.5451245030395623,J2000
./sched_archive/sched_2023-08-22.txt,2023-08-23T04:10,2023-08-23T04:39,1740.0,29.0,J0220+3622_PSR,0.613926836594222,0.6361531198046887,J2000
./sched_archive/sched_2023-08-22.txt,2023-08-23T04:40,2023-08-23T06:09,5340.0,89.0,J0250+5854_PSR,0.7430579243673451,1.0280052300632598,J2000
./sched_archive/sched_2023-08-22.txt,2023-08-23T06:10,2023-08-23T07:29,4740.0,79.0,J0318+1341,0.8635016474241944,0.23532856081056874,J2000
./sched_archive/sched_2023-08-22.txt,2023-08-23T07:30,2023-08-23T10:40,11400.0,190.0,Sun357,,,
./sched_archive/sched_2023-08-22.txt,2023-08-23T10:41,2023-08-23T11:09,1680.0,28.0,J0826+2637_PSR,2.2115817443598504,0.46465900675845045,J2000
./sched_archive/sched_2023-08-22.txt,2023-08-23T11:10,2023-08-23T12:19,4140.0,69.0,Sun357,,,
./sched_archive/sched_2023-08-22.txt,2023-08-23T12:20,2023-08-23T13:59,5940.0,99.0,J1022+1001_PSR,2.718205665819409,0.17508003705071412,J2000
./sched_archive/sched_2023-09-12.txt,2023-09-12T07:40,2023-09-12T11:09,12540.0,209.0,Sun357,,,
./sched_archive/sched_2023-09-12.txt,2023-09-12T11:10,2023-09-12T11:54,2640.0,44.0,J1022+1001_PSR,2.718205665819409,0.17508003705071412,J2000
./sched_archive/sched_2023-09-12.txt,2023-09-12T11:55,2023-09-12T12:25,1800.0,30.0,J1136+1551_PSR,3.0370963006143885,0.2767098326392434,J2000
./sched_archive/sched_2023-09-12.txt,2023-09-12T12:26,2023-09-12T17:36,18600.0,310.0,Sun357,,,
./sched_archive/sched_2023-09-12.txt,2023-09-12T17:37,2023-09-12T17:52,900.0,15.0,J1645-0317_PSR,4.3852875895096295,-0.05758229049395671,J2000
./sched_archive/sched_2023-09-12.txt,2023-09-12T17:53,2023-09-12T18:59,3960.0,66.0,J1836+51_PSR,4.877558323237523,0.9064812155885273,J2000
./sched_archive/sched_2023-09-12.txt,2023-09-12T19:00,2023-09-12T20:14,4440.0,74.0,J1832+27_PSR,4.853397545724514,0.48566769083230454,J2000
./sched_archive/sched_2023-09-12.txt,2023-09-12T20:15,2023-09-12T21:20,3900.0,65.0,J2000+29_PSR,5.237194762978169,0.5119975973675667,J2000
./sched_archive/sched_2023-09-12.txt,2023-09-12T21:21,2023-09-12T22:21,3600.0,60.0,J2105+1917_PSR,5.52181942364699,0.33411815900110764,J2000
./sched_archive/sched_2023-09-12.txt,2023-09-12T22:22,2023-09-12T23:07,2700.0,45.0,J2145-0750_PSR,5.697805941281582,-0.1368075848974223,J2000
./sched_archive/sched_2023-09-12.txt,2023-09-12T23:08,2023-09-12T23:59,3060.0,51.0,J2202+2147_PSR,5.7695475851821545,0.37657387473532433,J2000
./sched_archive/sched_2023-09-12.txt,2023-09-13T00:00,2023-09-13T00:49,2940.0,49.0,J2347+02_PSR,6.229691731776413,0.05242886577094988,J2000
./sched_archive/sched_2023-09-12.txt,2023-09-13T00:50,2023-09-13T01:21,1860.0,31.0,J0227+33_PSR,0.6411951999657323,0.5923840232522463,J2000
./sched_archive/sched_2023-09-12.txt,2023-09-13T01:22,2023-09-13T02:07,2700.0,45.0,J0034-0534_PSR,0.1499403707045897,-0.09733420048376587,J2000
./sched_archive/sched_2023-09-12.txt,2023-09-13T02:08,2023-09-13T03:14,3960.0,66.0,J0146+31_PSR,0.46549619730560127,0.5396877201467183,J2000
./sched_archive/sched_2023-09-12.txt,2023-09-13T03:15,2023-09-13T04:44,5340.0,89.0,J0250+5854_PSR,0.7430579243673451,1.0280052300632598,J2000
./sched_archive/sched_2023-09-12.txt,2023-09-13T04:45,2023-09-13T05:59,4440.0,74.0,J0355+28_PSR,1.0270464380347102,0.49994759535693534,J2000
./sched_archive/sched_2023-09-12.txt,2023-09-13T06:00,2023-09-13T06:34,2040.0,34.0,Crab_PSR,1.4596732110242794,0.3842252837309499,J2000
./sched_archive/sched_2023-09-12.txt,2023-09-13T06:35,2023-09-13T06:59,1440.0,24.0,J0826+2637_PSR,2.2115817443598504,0.4646590067584504,J2000
./sched_archive/sched_2023-09-12.txt,2023-09-13T07:00,2023-09-13T07:44,2640.0,44.0,B0656+14_PSR,1.831737303548451,0.2485125840158764,J2000
./sched_archive/sched_2023-09-12.txt,2023-09-13T07:45,2023-09-13T13:59,22440.0,374.0,Sun357,,,
./sched_archive/sched_2023-10-16.txt,2023-10-16T07:00,2023-10-16T07:59,3540.0,59.0,J0835+49,2.2503839042901883,0.8552549667085213,J2000
./sched_archive/sched_2023-10-16.txt,2023-10-16T08:00,2023-10-16T09:09,4140.0,69.0,J0939+45,2.528618475878951,0.7897614865274342,J2000
./sched_archive/sched_2023-10-16.txt,2023-10-16T09:10,2023-10-16T10:19,4140.0,69.0,J1005+3015,2.6466867899922453,0.5281851241238283,J2000
./sched_archive/sched_2023-10-16.txt,2023-10-16T10:40,2023-10-16T11:19,2340.0,39.0,Sun357,,,
./sched_archive/sched_2023-10-16.txt,2023-10-16T12:20,2023-10-16T15:59,13140.0,219.0,Sun357,,,
./sched_archive/sched_2023-10-16.txt,2023-10-16T16:00,2023-10-16T16:59,3540.0,59.0,J1720+19,4.541710323950077,0.3446346533535248,J2000
./sched_archive/sched_2023-10-16.txt,2023-10-16T17:00,2023-10-16T18:29,5340.0,89.0,J1849+15,4.925910379412111,0.2666674019711703,J2000
./sched_archive/sched_2023-10-16.txt,2023-10-16T18:30,2023-10-16T19:59,5340.0,89.0,J1931+4229,5.110286484688845,0.741570367301345,J2000
./sched_archive/sched_2023-10-16.txt,2023-10-16T20:00,2023-10-16T21:29,5340.0,89.0,J2138+69,5.667302247382087,1.2186906946154739,J2000
./sched_archive/sched_2023-10-16.txt,2023-10-16T21:30,2023-10-16T23:29,7140.0,119.0,J2215+45,5.828447029215017,0.7925890604631511,J2000
./sched_archive/sched_2023-10-16.txt,2023-10-17T00:30,2023-10-17T01:29,3540.0,59.0,J0103+54,0.27472465292560155,0.9413712871956963,J2000
./sched_archive/sched_2023-10-16.txt,2023-10-17T02:30,2023-10-17T03:59,5340.0,89.0,J0348+79,0.9961466705757633,1.3841721483885918,J2000
./sched_archive/sched_2023-10-16.txt,2023-10-17T05:00,2023-10-17T05:59,3540.0,59.0,B0656+14_PSR,1.831737303548451,0.2485125840158764,J2000
./sched_archive/sched_2023-10-16.txt,2023-10-17T06:00,2023-10-17T07:29,5340.0,89.0,J0746+55,2.0367426739815624,0.964118391393294,J2000
./sched_archive/sched_2023-10-16.txt,2023-10-17T07:30,2023-10-17T08:59,5340.0,89.0,J0835+49,2.2503839042901883,0.8552549667085213,J2000
./sched_archive/sched_2023-10-16.txt,2023-10-17T09:45,2023-10-17T11:14,5340.0,89.0,Sun357,,,
./sched_archive/sched_2023-10-16.txt,2023-10-17T12:15,2023-10-17T15:19,11040.0,184.0,Sun357,,,
./sched_archive/sched_2023-10-16.txt,2023-10-17T15:40,2023-10-17T15:59,1140.0,19.0,Sun357,,,
./sched_archive/sched_2023-10-16.txt,2023-10-17T16:00,2023-10-17T16:59,3540.0,59.0,J1720+19,4.541710323950077,0.3446346533535248,J2000
./sched_archive/sched_2023-10-16.txt,2023-10-17T17:00,2023-10-17T18:29,5340.0,89.0,J1732+54,4.593124814831744,0.9489742994038057,J2000
./sched_archive/sched_2023-10-16.txt,2023-10-17T18:30,2023-10-17T19:29,3540.0,59.0,J1956+35,5.221152457341036,0.621574772413725,J2000
./sched_archive/sched_2023-10-16.txt,2023-10-17T19:30,2023-10-17T20:14,2640.0,44.0,J2030+31,5.368996389395389,0.5494975224431703,J2000
./sched_archive/sched_2023-10-16.txt,2023-10-17T21:00,2023-10-17T22:29,5340.0,89.0,J2239+42,5.9298288557029,0.7433551209716294,J2000
./sched_archive/sched_2023-10-16.txt,2023-10-17T22:30,2023-10-17T23:29,3540.0,59.0,J2355+15,6.262241356155655,0.27052603405912107,J2000
./sched_archive/sched_2023-10-16.txt,2023-10-17T23:30,2023-10-18T00:29,3540.0,59.0,J0054+66,0.23965048401074893,1.1665753533918115,J2000
./sched_archive/sched_2023-10-16.txt,2023-10-18T00:30,2023-10-18T01:29,3540.0,59.0,J0139+3310,0.43613087285590374,0.5867200623795394,J2000
./sched_archive/sched_2023-10-16.txt,2023-10-18T02:30,2023-10-18T03:59,5340.0,89.0,J0348+79,0.9961466705757633,1.3841721483885918,J2000
./sched_archive/sched_2023-10-16.txt,2023-10-18T04:30,2023-10-18T05:59,5340.0,89.0,J0549+34,1.5253450441908774,0.5936107192873269,J2000
./sched_archive/sched_2023-10-16.txt,2023-10-18T06:00,2023-10-18T06:59,3540.0,59.0,J0746+55,2.0367426739815624,0.964118391393294,J2000
./sched_archive/sched_2023-10-26.txt,2023-10-26T07:00,2023-10-26T07:59,3540.0,59.0,J0939+45,2.528618475878951,0.7897614865274342,J2000
./sched_archive/sched_2023-10-26.txt,2023-10-26T11:00,2023-10-26T13:59,10740.0,179.0,Sun357,,,
./sched_archive/sched_2023-11-14.txt,2023-11-14T13:05,2023-11-14T13:36,1860.0,31.0,Sun357,,,
./sched_archive/sched_2023-11-14.txt,2023-11-14T13:37,2023-11-14T14:00,1380.0,23.0,J1645-0317_PSR,4.3852875895096295,-0.05758229049395671,J2000
./sched_archive/sched_2023-11-14.txt,2023-11-14T14:01,2023-11-14T15:00,3540.0,59.0,Sun357,,,
./sched_archive/sched_2023-11-14.txt,2023-11-14T15:01,2023-11-14T16:00,3540.0,59.0,J1931+4229_PSR,5.110286484688845,0.741570367301345,J2000
./sched_archive/sched_2023-11-14.txt,2023-11-14T16:01,2023-11-14T17:00,3540.0,59.0,EVLac,5.963986403605474,0.7738014279023271,J2000
./sched_archive/sched_2023-11-14.txt,2023-11-14T17:01,2023-11-14T18:21,4800.0,80.0,J2215+45_PSR,5.828447029215017,0.7925890604631511,J2000
./sched_archive/sched_2023-11-14.txt,2023-11-14T18:22,2023-11-14T19:07,2700.0,45.0,J2145-0750_PSR,5.697805941281582,-0.1368075848974223,J2000
./sched_archive/sched_2023-11-14.txt,2023-11-14T19:08,2023-11-14T21:20,7920.0,132.0,B1951+32_PSR,5.20531221260202,0.5738302241353217,J2000
./sched_archive/sched_2023-11-14.txt,2023-11-14T21:21,2023-11-14T22:59,5880.0,98.0,J2111+34_PSR,5.547674471568309,0.6060316457973532,J2000
./sched_archive/sched_2023-11-14.txt,2023-11-14T23:00,2023-11-15T00:30,5400.0,90.0,J0250+5854_PSR,0.7430579301269316,1.0280052319831219,J2000
./sched_archive/sched_2023-11-14.txt,2023-11-15T00:31,2023-11-15T01:25,3240.0,54.0,Crab_PSR,1.4596732110242794,0.3842252837309499,J2000
./sched_archive/sched_2023-11-14.txt,2023-11-15T01:26,2023-11-15T05:19,13980.0,233.0,J0640+0744_PSR,1.7475109135593225,0.12639092666525603,J2000
./sched_archive/sched_2023-11-14.txt,2023-11-15T05:20,2023-11-15T05:40,1200.0,20.0,J0826+2637_PSR,2.2115817443598504,0.4646590067584504,J2000
./sched_archive/sched_2023-11-14.txt,2023-11-15T05:41,2023-11-15T06:51,4200.0,70.0,J0845-03_PSR,2.290744643242557,-0.06248278722139699,J2000
./sched_archive/sched_2023-11-14.txt,2023-11-15T06:52,2023-11-15T07:37,2700.0,45.0,J1022+1001_PSR,2.718205665819409,0.17508003705071412,J2000
./sched_archive/sched_2023-11-14.txt,2023-11-15T07:38,2023-11-15T08:44,3960.0,66.0,J1101+55_PSR,2.88786995144,0.96613917238,J2000
./sched_archive/sched_2023-11-14.txt,2023-11-15T08:45,2023-11-15T09:59,4440.0,74.0,J2138+69_PSR,5.667302247382087,1.2186906946154739,J2000
./sched_archive/sched_2023-11-14.txt,2023-11-15T10:00,2023-11-15T14:59,17940.0,299.0,Sun357,,,
./sched_archive/sched_2023-11-28.txt,2023-11-28T08:00,2023-11-28T09:59,7140.0,119.0,J1218+47,3.230943057336915,0.8248590432639309,J2000
./sched_archive/sched_2023-11-28.txt,2023-11-28T10:00,2023-11-28T13:59,14340.0,239.0,Sun357,,,
./sched_archive/sched_2023-11-28.txt,2023-11-28T14:00,2023-11-28T16:07,7620.0,127.0,J1732+2700,4.591961261997081,0.4686209041604775,J2000
./sched_archive/sched_2023-11-28.txt,2023-11-28T16:08,2023-11-28T17:21,4380.0,73.0,J1931+4229,5.110286484688845,0.741570367301345,J2000
./sched_archive/sched_2023-11-28.txt,2023-11-28T17:22,2023-11-28T18:07,2700.0,45.0,J2145-0750_PSR,5.697805941281582,-0.1368075848974223,J2000
./sched_archive/sched_2023-11-28.txt,2023-11-28T18:08,2023-11-28T19:59,6660.0,111.0,J2138+69,5.667302247382087,1.2186906946154739,J2000
./sched_archive/sched_2023-11-28.txt,2023-11-28T20:00,2023-11-28T20:59,3540.0,59.0,J2215+45,5.828447029215017,0.7925890604631511,J2000
./sched_archive/sched_2023-11-28.txt,2023-11-28T21:00,2023-11-28T21:59,3540.0,59.0,J0103+54,0.27472465292560155,0.9413712871956963,J2000
./sched_archive/sched_2023-11-28.txt,2023-11-28T22:00,2023-11-28T22:59,3540.0,59.0,J0250+5854_PSR,0.7430579243673451,1.0280052300632598,J2000
./sched_archive/sched_2023-11-28.txt,2023-11-28T23:00,2023-11-29T01:29,8940.0,149.0,J0348+79,0.9961466705757633,1.3841721483885918,J2000
./sched_archive/sched_2023-11-28.txt,2023-11-29T01:30,2023-11-29T04:19,10140.0,169.0,J0746+55,2.0367426739815624,0.964118391393294,J2000
./sched_archive/sched_2023-11-28.txt,2023-11-29T04:20,2023-11-29T04:40,1200.0,20.0,J0826+2637_PSR,2.2115817443598504,0.4646590067584504,J2000
./sched_archive/sched_2023-11-28.txt,2023-11-29T04:41,2023-11-29T06:14,5580.0,93.0,J0939+45,2.528618475878951,0.7897614865274342,J2000
./sched_archive/sched_2023-11-28.txt,2023-11-29T06:15,2023-11-29T07:14,3540.0,59.0,J1022+1001_PSR,2.718205665819409,0.17508003705071412,J2000
./sched_archive/sched_2023-11-28.txt,2023-11-29T07:15,2023-11-29T07:37,1320.0,22.0,J1136+1551_PSR,3.0370963006143885,0.2767098326392434,J2000
./sched_archive/sched_2023-11-28.txt,2023-11-29T07:38,2023-11-29T08:59,4860.0,81.0,J1329+1349,3.529928412158531,0.23969188394055457,J2000
./sched_archive/sched_2023-11-28.txt,2023-11-29T09:00,2023-11-29T09:59,3540.0,59.0,J1400+2127,3.6662247571894993,0.37398741750247533,J2000
./sched_archive/sched_2023-11-28.txt,2023-11-29T10:00,2023-11-29T12:36,9360.0,156.0,Sun357,,,
./sched_archive/sched_2023-11-28.txt,2023-11-29T12:37,2023-11-29T12:52,900.0,15.0,J1645-0317_PSR,4.3852875895096295,-0.05758229049395671,J2000
./sched_archive/sched_2023-11-28.txt,2023-11-29T12:53,2023-11-29T14:59,7560.0,126.0,CR_Draconis,4.2633557615464,0.9646240852216,J2000
./sched_archive/sched_2023-12-11.txt,2023-12-11T10:30,2023-12-11T11:51,4860.0,81.0,Sun357,,,
./sched_archive/sched_2023-12-11.txt,2023-12-11T11:52,2023-12-11T12:07,900.0,15.0,J1645-0317_PSR,4.3852875895096295,-0.05758229049395671,J2000
./sched_archive/sched_2023-12-11.txt,2023-12-11T12:08,2023-12-11T14:07,7140.0,119.0,J1732+2700,4.591961261997081,0.4686209041604775,J2000
./sched_archive/sched_2023-12-11.txt,2023-12-11T14:08,2023-12-11T16:36,8880.0,148.0,J1931+4229,5.110286484688845,0.741570367301345,J2000
./sched_archive/sched_2023-12-11.txt,2023-12-11T16:37,2023-12-11T17:22,2700.0,45.0,J2145-0750_PSR,5.697805941281582,-0.1368075848974223,J2000
./sched_archive/sched_2023-12-11.txt,2023-12-11T17:23,2023-12-11T19:29,7560.0,126.0,J2215+45,5.828447029215017,0.7925890604631511,J2000
./sched_archive/sched_2023-12-11.txt,2023-12-11T19:30,2023-12-11T21:29,7140.0,119.0,J0250+5854_PSR,0.7430579243673451,1.0280052300632598,J2000
./sched_archive/sched_2023-12-11.txt,2023-12-11T21:30,2023-12-11T23:22,6720.0,112.0,J0348+79,0.9961466705757633,1.3841721483885918,J2000
./sched_archive/sched_2023-12-11.txt,2023-12-11T23:23,2023-12-12T01:29,7560.0,126.0,J0658+29,1.8225600713950785,0.5163653554761446,J2000
./sched_archive/sched_2023-12-11.txt,2023-12-12T01:30,2023-12-12T03:29,7140.0,119.0,J0746+55,2.0367426739815624,0.964118391393294,J2000
./sched_archive/sched_2023-12-11.txt,2023-12-12T03:30,2023-12-12T05:22,6720.0,112.0,J0939+45,2.528618475878951,0.7897614865274342,J2000
./sched_archive/sched_2023-12-11.txt,2023-12-12T05:23,2023-12-12T07:44,8460.0,141.0,J1101+55,2.88786995144,0.96613917238,J2000
./sched_archive/sched_2023-12-11.txt,2023-12-12T07:45,2023-12-12T08:45,3600.0,60.0,J1300+1240_PSR,3.4036180252242274,0.22134243757176436,J2000
./sched_archive/sched_2023-12-11.txt,2023-12-12T08:46,2023-12-12T10:29,6180.0,103.0,J1400+2127,3.6662247571894993,0.37398741750247533,J2000
./sched_archive/sched_2023-12-11.txt,2023-12-12T10:30,2023-12-12T14:09,13140.0,219.0,Sun357,,,
./sched_archive/sched_2023-12-11.txt,2023-12-12T14:10,2023-12-12T15:59,6540.0,109.0,CR_Draconis,4.2633557615464,0.9646240852216,J2000
./sched_archive/sched_2023-12-11.txt,2023-12-12T16:00,2023-12-12T18:30,9000.0,150.0,J2138+69,5.667302247382087,1.2186906946154739,J2000
./sched_archive/sched_2023-12-11.txt,2023-12-12T18:31,2023-12-12T20:30,7140.0,119.0,J0103+54,0.27472465292560155,0.9413712871956963,J2000
./sched_archive/sched_2023-12-11.txt,2023-12-12T20:31,2023-12-12T22:59,8880.0,148.0,J0320+56,0.8729555142058305,0.9814034865332226,J2000
./sched_archive/sched_2023-12-11.txt,2023-12-12T23:00,2023-12-13T01:29,8940.0,149.0,J0549+34,1.5253450441908774,0.5936107192873269,J2000
./sched_archive/sched_2023-12-11.txt,2023-12-13T01:30,2023-12-13T03:19,6540.0,109.0,J0835+49,2.2503839042901883,0.8552549667085213,J2000
./sched_archive/sched_2023-12-11.txt,2023-12-13T03:20,2023-12-13T03:40,1200.0,20.0,J0826+2637_PSR,2.2115817443598504,0.4646590067584504,J2000
./sched_archive/sched_2023-12-11.txt,2023-12-13T03:41,2023-12-13T05:06,5100.0,85.0,J1005+3015,2.6466867899922453,0.5281851241238283,J2000
./sched_archive/sched_2023-12-11.txt,2023-12-13T05:07,2023-12-13T05:52,2700.0,45.0,J1022+1001_PSR,2.718205665819409,0.17508003705071412,J2000
./sched_archive/sched_2023-12-11.txt,2023-12-13T05:53,2023-12-13T07:59,7560.0,126.0,J1222+19,3.2415127532664685,0.3386375081181998,J2000
./sched_archive/sched_2023-12-27-p2.txt,2023-12-27T22:41,2023-12-28T01:00,8340.0,139.0,J0227+33_PSR,0.6411951999657323,0.5923840232522463,J2000
./sched_archive/sched_2023-12-27-p2.txt,2023-12-28T01:01,2023-12-28T02:15,4440.0,74.0,Crab_PSR,1.459673211,0.384225284,J2000
./sched_archive/sched_2023-12-27-p2.txt,2023-12-28T03:01,2023-12-28T04:06,3900.0,65.0,J0939+45,2.528618476,0.789761487,J2000
./sched_archive/sched_2023-12-27-p2.txt,2023-12-28T05:00,2023-12-28T06:29,5340.0,89.0,J1132+2515_PSR,3.02159655,0.440270305,J2000
./sched_archive/sched_2023-12-27-p2.txt,2023-12-28T06:30,2023-12-28T07:30,3600.0,60.0,J1218+47,3.230943057,0.824859043,J2000
./sched_archive/sched_2023-12-27-p2.txt,2023-12-28T07:31,2023-12-28T08:31,3600.0,60.0,J1300+1240_PSR,3.403618025,0.221342438,J2000
./sched_archive/sched_2023-12-27-p2.txt,2023-12-28T08:32,2023-12-28T10:00,5280.0,88.0,J1400+2127,3.666224757,0.373987418,J2000
./sched_archive/sched_2023-12-27-p2.txt,2023-12-28T10:01,2023-12-28T11:00,3540.0,59.0,J1538+2345,4.093238519,0.41453509,J2000
./sched_archive/sched_2023-12-27-p2.txt,2023-12-28T11:01,2023-12-28T12:00,3540.0,59.0,J1541+47,4.106468842,0.821206502,J2000
./sched_archive/sched_2023-12-27-p2.txt,2023-12-28T12:01,2023-12-28T13:00,3540.0,59.0,J1832+27_PSR,4.853397546,0.485667691,J2000
./sched_archive/sched_2023-12-27-p2.txt,2023-12-28T13:01,2023-12-28T13:59,3480.0,58.0,J1931+4229,5.110286485,0.741570367,J2000
./sched_archive/sched_2023_01_17.txt,2023-01-17T08:00,2023-01-17T08:59,3540.0,59.0,J1538+2345,4.093238518783352,0.41453508989589766,J2000
./sched_archive/sched_2023_01_17.txt,2023-01-17T09:00,2023-01-17T09:14,840.0,14.0,J1645-0317_PSR,4.3852875895096295,-0.05758229049395671,J2000
./sched_archive/sched_2023_01_17.txt,2023-01-17T09:15,2023-01-17T14:09,17640.0,294.0,Sun357,,,
./sched_archive/sched_2023_01_17.txt,2023-01-17T14:10,2023-01-17T14:49,2340.0,39.0,J2145-0750_PSR,5.697805941281582,-0.1368075848974223,J2000
./sched_archive/sched_2023_01_17.txt,2023-01-17T14:50,2023-01-17T15:59,4140.0,69.0,Sun357,,,
./sched_archive/sched_2023_01_17.txt,2023-01-17T16:00,2023-01-17T16:39,2340.0,39.0,J0034-0534_PSR,0.1499403707045897,-0.09733420048376587,J2000
./sched_archive/sched_2023_01_17.txt,2023-01-17T16:40,2023-01-17T16:59,1140.0,19.0,J2355+15,6.262241356155655,0.27052603405912107,J2000
./sched_archive/sched_2023_01_17.txt,2023-01-17T17:00,2023-01-17T17:59,3540.0,59.0,J0054+66,0.23965048401074893,1.1665753533918115,J2000
./sched_archive/sched_2023_01_17.txt,2023-01-17T18:00,2023-01-17T18:59,3540.0,59.0,J0139+3310,0.43613087285590374,0.5867200623795394,J2000
./sched_archive/sched_2023_01_17.txt,2023-01-17T19:00,2023-01-17T19:29,1740.0,29.0,J0104+64_PSR,0.2820731323903155,1.129912195107113,J2000
./sched_archive/sched_2023_01_17.txt,2023-01-17T19:30,2023-01-17T20:29,3540.0,59.0,J0146+31_PSR,0.46251225177849725,0.5451245030395623,J2000
./sched_archive/sched_2023_01_17.txt,2023-01-17T20:30,2023-01-17T21:29,3540.0,59.0,J0220+3622_PSR,0.613926836594222,0.6361531198046887,J2000
./sched_archive/sched_2023_01_17.txt,2023-01-17T21:30,2023-01-17T22:59,5340.0,89.0,J0355+28_PSR,1.0297198240671264,0.5020352326899089,J2000
./sched_archive/sched_2023_01_17.txt,2023-01-17T23:00,2023-01-17T23:59,3540.0,59.0,J0845-03,2.290744643242557,-0.06248278722139699,J2000
./sched_archive/sched_2023_01_17.txt,2023-01-18T00:00,2023-01-18T01:59,7140.0,119.0,J0854+5449,2.3318853625654374,0.9568708573752553,J2000
./sched_archive/sched_2023_01_17.txt,2023-01-18T02:00,2023-01-18T02:19,1140.0,19.0,J0826+2637_PSR,2.2115817443598504,0.4646590067584504,J2000
./sched_archive/sched_2023_01_17.txt,2023-01-18T02:20,2023-01-18T02:59,2340.0,39.0,J1022+1001_PSR,2.718205665819409,0.17508003705071412,J2000
./sched_archive/sched_2023_01_17.txt,2023-01-18T03:00,2023-01-18T03:59,3540.0,59.0,J1242+3938_PSR,3.3248522250491974,0.6917321602070859,J2000
./sched_archive/sched_2023_01_17.txt,2023-01-18T04:00,2023-01-18T05:29,5340.0,89.0,J1218+47,3.230943057336915,0.8248590432639309,J2000
./sched_archive/sched_2023_01_17.txt,2023-01-18T05:30,2023-01-18T07:29,7140.0,119.0,J1329+1349,3.529928412158531,0.23969188394055457,J2000
./sched_archive/sched_2023_01_17.txt,2023-01-18T07:30,2023-01-18T08:59,5340.0,89.0,J1400+2127,3.6662247571894993,0.37398741750247533,J2000
./sched_archive/sched_2023_01_17.txt,2023-01-18T09:00,2023-01-18T14:59,21540.0,359.0,Sun357,,,
./sched_archive/sched_2023_01_20.txt,2023-01-20T08:00,2023-01-20T08:59,3540.0,59.0,J1541+47,4.106468841733991,0.8212065018841985,J2000
./sched_archive/sched_2023_01_20.txt,2023-01-20T09:00,2023-01-20T14:59,21540.0,359.0,Sun357,,,
./sched_archive/sched_2023_05_02.txt,2023-05-02T07:00,2023-05-02T07:49,2940.0,49.0,J2145-0750_PSR,5.697805941281582,-0.1368075848974223,J2000
./sched_archive/sched_2023_05_02.txt,2023-05-02T07:50,2023-05-02T10:04,8040.0,134.0,Sun357,,,
./sched_archive/sched_2023_05_02.txt,2023-05-02T10:05,2023-05-02T10:44,2340.0,39.0,J0034-0534_PSR,0.1499403707045897,-0.09733420048376587,J2000
./sched_archive/sched_2023_05_02.txt,2023-05-02T10:45,2023-05-02T17:59,26040.0,434.0,Sun357,,,
./sched_archive/sched_2023_05_02.txt,2023-05-02T18:00,2023-05-02T18:14,840.0,14.0,J0826+2637_PSR,2.2115817443598504,0.4646590067584504,J2000
./sched_archive/sched_2023_05_02.txt,2023-05-02T18:15,2023-05-02T19:54,5940.0,99.0,J0939+45,2.528618475878951,0.7897614865274342,J2000
./sched_archive/sched_2023_05_02.txt,2023-05-02T19:55,2023-05-02T20:34,2340.0,39.0,J1022+1001_PSR,2.718205665819409,0.17508003705071412,J2000
./sched_archive/sched_2023_05_02.txt,2023-05-02T20:35,2023-05-02T21:19,2640.0,44.0,J1132+2515,3.020087223477898,0.43516248425081755,J2000
./sched_archive/sched_2023_05_02.txt,2023-05-02T21:20,2023-05-02T21:34,840.0,14.0,J1136+1551_PSR,3.0370963006143885,0.2767098326392434,J2000
./sched_archive/sched_2023_05_02.txt,2023-05-02T21:35,2023-05-02T23:29,6840.0,114.0,J1329+1349,3.529928412158531,0.23969188394055457,J2000
./sched_archive/sched_2023_05_02.txt,2023-05-02T23:30,2023-05-03T00:09,2340.0,39.0,J1400-1438_PSR,3.6678824141316655,-0.25359169669176823,J2000
./sched_archive/sched_2023_05_02.txt,2023-05-03T00:10,2023-05-03T01:59,6540.0,109.0,J1400+2127,3.6662247571894993,0.37398741750247533,J2000
./sched_archive/sched_2023_05_02.txt,2023-05-03T02:00,2023-05-03T03:29,5340.0,89.0,J1836+51_PSR,4.87164852929992,0.9050544462556755,J2000
./sched_archive/sched_2023_05_02.txt,2023-05-03T03:30,2023-05-03T05:29,7140.0,119.0,J1832+27_PSR,4.852957798340313,0.4844353325127981,J2000
./sched_archive/sched_2023_05_02.txt,2023-05-03T05:30,2023-05-03T06:44,4440.0,74.0,J2000+29_PSR,5.238878021224291,0.5091474493917858,J2000
./sched_archive/sched_2023_05_02.txt,2023-05-03T06:45,2023-05-03T07:59,4440.0,74.0,Sun357,,,
./sched_archive/sched_2023_05_02.txt,2023-05-03T08:00,2023-05-03T08:59,3540.0,59.0,J2325-0530,6.131581645028229,-0.09618218619532085,J2000
./sched_archive/sched_2023_05_02.txt,2023-05-03T09:00,2023-05-03T09:59,3540.0,59.0,J0139+3310,0.43613087285590374,0.5867200623795394,J2000
./sched_archive/sched_2023_05_02.txt,2023-05-03T10:00,2023-05-03T13:59,14340.0,239.0,Sun357,,,
./sched_archive/sched_2023_05_05.txt,2023-05-05T07:00,2023-05-05T13:59,25140.0,419.0,Sun357,,,
./sched_archive/sched_2023_05_30.txt,2023-05-30T07:00,2023-05-30T08:19,4740.0,79.0,Sun357,,,
./sched_archive/sched_2023_05_30.txt,2023-05-30T08:20,2023-05-30T08:59,2340.0,39.0,J0034-0534_PSR,0.1499403707045897,-0.09733420048376587,J2000
./sched_archive/sched_2023_05_30.txt,2023-05-30T09:00,2023-05-30T13:19,15540.0,259.0,Sun357,,,
./sched_archive/sched_2023_05_30.txt,2023-05-30T13:20,2023-05-30T13:49,1740.0,29.0,Crab_PSR,1.4596732110242794,0.3842252837309499,J2000
./sched_archive/sched_2023_05_30.txt,2023-05-30T13:50,2023-05-30T16:19,8940.0,149.0,Sun357,,,
./sched_archive/sched_2023_05_30.txt,2023-05-30T16:20,2023-05-30T16:39,1140.0,19.0,J0826+2637_PSR,2.211582180692164,0.46465915162077825,J2000
./sched_archive/sched_2023_05_30.txt,2023-05-30T16:40,2023-05-30T18:09,5340.0,89.0,J0939+45,2.528618475878951,0.7897614865274342,J2000
./sched_archive/sched_2023_05_30.txt,2023-05-30T18:10,2023-05-30T18:49,2340.0,39.0,J1022+1001_PSR,2.718205665819409,0.17508003705071412,J2000
./sched_archive/sched_2023_05_30.txt,2023-05-30T18:50,2023-05-30T19:19,1740.0,29.0,J1132+2515,3.020087223477898,0.43516248425081755,J2000
./sched_archive/sched_2023_05_30.txt,2023-05-30T19:20,2023-05-30T19:49,1740.0,29.0,J1136+1551_PSR,3.0370963006143885,0.2767098326392434,J2000
./sched_archive/sched_2023_05_30.txt,2023-05-30T19:50,2023-05-30T21:29,5940.0,99.0,J1218+47,3.230943057336915,0.8248590432639309,J2000
./sched_archive/sched_2023_05_30.txt,2023-05-30T21:30,2023-05-30T21:44,840.0,14.0,J1336+3346_PSR,3.5604716740684323,0.5893453285209254,J2000
./sched_archive/sched_2023_05_30.txt,2023-05-30T21:45,2023-05-30T22:49,3840.0,64.0,J1400+2127,3.6662247571894993,0.37398741750247533,J2000
./sched_archive/sched_2023_05_30.txt,2023-05-30T22:50,2023-05-31T00:29,5940.0,99.0,J1536+1749_PSR,4.085161280449228,0.3109653128278297,J2000
./sched_archive/sched_2023_05_30.txt,2023-05-31T00:30,2023-05-31T00:59,1740.0,29.0,J1645-0317_PSR,4.3852875895096295,-0.05758229049395671,J2000
./sched_archive/sched_2023_05_30.txt,2023-05-31T01:00,2023-05-31T03:19,8340.0,139.0,J1836+51_PSR,4.87164852929992,0.9050544462556755,J2000
./sched_archive/sched_2023_05_30.txt,2023-05-31T03:20,2023-05-31T04:19,3540.0,59.0,B1951+32_PSR,5.20531221260202,0.5738302241353217,J2000
./sched_archive/sched_2023_05_30.txt,2023-05-31T04:20,2023-05-31T05:24,3840.0,64.0,J2138+69,5.667302247382087,1.2186906946154739,J2000
./sched_archive/sched_2023_05_30.txt,2023-05-31T05:25,2023-05-31T06:04,2340.0,39.0,J2145-0750_PSR,5.6978059412292215,-0.1368075849323289,J2000
./sched_archive/sched_2023_05_30.txt,2023-05-31T06:05,2023-05-31T06:59,3240.0,54.0,J2202+2147,5.769840340936754,0.38019088872609813,J2000
./sched_archive/sched_2023_05_30.txt,2023-05-31T07:00,2023-05-31T13:29,23340.0,389.0,Sun357,,,
./sched_archive/sched_2023_05_30.txt,2023-05-31T13:30,2023-05-31T13:59,1740.0,29.0,Crab_PSR,1.4596732110242794,0.3842252837309499,J2000
./sched_archive/sched_2023_05_30.txt,2023-06-02T07:00,2023-06-02T13:29,23340.0,389.0,Sun357,,,
./sched_archive/sched_2023_05_30.txt,2023-06-02T13:30,2023-06-02T13:59,1740.0,29.0,Crab_PSR,1.4596732110242794,0.3842252837309499,J2000
./sched_archive/sched_2023_06_27.txt,2023-06-27T07:01,2023-06-27T11:29,16080.0,268.0,Sun357,,,
./sched_archive/sched_2023_06_27.txt,2023-06-27T11:30,2023-06-27T11:59,1740.0,29.0,Crab,1.4595961641625819,0.3842289988387957,J2000
./sched_archive/sched_2023_06_27.txt,2023-06-27T12:00,2023-06-27T14:29,8940.0,149.0,Sun357,,,
./sched_archive/sched_2023_06_27.txt,2023-06-27T14:30,2023-06-27T14:49,1140.0,19.0,J0826+2637_PSR,2.211582180692164,0.46465915162077825,J2000
./sched_archive/sched_2023_06_27.txt,2023-06-27T14:50,2023-06-27T18:54,14640.0,244.0,Sun357,,,
./sched_archive/sched_2023_06_27.txt,2023-06-27T18:55,2023-06-27T22:39,13440.0,224.0,J1022+1001_PSR,2.718205665819409,0.17508003705071412,J2000
./sched_archive/sched_2023_06_27.txt,2023-06-27T22:40,2023-06-27T22:59,1140.0,19.0,J1645-0317_PSR,4.3852875895096295,-0.05758229049395671,J2000
./sched_archive/sched_2023_06_27.txt,2023-06-27T23:00,2023-06-28T01:00,7200.0,120.0,"B1919+21_PSR [5.069077193263157, 0.38194712570414097, 'J2000'",,,
./sched_archive/sched_2023_06_27.txt,2023-06-28T01:01,2023-06-28T03:34,9180.0,153.0,J0104+64_PSR,0.2820731323903155,1.129912195107113,J2000
./sched_archive/sched_2023_06_27.txt,2023-06-28T03:35,2023-06-28T04:14,2340.0,39.0,J2145-0750_PSR,5.6978059412292215,-0.1368075849323289,J2000
./sched_archive/sched_2023_06_27.txt,2023-06-28T04:15,2023-06-28T06:24,7740.0,129.0,J0146+31_PSR,0.46251225177849725,0.5451245030395623,J2000
./sched_archive/sched_2023_06_27.txt,2023-06-28T06:25,2023-06-28T07:04,2340.0,39.0,J0034-0534_PSR,0.1499403707045897,-0.09733420048376587,J2000
./sched_archive/sched_2023_06_27.txt,2023-06-28T07:05,2023-06-28T15:00,28500.0,475.0,Sun357,,,
./sched_archive/sched_2023_07_25.txt,2023-07-25T07:00,2023-07-25T09:39,9540.0,159.0,Sun357,,,
./sched_archive/sched_2023_07_25.txt,2023-07-25T09:40,2023-07-25T10:09,1740.0,29.0,Crab_PSR,1.4596732110242794,0.3842252837309499,J2000
./sched_archive/sched_2023_07_25.txt,2023-07-25T10:10,2023-07-25T12:39,8940.0,149.0,Sun357,,,
./sched_archive/sched_2023_07_25.txt,2023-07-25T12:40,2023-07-25T12:59,1140.0,19.0,J0826+2637_PSR,2.2115817443598504,0.46465900675845045,J2000
./sched_archive/sched_2023_07_25.txt,2023-07-25T13:00,2023-07-25T14:24,5040.0,84.0,Sun357,,,
./sched_archive/sched_2023_07_25.txt,2023-07-25T14:25,2023-07-25T15:04,2340.0,39.0,J1022+1001_PSR,2.718205665819409,0.17508003705071412,J2000
./sched_archive/sched_2023_07_25.txt,2023-07-25T15:05,2023-07-25T15:49,2640.0,44.0,J0115+88_PSR,0.32855823168793247,1.5404615347678727,J2000
./sched_archive/sched_2023_07_25.txt,2023-07-25T15:50,2023-07-25T16:04,840.0,14.0,J1136+1551_PSR,3.0370963006143885,0.2767098326392434,J2000
./sched_archive/sched_2023_07_25.txt,2023-07-25T16:05,2023-07-25T16:44,2340.0,39.0,J1326+33_PSR,3.5198927689595636,0.589339510756752,J2000
./sched_archive/sched_2023_07_25.txt,2023-07-25T16:45,2023-07-25T16:59,840.0,14.0,J1242+3938_PSR,3.3248522250491974,0.6917321602070859,J2000
./sched_archive/sched_2023_07_25.txt,2023-07-25T17:00,2023-07-25T17:39,2340.0,39.0,J1300+1240_PSR,3.4036180252242274,0.22134243757176436,J2000
./sched_archive/sched_2023_07_25.txt,2023-07-25T17:40,2023-07-25T19:25,6300.0,105.0,Sun357,,,
./sched_archive/sched_2023_07_25.txt,2023-07-25T19:26,2023-07-25T20:00,2040.0,34.0,J1720+19_PSR,4.541710323950077,0.3446346533535248,J2000
./sched_archive/sched_2023_07_25.txt,2023-07-25T20:01,2023-07-25T21:01,3600.0,60.0,J1536+1749_PSR,4.085161280449227,0.3109594950636564,J2000
./sched_archive/sched_2023_07_25.txt,2023-07-25T21:02,2023-07-25T22:34,5520.0,92.0,J1412+31_PSR,3.7200238565215797,0.5527700147906597,J2000
./sched_archive/sched_2023_07_25.txt,2023-07-25T22:35,2023-07-25T23:04,1740.0,29.0,J1832+27_PSR,4.852957798340313,0.4844353325127981,J2000
./sched_archive/sched_2023_07_25.txt,2023-07-25T23:05,2023-07-26T00:04,3540.0,59.0,J1836+51_PSR,4.87164852929992,0.9050544462556755,J2000
./sched_archive/sched_2023_07_25.txt,2023-07-26T00:05,2023-07-26T01:05,3600.0,60.0,J1913+1330,5.0322183842,-0.2357783787,J2000
./sched_archive/sched_2023_07_25.txt,2023-07-26T01:06,2023-07-26T01:44,2280.0,38.0,J2000+29_PSR,5.238878021224291,0.5091474493917858,J2000
./sched_archive/sched_2023_07_25.txt,2023-07-26T01:45,2023-07-26T02:24,2340.0,39.0,J2145-0750_PSR,5.697805941281582,-0.1368075848974223,J2000
./sched_archive/sched_2023_07_25.txt,2023-07-26T02:25,2023-07-26T03:49,5040.0,84.0,J2030+31_PSR,5.368996389395389,0.5494975224431703,J2000
./sched_archive/sched_2023_07_25.txt,2023-07-26T03:50,2023-07-26T04:26,2160.0,36.0,J2347+02_PSR,6.230685803279596,0.050072449042166116,J2000
./sched_archive/sched_2023_07_25.txt,2023-07-26T04:27,2023-07-26T05:19,3120.0,52.0,J2352+62_PSR,6.249369552922195,1.0836991732473347,J2000
./sched_archive/sched_2023_07_25.txt,2023-07-26T05:20,2023-07-26T05:34,840.0,14.0,J0104+64_PSR,0.2820731323903155,1.129912195107113,J2000
./sched_archive/sched_2023_07_25.txt,2023-07-26T05:35,2023-07-26T06:19,2640.0,44.0,J0146+31_PSR,0.46251225177849725,0.5451245030395623,J2000
./sched_archive/sched_2023_07_25.txt,2023-07-26T06:20,2023-07-26T06:39,1140.0,19.0,J0220+3622_PSR,0.613926836594222,0.6361531198046887,J2000
./sched_archive/sched_2023_07_25.txt,2023-07-26T06:40,2023-07-26T07:39,3540.0,59.0,J0250+5854_PSR,0.7430579243673451,1.0280052300632598,J2000
./sched_archive/sched_2023_07_25.txt,2023-07-26T07:40,2023-07-26T13:59,22740.0,379.0,Sun357,,,
./sched_archive/sched_2023_10_27.txt,2023-10-27T07:00,2023-10-27T07:59,3540.0,59.0,J0939+45,2.528618475878951,0.7897614865274342,J2000
./sched_archive/sched_2023_10_27.txt,2023-10-27T12:00,2023-10-27T13:59,7140.0,119.0,Sun357,,,
./sched_archive/sched_2023_12_18.txt,2023-12-19T08:16,2023-12-19T09:30,4440.0,74.0,J0939+45,2.528618475878951,0.7897614865274342,J2000
./sched_archive/sched_2023_12_18.txt,2023-12-19T09:31,2023-12-19T11:00,5340.0,89.0,J1336+3346,3.5629461009946066,0.5976686992463379,J2000
./sched_archive/sched_2023_12_18.txt,2023-12-19T11:01,2023-12-19T12:30,5340.0,89.0,RRAT_J1218+47,3.230943057336915,0.8248590432639309,J2000
./sched_archive/sched_2023_12_18.txt,2023-12-19T12:31,2023-12-19T14:00,5340.0,89.0,J1541+47,4.106468841733991,0.8212065018841985,J2000
./sched_archive/sched_2023_12_18.txt,2023-12-19T14:01,2023-12-19T16:06,7500.0,125.0,J1931+4229,5.110286484688845,0.741570367301345,J2000
./sched_archive/sched_2023_12_18.txt,2023-12-19T16:07,2023-12-19T17:00,3180.0,53.0,J2145-0750_PSR,5.697805941281582,-0.1368075848974223,J2000
./sched_archive/sched_2023_12_18.txt,2023-12-19T17:01,2023-12-19T18:00,3540.0,59.0,J2215+45,5.828447029215017,0.7925890604631511,J2000
./sched_archive/sched_2023_12_18.txt,2023-12-19T18:01,2023-12-19T18:51,3000.0,50.0,J0103+54,0.27472465292560155,0.9413712871956963,J2000
./sched_archive/sched_2023_12_18.txt,2023-12-19T18:52,2023-12-19T19:37,2700.0,45.0,J0034-0534_PSR,0.1499403707045897,-0.09733420048376587,J2000
./sched_archive/sched_2023_12_18.txt,2023-12-19T19:38,2023-12-19T21:00,4920.0,82.0,J0139+3310,0.43613087285590374,0.5867200623795394,J2000
./sched_archive/sched_2023_12_18.txt,2023-12-19T21:01,2023-12-19T23:00,7140.0,119.0,J0250+5854_PSR,0.7430579243673451,1.0280052300632598,J2000
./sched_archive/sched_2023_12_18.txt,2023-12-19T23:01,2023-12-20T00:30,5340.0,89.0,0348+79,0.9961466705757633,1.3841721483885918,J2000
./sched_archive/sched_2023_12_18.txt,2023-12-20T00:31,2023-12-20T01:30,3540.0,59.0,J0658+29,1.8225600713950785,0.5163653554761446,J2000
./sched_archive/sched_2023_12_18.txt,2023-12-20T01:31,2023-12-20T02:49,4680.0,78.0,J0640+0744,1.7475109135593225,0.12639092666525603,J2000
./sched_archive/sched_2023_12_18.txt,2023-12-20T02:50,2023-12-20T03:30,2400.0,40.0,J0826+2637_PSR,2.2115817443598504,0.4646590067584504,J2000
./sched_archive/sched_2023_12_18.txt,2023-12-20T03:31,2023-12-20T04:36,3900.0,65.0,J0939+45,2.528618475878951,0.7897614865274342,J2000
./sched_archive/sched_2023_12_18.txt,2023-12-20T04:37,2023-12-20T05:22,2700.0,45.0,J1022+1001_PSR,2.718205665819409,0.17508003705071412,J2000
./sched_archive/sched_2023_12_18.txt,2023-12-20T05:23,2023-12-20T06:06,2580.0,43.0,J1218+47,3.230943057336915,0.8248590432639309,J2000
./sched_archive/sched_2023_12_18.txt,2023-12-20T06:07,2023-12-20T07:00,3180.0,53.0,J1136+1551_PSR,3.0370963006143885,0.2767098326392434,J2000
./sched_archive/sched_2023_12_18.txt,2023-12-20T07:01,2023-12-20T08:30,5340.0,89.0,J1242+3938_PSR,3.3294697265722593,0.6941028560077753,J2000
./sched_archive/sched_2023_12_18.txt,2023-12-20T08:31,2023-12-20T10:00,5340.0,89.0,J1336+3346,3.5629461009946066,0.5976686992463379,J2000
./sched_archive/sched_2023_12_18.txt,2023-12-20T10:01,2023-12-20T11:30,5340.0,89.0,J1832+27_PSR,4.853397545724514,0.48566769083230454,J2000
./sched_archive/sched_2023_12_18.txt,2023-12-20T11:31,2023-12-20T12:59,5280.0,88.0,J1538+2345,4.093238518783352,0.41453508989589766,J2000
./sched_archive/sched_2024-01-19.txt,2024-01-19T08:00,2024-01-19T08:59,3540.0,59.0,J1538+2345,4.093238518783352,0.41453508989589766,J2000
./sched_archive/sched_2024-01-19.txt,2024-01-19T09:00,2024-01-19T09:19,1140.0,19.0,J1645-0317_PSR,4.3852875895096295,-0.05758229049395671,J2000
./sched_archive/sched_2024-01-19.txt,2024-01-19T09:20,2024-01-19T10:59,5940.0,99.0,J1732+54,4.593124814831744,0.9489742994038057,J2000
./sched_archive/sched_2024-01-19.txt,2024-01-19T11:00,2024-01-19T11:59,3540.0,59.0,J1832+27_PSR,4.853397545724514,0.48566769083230454,J2000
./sched_archive/sched_2024-02-20.txt,2024-02-20T10:00,2024-02-20T14:36,16560.0,276.0,Sun357,,,
./sched_archive/sched_2024-02-20.txt,2024-02-20T14:37,2024-02-20T15:22,2700.0,45.0,"J0034-0534_PSR [0.1499403707045897, -0.09733420048376587, 'J2000'",,,
./sched_archive/sched_2024-02-20.txt,2024-02-20T15:23,2024-02-20T16:20,3420.0,57.0,Sun357] STOPSTART,,,
./sched_archive/sched_2024-02-20.txt,2024-02-20T22:50,2024-02-20T23:10,1200.0,20.0,J0826+2637_PSR  STOPSTART,2.2115817443598504,0.4646590067584504,J2000
./sched_archive/sched_2024-02-20.txt,2024-02-21T00:37,2024-02-21T01:22,2700.0,45.0,J1022+1001_PSR  STOPSTART,2.718205665819409,0.17508003705071412,J2000
./sched_archive/sched_2024-02-20.txt,2024-02-21T03:00,2024-02-21T04:00,3600.0,60.0,J1300+1240_PSR  STOPSTART,3.4036180252242274,0.22134243757176436,J2000
./sched_archive/sched_2024-02-20.txt,2024-02-21T07:07,2024-02-21T08:22,4500.0,75.0,J1645-0317_PSR  STOPSTART,4.3852875895096295,-0.05758229049395671,J2000
./sched_archive/sched_2024-02-20.txt,2024-02-21T08:23,2024-02-21T11:51,12480.0,208.0,Sun357,,,
./sched_archive/sched_2024-02-20.txt,2024-02-21T11:52,2024-02-21T12:37,2700.0,45.0,J2145-0750_PSR,5.697805941281582,-0.1368075848974223,J2000
./sched_archive/sched_2024-02-20.txt,2024-02-21T12:38,2024-02-21T14:58,8400.0,140.0,Sun357,,,
./sched_archive/sched_2024-02-20_v2.txt,2024-02-20T08:30,2024-02-20T09:59,5340.0,89.0,J1732+2700,4.591961261997081,0.4686209041604775,J2000
./sched_archive/sched_2024-02-20_v2.txt,2024-02-20T10:00,2024-02-20T10:59,3540.0,59.0,Sun357,,,
./sched_archive/sched_2024-02-20_v2.txt,2024-02-20T11:00,2024-02-20T11:59,3540.0,59.0,FRB20240114A,5.61849411485,0.0755647106435,J2000
./sched_archive/sched_2024-02-20_v2.txt,2024-02-20T12:00,2024-02-20T14:29,8940.0,149.0,Sun357,,,
./sched_archive/sched_2024-02-20_v2.txt,2024-02-20T14:30,2024-02-20T15:19,2940.0,49.0,J0034-0534_PSR,0.1499403707045897,-0.09733420048376587,J2000
./sched_archive/sched_2024-02-20_v2.txt,2024-02-20T15:20,2024-02-20T16:19,3540.0,59.0,Sun357,,,
./sched_archive/sched_2024-02-20_v2.txt,2024-02-20T16:20,2024-02-20T16:59,2340.0,39.0,J0103+54,0.27472465292560155,0.9413712871956963,J2000
./sched_archive/sched_2024-02-20_v2.txt,2024-02-20T17:00,2024-02-20T18:29,5340.0,89.0,J0348+79,0.9961466705757633,1.3841721483885918,J2000
./sched_archive/sched_2024-02-20_v2.txt,2024-02-20T18:30,2024-02-20T20:29,7140.0,119.0,J0746+55,2.0367426739815624,0.964118391393294,J2000
./sched_archive/sched_2024-02-20_v2.txt,2024-02-20T20:30,2024-02-20T22:49,8340.0,139.0,J0939+45,2.528618475878951,0.7897614865274342,J2000
./sched_archive/sched_2024-02-20_v2.txt,2024-02-20T22:50,2024-02-20T23:10,1200.0,20.0,J0826+2637_PSR,2.2115817443598504,0.4646590067584504,J2000
./sched_archive/sched_2024-02-20_v2.txt,2024-02-20T23:11,2024-02-21T00:29,4680.0,78.0,J0939+45,2.528618475878951,0.7897614865274342,J2000
./sched_archive/sched_2024-02-20_v2.txt,2024-02-21T00:30,2024-02-21T01:29,3540.0,59.0,J1022+1001_PSR,2.718205665819409,0.17508003705071412,J2000
./sched_archive/sched_2024-02-20_v2.txt,2024-02-21T01:30,2024-02-21T02:59,5340.0,89.0,J1242+3938_PSR,3.3294697265722593,0.6941028560077753,J2000
./sched_archive/sched_2024-02-20_v2.txt,2024-02-21T03:00,2024-02-21T03:59,3540.0,59.0,J1300+1240_PSR,3.4036180252242274,0.22134243757176436,J2000
./sched_archive/sched_2024-02-20_v2.txt,2024-02-21T04:00,2024-02-21T04:59,3540.0,59.0,J1336+3346,3.5629461009946066,0.5976686992463379,J2000
./sched_archive/sched_2024-02-20_v2.txt,2024-02-21T05:00,2024-02-21T06:59,7140.0,119.0,J1538+2345,4.093238518783352,0.41453508989589766,J2000
./sched_archive/sched_2024-02-20_v2.txt,2024-02-21T07:00,2024-02-21T08:29,5340.0,89.0,J1645-0317_PSR,4.3852875895096295,-0.05758229049395671,J2000
./sched_archive/sched_2024-02-20_v2.txt,2024-02-21T08:30,2024-02-21T10:49,8340.0,139.0,Sun357,,,
./sched_archive/sched_2024-02-20_v2.txt,2024-02-21T10:50,2024-02-21T11:49,3540.0,59.0,FRB20240114A,5.61849411485,0.0755647106435,J2000
./sched_archive/sched_2024-02-20_v2.txt,2024-02-21T11:50,2024-02-21T12:39,2940.0,49.0,J2145-0750_PSR,5.697805941281582,-0.1368075848974223,J2000
./sched_archive/sched_2024-02-20_v2.txt,2024-02-21T12:40,2024-02-21T14:59,8340.0,139.0,Sun357,,,
./sched_archive/sched_2024-02-24.txt,2024-02-20T10:00,2024-02-20T14:36,16560.0,276.0,Sun,,,
./sched_archive/sched_2024-02-24.txt,2024-02-20T14:37,2024-02-20T15:22,2700.0,45.0,"J0034-0534_PSR [0.1499403707045897, -0.09733420048376587, 'J2000'",,,
./sched_archive/sched_2024-02-24.txt,2024-02-20T15:23,2024-02-20T16:20,3420.0,57.0,Sun[357,,,
./sched_archive/sched_2024-02-24.txt,2024-02-20T16:25,2024-02-20T22:48,22980.0,383.0,EVLac,,,
./sched_archive/sched_2024-02-24.txt,2024-02-20T22:50,2024-02-20T23:10,1200.0,20.0,J0826+2637_PSR  STOPSTART,2.2115817443598504,0.4646590067584504,J2000
./sched_archive/sched_2024-02-24.txt,2024-02-21T00:37,2024-02-21T01:22,2700.0,45.0,J1022+1001_PSR  STOPSTART,2.718205665819409,0.17508003705071412,J2000
./sched_archive/sched_2024-02-24.txt,2024-02-21T03:00,2024-02-21T04:00,3600.0,60.0,J1300+1240_PSR  STOPSTART,3.4036180252242274,0.22134243757176436,J2000
./sched_archive/sched_2024-02-24.txt,2024-02-21T07:07,2024-02-21T07:22,900.0,15.0,J1645-0317_PSR  STOPSTART,4.3852875895096295,-0.05758229049395671,J2000
./sched_archive/sched_2024-02-24.txt,2024-02-21T10:00,2024-02-21T11:51,6660.0,111.0,Sun[357,,,
./sched_archive/sched_2024-02-24.txt,2024-02-21T11:52,2024-02-21T12:37,2700.0,45.0,J2145-0750_PSR,5.697805941281582,-0.1368075848974223,J2000
./sched_archive/sched_2024-02-24.txt,2024-02-21T12:38,2024-02-20T14:58,-78000.0,-1300.0,Sun,,,
./sched_archive/sched_2024-04-11.txt,2024-04-11T08:37,2024-04-11T09:22,2700.0,45.0,J2145-0750_PSR,5.697805941281582,-0.1368075848974223,J2000
./sched_archive/sched_2024-04-11.txt,2024-04-11T10:20,2024-04-11T11:21,3660.0,61.0,Sun[357,,,
./sched_archive/sched_2024-04-11.txt,2024-04-11T11:22,2024-04-11T12:07,2700.0,45.0,J0034-0534_PSR,0.1499403707045897,-0.09733420048376587,J2000
./sched_archive/sched_2024-04-11.txt,2024-04-11T12:08,2024-04-11T14:59,10260.0,171.0,Sun[357,,,
./sched_archive/sched_2024-04-11.txt,2024-04-11T15:00,2024-04-11T16:59,7140.0,119.0,FRB20180301A   STOPSTART,1.62712,0.0815253,J2000
./sched_archive/sched_2024-04-11.txt,2024-04-11T19:35,2024-04-11T19:55,1200.0,20.0,J0826+2637_PSR,2.2115817443598504,0.4646590067584504,J2000
./sched_archive/sched_2024-04-11.txt,2024-04-11T19:56,2024-04-11T21:06,4200.0,70.0,FRB20240216,2.67175700027,0.245112190101,J2000
./sched_archive/sched_2024-04-11.txt,2024-04-11T21:07,2024-04-11T21:52,2700.0,45.0,J1022+1001_PSR  STOPSTART,2.718205665819409,0.17508003705071412,J2000
./sched_archive/sched_2024-04-11.txt,2024-04-11T22:37,2024-04-11T22:52,900.0,15.0,J1136+1551_PSR  STOPSTART,3.0370963006143885,0.2767098326392434,J2000
./sched_archive/sched_2024-04-11.txt,2024-04-12T03:52,2024-04-12T04:07,900.0,15.0,J1645-0317_PSR  STOPSTART,4.3852875895096295,-0.05758229049395671,J2000
./sched_archive/sched_2024-04-11.txt,2024-04-12T13:00,2024-02-12T13:59,-5180460.0,-86341.0,Crab_PSR,1.4596732110242794,0.3842252837309499,J2000
./sched_archive/sched_2024-07-16.txt,2024-07-16T06:30,2024-07-16T07:59,5340.0,89.0,FRB20240203,0.155403,0.276421,J2000
./sched_archive/sched_2024-07-16.txt,2024-07-16T08:00,2024-07-16T10:09,7740.0,129.0,Sun357,,,
./sched_archive/sched_2024-07-16.txt,2024-07-16T10:10,2024-07-16T10:29,1140.0,19.0,Crab_PSR,1.4596732110242794,0.3842252837309499,J2000
./sched_archive/sched_2024-07-16.txt,2024-07-16T10:30,2024-07-16T13:59,12540.0,209.0,Sun357,,,
./sched_archive/sched_2024-07-16.txt,2024-07-16T14:00,2024-07-16T14:59,3540.0,59.0,FRB20240216,2.67175700027,0.245112190101,J2000
./sched_archive/sched_2024-07-16.txt,2024-07-16T15:00,2024-07-16T15:59,3540.0,59.0,J1022+1001_PSR,2.718205665819409,0.17508003705071412,J2000
./sched_archive/sched_2024-07-16.txt,2024-07-16T16:00,2024-07-16T17:59,7140.0,119.0,J1218+47,3.230943057336915,0.8248590432639309,J2000
./sched_archive/sched_2024-07-16.txt,2024-07-16T18:00,2024-07-16T18:44,2640.0,44.0,J1329+1349,3.529928412158531,0.23969188394055457,J2000
./sched_archive/sched_2024-07-16.txt,2024-07-16T18:45,2024-07-16T19:59,4440.0,74.0,J1336+3346,3.5629461009946066,0.5976686992463379,J2000
./sched_archive/sched_2024-07-16.txt,2024-07-16T20:00,2024-07-16T20:32,1920.0,32.0,J1544+4937,4.1193036367151015,0.8662426579256308,J2000
./sched_archive/sched_2024-07-16.txt,2024-07-16T20:33,2024-07-16T21:53,4800.0,80.0,TOI-4633,4.482757792680962,1.0904040145877583,J2000
./sched_archive/sched_2024-07-16.txt,2024-07-16T21:54,2024-07-16T23:14,4800.0,80.0,TOI-2180,4.851031478444886,0.9887408702950795,J2000
./sched_archive/sched_2024-07-16.txt,2024-07-16T23:15,2024-07-17T00:35,4800.0,80.0,TOI-2010,5.099275098147319,0.9335307042604639,J2000
./sched_archive/sched_2024-07-16.txt,2024-07-17T00:36,2024-07-17T01:56,4800.0,80.0,TOI-1448,5.52089535543842,1.0082958132511164,J2000
./sched_archive/sched_2024-07-16.txt,2024-07-17T01:57,2024-07-17T03:17,4800.0,80.0,TOI-1386,5.838197957034913,0.9480461887702802,J2000
./sched_archive/sched_2024-07-16.txt,2024-07-17T03:18,2024-07-17T03:59,2460.0,41.0,TOI-1470,0.1760887657998675,1.0683751459568358,J2000
./sched_archive/sched_2024-07-16.txt,2024-07-17T04:00,2024-07-17T04:29,1740.0,29.0,J2138+69,5.667302247382087,1.2186906946154739,J2000
./sched_archive/sched_2024-07-16.txt,2024-07-17T04:30,2024-07-17T04:59,1740.0,29.0,J2355+15,6.262241356155655,0.27052603405912107,J2000
./sched_archive/sched_2024-07-16.txt,2024-07-17T05:00,2024-07-17T05:59,3540.0,59.0,J0030+0451_PSR,0.13289429247160228,0.08484098831206377,J2000
./sched_archive/sched_2024-07-16.txt,2024-07-17T06:00,2024-07-17T07:59,7140.0,119.0,FRB20240203,0.155403,0.276421,J2000
./sched_archive/sched_2024-07-16.txt,2024-07-17T08:00,2024-07-17T09:29,5340.0,89.0,J0407+1607,1.081736089928,0.28136840683491,J2000
./sched_archive/sched_2024-07-16.txt,2024-07-17T09:30,2024-07-17T10:09,2340.0,39.0,Sun357,,,
./sched_archive/sched_2024-07-16.txt,2024-07-17T10:10,2024-07-17T10:29,1140.0,19.0,Crab_PSR,1.4596732110242794,0.3842252837309499,J2000
./sched_archive/sched_2024-07-16.txt,2024-07-17T11:30,2024-07-17T13:59,8940.0,149.0,Sun357,,,
./sched_archive/sched_2024-07-16_v2.txt,2024-07-16T09:48,2024-07-16T10:09,1260.0,21.0,Sun357,,,
./sched_archive/sched_2024-07-16_v2.txt,2024-07-16T10:10,2024-07-16T10:29,1140.0,19.0,Crab_PSR,1.4596732110242794,0.3842252837309499,J2000
./sched_archive/sched_2024-07-16_v2.txt,2024-07-16T10:30,2024-07-16T13:59,12540.0,209.0,Sun357,,,
./sched_archive/sched_2024-07-16_v2.txt,2024-07-16T14:00,2024-07-16T14:59,3540.0,59.0,FRB20240216,2.67175700027,0.245112190101,J2000
./sched_archive/sched_2024-07-16_v2.txt,2024-07-16T15:00,2024-07-16T15:59,3540.0,59.0,J1022+1001_PSR,2.718205665819409,0.17508003705071412,J2000
./sched_archive/sched_2024-07-16_v2.txt,2024-07-16T16:00,2024-07-16T17:59,7140.0,119.0,J1218+47,3.230943057336915,0.8248590432639309,J2000
./sched_archive/sched_2024-07-16_v2.txt,2024-07-16T18:00,2024-07-16T18:44,2640.0,44.0,J1329+1349,3.529928412158531,0.23969188394055457,J2000
./sched_archive/sched_2024-07-16_v2.txt,2024-07-16T18:45,2024-07-16T19:59,4440.0,74.0,J1336+3346,3.5629461009946066,0.5976686992463379,J2000
./sched_archive/sched_2024-07-16_v2.txt,2024-07-16T20:00,2024-07-16T20:32,1920.0,32.0,J1544+4937,4.1193036367151015,0.8662426579256308,J2000
./sched_archive/sched_2024-07-16_v2.txt,2024-07-16T20:33,2024-07-16T21:53,4800.0,80.0,TOI-4633,4.482757792680962,1.0904040145877583,J2000
./sched_archive/sched_2024-07-16_v2.txt,2024-07-16T21:54,2024-07-16T23:14,4800.0,80.0,TOI-2180,4.851031478444886,0.9887408702950795,J2000
./sched_archive/sched_2024-07-16_v2.txt,2024-07-16T23:15,2024-07-17T00:35,4800.0,80.0,TOI-2010,5.099275098147319,0.9335307042604639,J2000
./sched_archive/sched_2024-07-16_v2.txt,2024-07-17T00:36,2024-07-17T01:56,4800.0,80.0,TOI-1448,5.52089535543842,1.0082958132511164,J2000
./sched_archive/sched_2024-07-16_v2.txt,2024-07-17T01:57,2024-07-17T03:17,4800.0,80.0,TOI-1386,5.838197957034913,0.9480461887702802,J2000
./sched_archive/sched_2024-07-16_v2.txt,2024-07-17T03:18,2024-07-17T03:59,2460.0,41.0,TOI-1470,0.1760887657998675,1.0683751459568358,J2000
./sched_archive/sched_2024-07-16_v2.txt,2024-07-17T04:00,2024-07-17T04:29,1740.0,29.0,J2138+69,5.667302247382087,1.2186906946154739,J2000
./sched_archive/sched_2024-07-16_v2.txt,2024-07-17T04:30,2024-07-17T04:59,1740.0,29.0,J2355+15,6.262241356155655,0.27052603405912107,J2000
./sched_archive/sched_2024-07-16_v2.txt,2024-07-17T05:00,2024-07-17T05:59,3540.0,59.0,J0030+0451_PSR,0.13289429247160228,0.08484098831206377,J2000
./sched_archive/sched_2024-07-16_v2.txt,2024-07-17T06:00,2024-07-17T07:59,7140.0,119.0,FRB20240203,0.155403,0.276421,J2000
./sched_archive/sched_2024-07-16_v2.txt,2024-07-17T08:00,2024-07-17T09:29,5340.0,89.0,J0407+1607,1.081736089928,0.28136840683491,J2000
./sched_archive/sched_2024-07-16_v2.txt,2024-07-17T09:30,2024-07-17T10:09,2340.0,39.0,Sun357,,,
./sched_archive/sched_2024-07-16_v2.txt,2024-07-17T10:10,2024-07-17T10:29,1140.0,19.0,Crab_PSR,1.4596732110242794,0.3842252837309499,J2000
./sched_archive/sched_2024-07-16_v2.txt,2024-07-17T11:30,2024-07-17T13:59,8940.0,149.0,Sun357,,,
./sched_archive/sched_2024-07-18.txt,2025-07-18T13:50,2025-07-18T14:10,1200.0,20.0,Sun357,,,
./sched_archive/sched_2024-07-18.txt,2025-07-18T14:11,2025-07-18T15:10,3540.0,59.0,Sun357,,,
./sched_archive/sched_2024-07-18.txt,2025-07-18T15:11,2025-07-18T16:10,3540.0,59.0,Sun357,,,
./sched_archive/sched_2024-07-18.txt,2025-07-18T16:11,2025-07-18T17:10,3540.0,59.0,Sun357,,,
./sched_archive/sched_2024-07-18.txt,2025-07-18T17:11,2025-07-18T18:21,4200.0,70.0,Sun357,,,
./sched_archive/sched_2024-07-23.txt,2024-07-23T06:30,2024-07-23T07:29,3540.0,59.0,J0209+58,0.565571080488881,1.012224498588882,J2000
./sched_archive/sched_2024-07-23.txt,2024-07-23T07:30,2024-07-23T08:59,5340.0,89.0,J0407+1607,1.081736089928,0.28136840683491,J2000
./sched_archive/sched_2024-07-23.txt,2024-07-23T09:00,2024-07-23T10:59,7140.0,119.0,Crab_PSR,1.4596732110242794,0.3842252837309499,J2000
./sched_archive/sched_2024-07-23.txt,2024-07-23T11:00,2024-07-23T13:59,10740.0,179.0,Sun357,,,
./sched_archive/sched_2024-07-23.txt,2024-07-23T14:00,2024-07-23T14:39,2340.0,39.0,FRB20240216,2.67175700027,0.245112190101,J2000
./sched_archive/sched_2024-07-23.txt,2024-07-23T14:40,2024-07-23T15:39,3540.0,59.0,J1022+1001_PSR,2.718205665819409,0.17508003705071412,J2000
./sched_archive/sched_2024-07-23.txt,2024-07-23T15:40,2024-07-23T16:59,4740.0,79.0,J1218+47,3.230943057336915,0.8248590432639309,J2000
./sched_archive/sched_2024-07-23.txt,2024-07-23T17:00,2024-07-23T18:29,5340.0,89.0,J1329+1349,3.529928412158531,0.23969188394055457,J2000
./sched_archive/sched_2024-07-23.txt,2024-07-23T18:30,2024-07-23T19:59,5340.0,89.0,J1400+2127,3.6662247571894993,0.37398741750247533,J2000
./sched_archive/sched_2024-07-23.txt,2024-07-23T20:00,2024-07-23T20:32,1920.0,32.0,J1706+59,4.481132854495441,1.0326531407633117,J2000
./sched_archive/sched_2024-07-23.txt,2024-07-23T20:33,2024-07-23T21:53,4800.0,80.0,TOI-4600,4.510809864119016,1.1268922990262769,J2000
./sched_archive/sched_2024-07-23.txt,2024-07-23T21:54,2024-07-23T23:14,4800.0,80.0,TOI-1450 A,5.006547866837255,1.0312561571225116,J2000
./sched_archive/sched_2024-07-23.txt,2024-07-23T23:15,2024-07-24T00:35,4800.0,80.0,TIC 365102760,5.337911905538657,0.9493599679114265,J2000
./sched_archive/sched_2024-07-23.txt,2024-07-24T00:36,2024-07-24T01:56,4800.0,80.0,TOI-2285,5.804323934960444,1.0246146208133124,J2000
./sched_archive/sched_2024-07-23.txt,2024-07-24T01:57,2024-07-24T03:17,4800.0,80.0,TOI-1759,5.704637658788988,1.0952607143720148,J2000
./sched_archive/sched_2024-07-23.txt,2024-07-24T03:18,2024-07-24T03:59,2460.0,41.0,Dyson-Sphere-D,6.14293,0.08914,J2000
./sched_archive/sched_2024-07-23.txt,2024-07-24T04:00,2024-07-24T04:29,1740.0,29.0,J2355+15,6.262241356155655,0.27052603405912107,J2000
./sched_archive/sched_2024-07-23.txt,2024-07-24T04:30,2024-07-24T05:29,3540.0,59.0,J0030+0451,0.13289429247160228,0.08484098831206377,J2000
./sched_archive/sched_2024-07-23.txt,2024-07-24T05:30,2024-07-24T06:59,5340.0,89.0,J0104+64_PSR,0.2819539944266119,1.1282095983995617,J2000
./sched_archive/sched_2024-07-23.txt,2024-07-24T07:00,2024-07-24T07:59,3540.0,59.0,FRB20240203,0.155403,0.276421,J2000
./sched_archive/sched_2024-07-23.txt,2024-07-24T08:00,2024-07-24T10:39,9540.0,159.0,Crab_PSR,1.4596732110242794,0.3842252837309499,J2000
./sched_archive/sched_2024-07-23.txt,2024-07-24T10:40,2024-07-24T11:19,2340.0,39.0,FRB20180301A,1.62712,0.0815253,J2000
./sched_archive/sched_2024-07-23.txt,2024-07-24T11:20,2024-07-24T13:59,9540.0,159.0,Sun357,,,
./sched_archive/sched_2024-08-06.txt,2024-08-06T06:30,2024-08-06T07:29,3540.0,59.0,J0348+79,0.9961466705757633,1.3841721483885918,J2000
./sched_archive/sched_2024-08-06.txt,2024-08-06T07:30,2024-08-06T08:29,3540.0,59.0,J0407+1607,1.081736089928,0.28136840683491,J2000
./sched_archive/sched_2024-08-06.txt,2024-08-06T08:30,2024-08-06T08:59,1740.0,29.0,Crab_PSR,1.4596732110242794,0.3842252837309499,J2000
./sched_archive/sched_2024-08-06.txt,2024-08-06T09:00,2024-08-06T12:29,12540.0,209.0,Sun357,,,
./sched_archive/sched_2024-08-06.txt,2024-08-06T12:30,2024-08-06T13:14,2640.0,44.0,J0939+45,2.528618475878951,0.7897614865274342,J2000
./sched_archive/sched_2024-08-06.txt,2024-08-06T13:15,2024-08-06T13:59,2640.0,44.0,J1005+3015,2.6466867899922453,0.5281851241238283,J2000
./sched_archive/sched_2024-08-06.txt,2024-08-06T14:00,2024-08-06T14:44,2640.0,44.0,J1022+1001_PSR,2.718205665819409,0.17508003705071412,J2000
./sched_archive/sched_2024-08-06.txt,2024-08-06T14:45,2024-08-06T16:59,8040.0,134.0,Sun357,,,
./sched_archive/sched_2024-08-06.txt,2024-08-06T17:00,2024-08-06T17:44,2640.0,44.0,J1336+3346,3.5629461009946066,0.5976686992463379,J2000
./sched_archive/sched_2024-08-06.txt,2024-08-06T17:45,2024-08-06T18:29,2640.0,44.0,J1400+2127,3.6662247571894993,0.37398741750247533,J2000
./sched_archive/sched_2024-08-06.txt,2024-08-06T18:30,2024-08-06T19:29,3540.0,59.0,J1538+2345,4.093238518783352,0.41453508989589766,J2000
./sched_archive/sched_2024-08-06.txt,2024-08-06T19:30,2024-08-06T20:29,3540.0,59.0,J1706+59,4.481132854495441,1.0326531407633117,J2000
./sched_archive/sched_2024-08-06.txt,2024-08-06T20:30,2024-08-06T21:29,3540.0,59.0,J1744-1134,4.6447145664294,0.2021416585724,J2000
./sched_archive/sched_2024-08-06.txt,2024-08-06T21:30,2024-08-06T22:29,3540.0,59.0,J1849+15,4.925910379412111,0.2666674019711703,J2000
./sched_archive/sched_2024-08-06.txt,2024-08-06T22:30,2024-08-06T23:29,3540.0,59.0,J1931+4229,5.110286484688845,0.741570367301345,J2000
./sched_archive/sched_2024-08-06.txt,2024-08-06T23:30,2024-08-07T00:59,5340.0,89.0,J2138+69,5.667302247382087,1.2186906946154739,J2000
./sched_archive/sched_2024-08-06.txt,2024-08-07T01:00,2024-08-07T01:59,3540.0,59.0,J2145-0750_PSR,5.697805941281582,-0.1368075848974223,J2000
./sched_archive/sched_2024-08-06.txt,2024-08-07T02:00,2024-08-07T02:59,3540.0,59.0,J0054+66,0.23965048401074893,1.1665753533918115,J2000
./sched_archive/sched_2024-08-06.txt,2024-08-07T03:00,2024-08-07T03:59,3540.0,59.0,J0030+0451,0.13289429247160228,0.08484098831206377,J2000
./sched_archive/sched_2024-08-06.txt,2024-08-07T04:00,2024-08-07T04:59,3540.0,59.0,J0103+54,0.27472465292560155,0.9413712871956963,J2000
./sched_archive/sched_2024-08-06.txt,2024-08-07T05:00,2024-08-07T05:59,3540.0,59.0,J0139+3310,0.43613087285590374,0.5867200623795394,J2000
./sched_archive/sched_2024-08-06.txt,2024-08-07T06:00,2024-08-07T06:59,3540.0,59.0,J0209+58,0.565571080488881,1.012224498588882,J2000
./sched_archive/sched_2024-08-06.txt,2024-08-07T07:00,2024-08-07T08:29,5340.0,89.0,J0549+34,1.5253450441908774,0.5936107192873269,J2000
./sched_archive/sched_2024-08-06.txt,2024-08-07T08:30,2024-08-07T08:59,1740.0,29.0,Crab_PSR,1.4596732110242794,0.3842252837309499,J2000
./sched_archive/sched_2024-08-06.txt,2024-08-07T09:00,2024-08-07T09:59,3540.0,59.0,Sun357,,,
./sched_archive/sched_2024-08-06.txt,2024-08-07T10:00,2024-08-07T10:59,3540.0,59.0,J0746+55,2.0367426739815624,0.964118391393294,J2000
./sched_archive/sched_2024-08-06.txt,2024-08-07T11:00,2024-08-07T13:59,10740.0,179.0,Sun357,,,
./sched_archive/sched_2024-08-12.txt,2024-08-12T07:00,2024-08-12T07:59,3540.0,59.0,J0407+1607,1.081736089928,0.28136840683491,J2000
./sched_archive/sched_2024-08-12.txt,2024-08-12T08:00,2024-08-12T08:44,2640.0,44.0,Crab_PSR,1.4596732110242794,0.3842252837309499,J2000
./sched_archive/sched_2024-08-12.txt,2024-08-12T08:45,2024-08-12T16:29,27840.0,464.0,Sun357,,,
./sched_archive/sched_2024-08-12.txt,2024-08-12T16:30,2024-08-12T17:29,3540.0,59.0,J1336+3346,3.5629461009946066,0.5976686992463379,J2000
./sched_archive/sched_2024-08-12.txt,2024-08-12T17:30,2024-08-12T18:14,2640.0,44.0,J1400+2127,3.6662247571894993,0.37398741750247533,J2000
./sched_archive/sched_2024-08-12.txt,2024-08-12T18:15,2024-08-12T19:14,3540.0,59.0,J1538+2345,4.093238518783352,0.41453508989589766,J2000
./sched_archive/sched_2024-08-12.txt,2024-08-12T19:15,2024-08-12T19:59,2640.0,44.0,J1706+59,4.481132854495441,1.0326531407633117,J2000
./sched_archive/sched_2024-08-12.txt,2024-08-12T20:00,2024-08-12T20:59,3540.0,59.0,J1744-1134,4.6447145664294,0.2021416585724,J2000
./sched_archive/sched_2024-08-12.txt,2024-08-12T21:00,2024-08-12T21:59,3540.0,59.0,J1849+15,4.925910379412111,0.2666674019711703,J2000
./sched_archive/sched_2024-08-12.txt,2024-08-12T22:00,2024-08-12T22:59,3540.0,59.0,J1931+4229,5.110286484688845,0.741570367301345,J2000
./sched_archive/sched_2024-08-13.txt,2024-08-12T23:15,2024-08-13T00:29,4440.0,74.0,J2138+69,5.667302247382087,1.2186906946154739,J2000
./sched_archive/sched_2024-08-13.txt,2024-08-13T00:30,2024-08-13T01:14,2640.0,44.0,J2145-0750_PSR,5.697805941281582,-0.1368075848974223,J2000
./sched_archive/sched_2024-08-13.txt,2024-08-13T01:15,2024-08-13T02:29,4440.0,74.0,J0054+66,0.23965048401074893,1.1665753533918115,J2000
./sched_archive/sched_2024-08-13.txt,2024-08-13T02:30,2024-08-13T03:29,3540.0,59.0,J0030+0451,0.13289429247160228,0.08484098831206377,J2000
./sched_archive/sched_2024-08-13.txt,2024-08-13T03:30,2024-08-13T04:29,3540.0,59.0,J0103+54,0.27472465292560155,0.9413712871956963,J2000
./sched_archive/sched_2024-08-13.txt,2024-08-13T04:30,2024-08-13T05:29,3540.0,59.0,J0139+3310,0.43613087285590374,0.5867200623795394,J2000
./sched_archive/sched_2024-08-13.txt,2024-08-13T05:30,2024-08-13T06:29,3540.0,59.0,J0209+58,0.565571080488881,1.012224498588882,J2000
./sched_archive/sched_2024-08-13.txt,2024-08-13T08:00,2024-08-13T08:29,1740.0,29.0,Crab_PSR,1.4596732110242794,0.3842252837309499,J2000
./sched_archive/sched_2024-08-13.txt,2024-08-13T08:30,2024-08-13T09:29,3540.0,59.0,J0549+34,1.5253450441908774,0.5936107192873269,J2000
./sched_archive/sched_2024-08-13.txt,2024-08-13T09:30,2024-08-13T10:29,3540.0,59.0,J0746+55,2.0367426739815624,0.964118391393294,J2000
./sched_archive/sched_2024-08-13.txt,2024-08-13T10:30,2024-08-13T15:59,19740.0,329.0,Sun357,,,
./sched_archive/sched_2024-08-13.txt,2024-08-13T16:00,2024-08-13T17:14,4440.0,74.0,J1336+3346,3.5629461009946066,0.5976686992463379,J2000
./sched_archive/sched_2024-08-13.txt,2024-08-13T17:15,2024-08-13T17:59,2640.0,44.0,J1400+2127,3.6662247571894993,0.37398741750247533,J2000
./sched_archive/sched_2024-08-13.txt,2024-08-13T18:00,2024-08-13T18:59,3540.0,59.0,J1538+2345,4.093238518783352,0.41453508989589766,J2000
./sched_archive/sched_2024-08-13.txt,2024-08-13T19:00,2024-08-13T19:59,3540.0,59.0,J1706+59,4.481132854495441,1.0326531407633117,J2000
./sched_archive/sched_2024-08-13.txt,2024-08-13T20:00,2024-08-13T20:59,3540.0,59.0,J1744-1134,4.6447145664294,0.2021416585724,J2000
./sched_archive/sched_2024-08-13.txt,2024-08-13T21:00,2024-08-13T21:59,3540.0,59.0,J1849+15,4.925910379412111,0.2666674019711703,J2000
./sched_archive/sched_2024-08-13.txt,2024-08-13T22:00,2024-08-13T22:59,3540.0,59.0,J1931+4229,5.110286484688845,0.741570367301345,J2000
./sched_archive/sched_2024-08-14.txt,2024-08-13T23:15,2024-08-14T00:29,4440.0,74.0,J2138+69,5.667302247382087,1.2186906946154739,J2000
./sched_archive/sched_2024-08-14.txt,2024-08-14T00:30,2024-08-14T01:14,2640.0,44.0,J2145-0750_PSR,5.697805941281582,-0.1368075848974223,J2000
./sched_archive/sched_2024-08-14.txt,2024-08-14T01:15,2024-08-14T02:29,4440.0,74.0,J0054+66,0.23965048401074893,1.1665753533918115,J2000
./sched_archive/sched_2024-08-14.txt,2024-08-14T02:30,2024-08-14T03:29,3540.0,59.0,J0030+0451,0.13289429247160228,0.08484098831206377,J2000
./sched_archive/sched_2024-08-14.txt,2024-08-14T03:30,2024-08-14T04:29,3540.0,59.0,J0103+54,0.27472465292560155,0.9413712871956963,J2000
./sched_archive/sched_2024-08-14.txt,2024-08-14T04:30,2024-08-14T05:29,3540.0,59.0,J0139+3310,0.43613087285590374,0.5867200623795394,J2000
./sched_archive/sched_2024-08-14.txt,2024-08-14T05:30,2024-08-14T06:29,3540.0,59.0,J0209+58,0.565571080488881,1.012224498588882,J2000
./sched_archive/sched_2024-08-14.txt,2024-08-14T08:00,2024-08-14T08:29,1740.0,29.0,Crab_PSR,1.4596732110242794,0.3842252837309499,J2000
./sched_archive/sched_2024-08-14.txt,2024-08-14T08:30,2024-08-14T09:29,3540.0,59.0,J0549+34,1.5253450441908774,0.5936107192873269,J2000
./sched_archive/sched_2024-08-14.txt,2024-08-14T09:30,2024-08-14T10:29,3540.0,59.0,J0746+55,2.0367426739815624,0.964118391393294,J2000
./sched_archive/sched_2024-08-14.txt,2024-08-14T10:30,2024-08-14T13:59,12540.0,209.0,Sun357,,,
./sched_archive/sched_2024-08-20.txt,2024-08-20T07:30,2024-08-20T07:59,1740.0,29.0,Crab_PSR,1.4596732110242794,0.3842252837309499,J2000
./sched_archive/sched_2024-08-20.txt,2024-08-20T08:00,2024-08-20T08:59,3540.0,59.0,J0549+34,1.5253450441908774,0.5936107192873269,J2000
./sched_archive/sched_2024-08-20.txt,2024-08-20T09:00,2024-08-20T09:59,3540.0,59.0,J0746+55,2.0367426739815624,0.964118391393294,J2000
./sched_archive/sched_2024-08-20.txt,2024-08-20T10:00,2024-08-20T13:59,14340.0,239.0,Sun357,,,
./sched_archive/sched_2024-08-20.txt,2024-08-20T14:00,2024-08-20T14:44,2640.0,44.0,J1022+1001_PSR,2.718205665819409,0.17508003705071412,J2000
./sched_archive/sched_2024-08-20.txt,2024-08-20T14:45,2024-08-20T15:29,2640.0,44.0,Sun357,,,
./sched_archive/sched_2024-08-20.txt,2024-08-20T15:30,2024-08-20T16:44,4440.0,74.0,J1336+3346,3.5629461009946066,0.5976686992463379,J2000
./sched_archive/sched_2024-08-20.txt,2024-08-20T16:45,2024-08-20T17:29,2640.0,44.0,J1400+2127,3.6662247571894993,0.37398741750247533,J2000
./sched_archive/sched_2024-08-20.txt,2024-08-20T17:30,2024-08-20T18:29,3540.0,59.0,J1538+2345,4.093238518783352,0.41453508989589766,J2000
./sched_archive/sched_2024-08-20.txt,2024-08-20T18:30,2024-08-20T19:29,3540.0,59.0,J1706+59,4.481132854495441,1.0326531407633117,J2000
./sched_archive/sched_2024-08-20.txt,2024-08-20T19:30,2024-08-20T20:14,2640.0,44.0,J1744-1134,4.6447145664294,0.2021416585724,J2000
./sched_archive/sched_2024-08-20.txt,2024-08-20T20:15,2024-08-20T21:14,3540.0,59.0,J1849+15,4.925910379412111,0.2666674019711703,J2000
./sched_archive/sched_2024-08-20.txt,2024-08-20T21:15,2024-08-20T22:14,3540.0,59.0,J1931+4229,5.110286484688845,0.741570367301345,J2000
./sched_archive/sched_2024-08-20.txt,2024-08-20T22:15,2024-08-20T22:59,2640.0,44.0,J2138+69,5.667302247382087,1.2186906946154739,J2000
./sched_archive/sched_2024-08-20.txt,2024-08-20T23:00,2024-08-20T23:59,3540.0,59.0,J2111+34,5.547674471568309,0.6060316457973532,J2000
./sched_archive/sched_2024-08-20.txt,2024-08-21T00:00,2024-08-21T00:44,2640.0,44.0,J2145-0750_PSR,5.697805941281582,-0.1368075848974223,J2000
./sched_archive/sched_2024-08-20.txt,2024-08-21T00:45,2024-08-21T01:44,3540.0,59.0,J0054+66,0.23965048401074893,1.1665753533918115,J2000
./sched_archive/sched_2024-08-20.txt,2024-08-21T01:45,2024-08-21T02:44,3540.0,59.0,J0030+0451,0.13289429247160228,0.08484098831206377,J2000
./sched_archive/sched_2024-08-20.txt,2024-08-21T02:45,2024-08-21T03:44,3540.0,59.0,J0103+54,0.27472465292560155,0.9413712871956963,J2000
./sched_archive/sched_2024-08-20.txt,2024-08-21T03:45,2024-08-21T04:44,3540.0,59.0,J0139+3310,0.43613087285590374,0.5867200623795394,J2000
./sched_archive/sched_2024-08-20.txt,2024-08-21T04:45,2024-08-21T05:44,3540.0,59.0,J0209+58,0.565571080488881,1.012224498588882,J2000
./sched_archive/sched_2024-08-20.txt,2024-08-21T06:45,2024-08-21T07:44,3540.0,59.0,J0407+1607,1.081736089928,0.28136840683491,J2000
./sched_archive/sched_2024-08-20.txt,2024-08-21T07:45,2024-08-21T08:59,4440.0,74.0,B0656+14_PSR,1.831737303548451,0.2485125840158764,J2000
./sched_archive/sched_2024-08-20.txt,2024-08-21T09:00,2024-08-21T13:59,17940.0,299.0,Sun357,,,
./sched_archive/sched_2024-08-27.txt,2024-08-27T07:00,2024-08-27T07:29,1740.0,29.0,Crab_PSR,1.4596732110242794,0.3842252837309499,J2000
./sched_archive/sched_2024-08-27.txt,2024-08-27T07:30,2024-08-27T08:29,3540.0,59.0,J0549+34,1.5253450441908774,0.5936107192873269,J2000
./sched_archive/sched_2024-08-27.txt,2024-08-27T08:30,2024-08-27T09:29,3540.0,59.0,J0746+55,2.0367426739815624,0.964118391393294,J2000
./sched_archive/sched_2024-08-27.txt,2024-08-27T09:30,2024-08-27T13:29,14340.0,239.0,Sun357,,,
./sched_archive/sched_2024-08-27.txt,2024-08-27T13:30,2024-08-27T14:14,2640.0,44.0,J1022+1001_PSR,2.718205665819409,0.17508003705071412,J2000
./sched_archive/sched_2024-08-27.txt,2024-08-27T14:15,2024-08-27T14:59,2640.0,44.0,Sun357,,,
./sched_archive/sched_2024-08-27.txt,2024-08-27T15:00,2024-08-27T16:14,4440.0,74.0,J1336+3346,3.5629461009946066,0.5976686992463379,J2000
./sched_archive/sched_2024-08-27.txt,2024-08-27T16:15,2024-08-27T16:59,2640.0,44.0,J1400+2127,3.6662247571894993,0.37398741750247533,J2000
./sched_archive/sched_2024-08-27.txt,2024-08-27T17:00,2024-08-27T17:59,3540.0,59.0,J1538+2345,4.093238518783352,0.41453508989589766,J2000
./sched_archive/sched_2024-08-27.txt,2024-08-27T18:00,2024-08-27T18:29,1740.0,29.0,J1544+4937,4.1193036367151015,0.8662426579256308,J2000
./sched_archive/sched_2024-08-27.txt,2024-08-27T18:30,2024-08-27T18:59,1740.0,29.0,J1706+59,4.481132854495441,1.0326531407633117,J2000
./sched_archive/sched_2024-08-27.txt,2024-08-27T19:00,2024-08-27T19:44,2640.0,44.0,J1744-1134,4.6447145664294,0.2021416585724,J2000
./sched_archive/sched_2024-08-27.txt,2024-08-27T19:45,2024-08-27T20:44,3540.0,59.0,J1849+15,4.925910379412111,0.2666674019711703,J2000
./sched_archive/sched_2024-08-27.txt,2024-08-27T20:45,2024-08-27T21:44,3540.0,59.0,J1931+4229,5.110286484688845,0.741570367301345,J2000
./sched_archive/sched_2024-08-27.txt,2024-08-27T21:45,2024-08-27T22:29,2640.0,44.0,J2138+69,5.667302247382087,1.2186906946154739,J2000
./sched_archive/sched_2024-08-27.txt,2024-08-27T22:30,2024-08-27T23:29,3540.0,59.0,J2111+34,5.547674471568309,0.6060316457973532,J2000
./sched_archive/sched_2024-08-27.txt,2024-08-27T23:30,2024-08-28T00:14,2640.0,44.0,J2145-0750_PSR,5.697805941281582,-0.1368075848974223,J2000
./sched_archive/sched_2024-08-27.txt,2024-08-28T00:15,2024-08-28T01:14,3540.0,59.0,J0054+66,0.23965048401074893,1.1665753533918115,J2000
./sched_archive/sched_2024-08-27.txt,2024-08-28T01:15,2024-08-28T02:14,3540.0,59.0,J0030+0451,0.13289429247160228,0.08484098831206377,J2000
./sched_archive/sched_2024-08-27.txt,2024-08-28T02:15,2024-08-28T03:14,3540.0,59.0,J0103+54,0.27472465292560155,0.9413712871956963,J2000
./sched_archive/sched_2024-08-27.txt,2024-08-28T03:15,2024-08-28T04:14,3540.0,59.0,J0139+3310,0.43613087285590374,0.5867200623795394,J2000
./sched_archive/sched_2024-08-27.txt,2024-08-28T04:15,2024-08-28T05:14,3540.0,59.0,J0209+58,0.565571080488881,1.012224498588882,J2000
./sched_archive/sched_2024-08-27.txt,2024-08-28T06:15,2024-08-28T07:14,3540.0,59.0,J0407+1607,1.081736089928,0.28136840683491,J2000
./sched_archive/sched_2024-08-27.txt,2024-08-28T07:15,2024-08-28T08:29,4440.0,74.0,B0656+14_PSR,1.831737303548451,0.2485125840158764,J2000
./sched_archive/sched_2024-08-27.txt,2024-08-28T08:30,2024-08-28T13:59,19740.0,329.0,Sun357,,,
./sched_archive/sched_2024-09-02.txt,2024-09-02T07:00,2024-09-02T07:59,3540.0,59.0,J0549+34,1.5253450441908774,0.5936107192873269,J2000
./sched_archive/sched_2024-09-02.txt,2024-09-02T08:00,2024-09-02T09:29,5340.0,89.0,J0746+55,2.0367426739815624,0.964118391393294,J2000
./sched_archive/sched_2024-09-02.txt,2024-09-02T09:30,2024-09-02T12:59,12540.0,209.0,Sun357,,,
./sched_archive/sched_2024-09-02.txt,2024-09-02T13:00,2024-09-02T13:44,2640.0,44.0,J1022+1001_PSR,2.718205665819409,0.17508003705071412,J2000
./sched_archive/sched_2024-09-02.txt,2024-09-02T13:45,2024-09-02T14:29,2640.0,44.0,Sun357,,,
./sched_archive/sched_2024-09-02.txt,2024-09-02T14:30,2024-09-02T15:44,4440.0,74.0,J1336+3346,3.5629461009946066,0.5976686992463379,J2000
./sched_archive/sched_2024-09-02.txt,2024-09-02T15:45,2024-09-02T16:29,2640.0,44.0,J1400+2127,3.6662247571894993,0.37398741750247533,J2000
./sched_archive/sched_2024-09-02.txt,2024-09-02T16:30,2024-09-02T17:29,3540.0,59.0,J1538+2345,4.093238518783352,0.41453508989589766,J2000
./sched_archive/sched_2024-09-02.txt,2024-09-02T17:30,2024-09-02T17:59,1740.0,29.0,J1544+4937,4.1193036367151015,0.8662426579256308,J2000
./sched_archive/sched_2024-09-02.txt,2024-09-02T18:00,2024-09-02T18:29,1740.0,29.0,J1706+59,4.481132854495441,1.0326531407633117,J2000
./sched_archive/sched_2024-09-02.txt,2024-09-02T18:30,2024-09-02T19:14,2640.0,44.0,J1744-1134,4.6447145664294,0.2021416585724,J2000
./sched_archive/sched_2024-09-02.txt,2024-09-02T19:15,2024-09-02T20:14,3540.0,59.0,J1849+15,4.925910379412111,0.2666674019711703,J2000
./sched_archive/sched_2024-09-02.txt,2024-09-02T20:15,2024-09-02T21:14,3540.0,59.0,J1931+4229,5.110286484688845,0.741570367301345,J2000
./sched_archive/sched_2024-09-02.txt,2024-09-02T21:15,2024-09-02T21:59,2640.0,44.0,J2138+69,5.667302247382087,1.2186906946154739,J2000
./sched_archive/sched_2024-09-02.txt,2024-09-02T22:00,2024-09-02T22:59,3540.0,59.0,J2111+34,5.547674471568309,0.6060316457973532,J2000
./sched_archive/sched_2024-09-02.txt,2024-09-02T23:00,2024-09-02T23:44,2640.0,44.0,J2145-0750_PSR,5.697805941281582,-0.1368075848974223,J2000
./sched_archive/sched_2024-09-02.txt,2024-09-02T23:45,2024-09-03T00:59,4440.0,74.0,J0054+66,0.23965048401074893,1.1665753533918115,J2000
./sched_archive/sched_2024-09-03.txt,2024-09-03T09:30,2024-09-03T15:29,21540.0,359.0,Sun357,,,
./sched_archive/sched_2024-09-03.txt,2024-09-03T15:30,2024-09-03T16:29,3540.0,59.0,J1412+31,3.720023856521581,0.5527700147906596,J2000
./sched_archive/sched_2024-09-03.txt,2024-09-03T16:30,2024-09-03T17:29,3540.0,59.0,J1541+47,4.10588706531666,0.821177413063332,J2000
./sched_archive/sched_2024-09-03.txt,2024-09-03T17:30,2024-09-03T18:29,3540.0,59.0,J1548+09,4.13788476826989,0.1710858999267441,J2000
./sched_archive/sched_2024-09-03.txt,2024-09-03T18:30,2024-09-03T19:29,3540.0,59.0,J1732+54,4.593124814831744,0.9489742994038056,J2000
./sched_archive/sched_2024-09-03.txt,2024-09-03T19:30,2024-09-03T20:29,3540.0,59.0,J1758+44,4.70708027057654,0.7843121807517629,J2000
./sched_archive/sched_2024-09-03.txt,2024-09-03T20:30,2024-09-03T21:29,3540.0,59.0,J1838+5051,4.878267981376317,0.8883725892651138,J2000
./sched_archive/sched_2024-09-03.txt,2024-09-03T21:30,2024-09-03T22:29,3540.0,59.0,J2005+38,5.2586770362589155,0.67612600781217,J2000
./sched_archive/sched_2024-09-03.txt,2024-09-03T22:30,2024-09-03T23:29,3540.0,59.0,J2125+52,5.60919732770111,0.9132095941483552,J2000
./sched_archive/sched_2024-09-03.txt,2024-09-03T23:30,2024-09-04T00:29,3540.0,59.0,J2221+81,5.85121631731099,1.42302511679271,J2000
./sched_archive/sched_2024-09-03.txt,2024-09-04T00:30,2024-09-04T01:29,3540.0,59.0,J2316+75,6.086835766330224,1.321796020177039,J2000
./sched_archive/sched_2024-09-03.txt,2024-09-04T01:30,2024-09-04T02:29,3540.0,59.0,J0116+57,0.3348123281742456,1.0080827834046804,J2000
./sched_archive/sched_2024-09-03.txt,2024-09-04T02:30,2024-09-04T03:29,3540.0,59.0,J0121+5329,0.3548108925200139,0.933576616891767,J2000
./sched_archive/sched_2024-09-03.txt,2024-09-04T03:30,2024-09-04T04:29,3540.0,59.0,J0209+58,0.5637413483941683,1.0157864727975108,J2000
./sched_archive/sched_2024-09-03.txt,2024-09-04T04:30,2024-09-04T04:59,1740.0,29.0,J0250+52,0.7421285423584222,0.9200939484201107,J2000
./sched_archive/sched_2024-09-03_2.txt,2024-09-03T20:40,2024-09-03T21:29,2940.0,49.0,J1838+5051,4.878267981376317,0.8883725892651138,J2000
./sched_archive/sched_2024-09-03_2.txt,2024-09-03T21:30,2024-09-03T22:29,3540.0,59.0,J2005+38,5.2586770362589155,0.67612600781217,J2000
./sched_archive/sched_2024-09-03_2.txt,2024-09-03T22:30,2024-09-03T23:29,3540.0,59.0,J2125+52,5.60919732770111,0.9132095941483552,J2000
./sched_archive/sched_2024-09-03_2.txt,2024-09-03T23:30,2024-09-04T00:29,3540.0,59.0,J2221+81,5.85121631731099,1.42302511679271,J2000
./sched_archive/sched_2024-09-03_2.txt,2024-09-04T00:30,2024-09-04T01:29,3540.0,59.0,J2316+75,6.086835766330224,1.321796020177039,J2000
./sched_archive/sched_2024-09-03_2.txt,2024-09-04T01:30,2024-09-04T02:29,3540.0,59.0,J0116+57,0.3348123281742456,1.0080827834046804,J2000
./sched_archive/sched_2024-09-03_2.txt,2024-09-04T02:30,2024-09-04T03:29,3540.0,59.0,J0121+5329,0.3548108925200139,0.933576616891767,J2000
./sched_archive/sched_2024-09-03_2.txt,2024-09-04T03:30,2024-09-04T04:29,3540.0,59.0,J0209+58,0.5637413483941683,1.0157864727975108,J2000
./sched_archive/sched_2024-09-03_2.txt,2024-09-04T04:30,2024-09-04T04:59,1740.0,29.0,J0250+52,0.7421285423584222,0.9200939484201107,J2000
./sched_archive/sched_2024-09-04.txt,2024-09-04T09:30,2024-09-04T15:29,21540.0,359.0,Sun357,,,
./sched_archive/sched_2024-09-04.txt,2024-09-04T15:30,2024-09-04T16:29,3540.0,59.0,J1412+31,3.720023856521581,0.5527700147906596,J2000
./sched_archive/sched_2024-09-04.txt,2024-09-04T16:30,2024-09-04T17:29,3540.0,59.0,J1541+47,4.10588706531666,0.821177413063332,J2000
./sched_archive/sched_2024-09-04.txt,2024-09-04T17:30,2024-09-04T18:29,3540.0,59.0,J1548+09,4.13788476826989,0.1710858999267441,J2000
./sched_archive/sched_2024-09-04.txt,2024-09-04T18:30,2024-09-04T19:29,3540.0,59.0,J1732+54,4.593124814831744,0.9489742994038056,J2000
./sched_archive/sched_2024-09-04.txt,2024-09-04T19:30,2024-09-04T20:29,3540.0,59.0,J1758+44,4.70708027057654,0.7843121807517629,J2000
./sched_archive/sched_2024-09-04.txt,2024-09-04T20:30,2024-09-04T21:29,3540.0,59.0,J1838+5051,4.878267981376317,0.8883725892651138,J2000
./sched_archive/sched_2024-09-04.txt,2024-09-04T21:30,2024-09-04T22:29,3540.0,59.0,J2005+38,5.2586770362589155,0.67612600781217,J2000
./sched_archive/sched_2024-09-04.txt,2024-09-04T22:30,2024-09-04T23:29,3540.0,59.0,J2100+50,5.5021504669121235,0.8888719473566565,J2000
./sched_archive/sched_2024-09-04.txt,2024-09-04T23:30,2024-09-05T00:29,3540.0,59.0,J2208+46,5.796747500238333,0.8048391920099407,J2000
./sched_archive/sched_2024-09-04.txt,2024-09-05T00:30,2024-09-05T01:29,3540.0,59.0,J2300+50,6.023131248632431,0.8788363041576892,J2000
./sched_archive/sched_2024-09-04.txt,2024-09-05T01:30,2024-09-05T02:29,3540.0,59.0,J2355+1523,6.264859350033646,0.2685770830610608,J2000
./sched_archive/sched_2024-09-04.txt,2024-09-05T02:30,2024-09-05T03:29,3540.0,59.0,J2323+61,6.123342236517772,1.0698528945148462,J2000
./sched_archive/sched_2024-09-04.txt,2024-09-05T03:30,2024-09-05T04:29,3540.0,59.0,J2341+60,6.202172941066183,1.0559872232351137,J2000
./sched_archive/sched_2024-09-04.txt,2024-09-05T04:30,2024-09-05T05:29,3540.0,59.0,J0039+54,0.1704604902781129,0.9464581163988472,J2000
./sched_archive/sched_2024-09-04.txt,2024-09-05T05:30,2024-09-05T06:29,3540.0,59.0,J0227+33,0.6419902765252475,0.5921708226544317,J2000
./sched_archive/sched_2024-09-04.txt,2024-09-05T06:30,2024-09-05T06:59,1740.0,29.0,B0329+54_PSR,0.9293420000000001,0.9525790000000001,J2000
./sched_archive/sched_2024-09-04.txt,2024-09-05T07:00,2024-09-05T07:29,1740.0,29.0,Crab_PSR,1.4596732110242794,0.3842252837309499,J2000
./sched_archive/sched_2024-09-04_v2.txt,2024-09-05T00:30,2024-09-05T01:29,3540.0,59.0,J2300+50,6.023131248632431,0.8788363041576892,J2000
./sched_archive/sched_2024-09-04_v2.txt,2024-09-05T01:30,2024-09-05T02:29,3540.0,59.0,J2355+1523,6.264859350033646,0.2685770830610608,J2000
./sched_archive/sched_2024-09-04_v2.txt,2024-09-05T02:30,2024-09-05T03:29,3540.0,59.0,J2323+61,6.123342236517772,1.0698528945148462,J2000
./sched_archive/sched_2024-09-04_v2.txt,2024-09-05T03:30,2024-09-05T04:29,3540.0,59.0,J2341+60,6.202172941066183,1.0559872232351137,J2000
./sched_archive/sched_2024-09-04_v2.txt,2024-09-05T04:30,2024-09-05T05:29,3540.0,59.0,J0039+54,0.1704604902781129,0.9464581163988472,J2000
./sched_archive/sched_2024-09-04_v2.txt,2024-09-05T05:30,2024-09-05T06:29,3540.0,59.0,J0227+33,0.6419902765252475,0.5921708226544317,J2000
./sched_archive/sched_2024-09-04_v2.txt,2024-09-05T06:30,2024-09-05T06:59,1740.0,29.0,B0329+54_PSR,0.9293420000000001,0.9525790000000001,J2000
./sched_archive/sched_2024-09-04_v2.txt,2024-09-05T07:00,2024-09-05T07:29,1740.0,29.0,Crab_PSR,1.4596732110242794,0.3842252837309499,J2000
./sched_archive/sched_2024-09-05_eve.txt,2024-09-05T16:30,2024-09-05T17:29,3540.0,59.0,J1541+47,4.10588706531666,0.821177413063332,J2000
./sched_archive/sched_2024-09-05_eve.txt,2024-09-05T17:30,2024-09-05T18:29,3540.0,59.0,J1548+09,4.13788476826989,0.1710858999267441,J2000
./sched_archive/sched_2024-09-05_eve.txt,2024-09-05T18:30,2024-09-05T19:29,3540.0,59.0,J1732+54,4.593124814831744,0.9489742994038056,J2000
./sched_archive/sched_2024-09-05_eve.txt,2024-09-05T19:30,2024-09-05T20:29,3540.0,59.0,J1758+44,4.70708027057654,0.7843121807517629,J2000
./sched_archive/sched_2024-09-06.txt,2024-09-05T20:45,2024-09-05T21:29,2640.0,44.0,J1956+35,5.221152457341037,0.621574772413725,J2000
./sched_archive/sched_2024-09-06.txt,2024-09-05T21:30,2024-09-05T22:29,3540.0,59.0,J2005+14,5.258895202415414,0.2551089589998379,J2000
./sched_archive/sched_2024-09-06.txt,2024-09-05T22:30,2024-09-05T23:29,3540.0,59.0,J2116+37,5.569054754905239,0.6480262068550613,J2000
./sched_archive/sched_2024-09-06.txt,2024-09-05T23:30,2024-09-06T00:29,3540.0,59.0,J2208+46,5.796747500238333,0.8048391920099407,J2000
./sched_archive/sched_2024-09-06.txt,2024-09-06T00:30,2024-09-06T01:29,3540.0,59.0,J2300+50,6.023131248632431,0.8788363041576892,J2000
./sched_archive/sched_2024-09-06.txt,2024-09-06T01:30,2024-09-06T02:29,3540.0,59.0,J2355+1523,6.264859350033646,0.2685770830610608,J2000
./sched_archive/sched_2024-09-06.txt,2024-09-06T02:30,2024-09-06T03:29,3540.0,59.0,J2323+61,6.123342236517772,1.0698528945148462,J2000
./sched_archive/sched_2024-09-06.txt,2024-09-06T03:30,2024-09-06T04:29,3540.0,59.0,J2341+60,6.202172941066183,1.0559872232351137,J2000
./sched_archive/sched_2024-09-06.txt,2024-09-06T04:30,2024-09-06T05:29,3540.0,59.0,J0039+54,0.1704604902781129,0.9464581163988472,J2000
./sched_archive/sched_2024-09-06.txt,2024-09-06T05:30,2024-09-06T06:29,3540.0,59.0,J0227+33,0.6419902765252475,0.5921708226544317,J2000
./sched_archive/sched_2024-09-06.txt,2024-09-06T06:30,2024-09-06T06:59,1740.0,29.0,B0329+54_PSR,0.9293420000000001,0.9525790000000001,J2000
./sched_archive/sched_2024-09-06.txt,2024-09-06T07:00,2024-09-06T07:29,1740.0,29.0,Crab_PSR,1.4596732110242794,0.3842252837309499,J2000
./sched_archive/sched_2024-09-07.txt,2024-09-07T15:30,2024-09-07T16:29,3540.0,59.0,J1246+53,3.367612791723059,0.9370672753957554,J2000
./sched_archive/sched_2024-09-07.txt,2024-09-07T16:30,2024-09-07T17:29,3540.0,59.0,J1252+53,3.368485456349056,0.9372418083209549,J2000
./sched_archive/sched_2024-09-07.txt,2024-09-07T17:30,2024-09-07T18:29,3540.0,59.0,J1541+47,4.10588706531666,0.821177413063332,J2000
./sched_archive/sched_2024-09-07.txt,2024-09-07T18:30,2024-09-07T19:29,3540.0,59.0,J1732+54,4.593124814831744,0.9489742994038056,J2000
./sched_archive/sched_2024-09-07.txt,2024-09-07T19:30,2024-09-07T20:29,3540.0,59.0,J1758+44,4.70708027057654,0.7843121807517629,J2000
./sched_archive/sched_2024-09-07_2.txt,2024-09-07T23:15,2024-09-07T23:59,2640.0,44.0,J2145-0750_PSR,5.697805941281582,-0.1368075848974223,J2000
./sched_archive/sched_2024-09-07_2.txt,2024-09-08T00:00,2024-09-08T00:49,2940.0,49.0,FRB20240114A,5.61849411485,0.0755647106435,J2000
./sched_archive/sched_2024-09-07_2.txt,2024-09-08T00:50,2024-09-08T01:34,2640.0,44.0,J0030+0451,0.13289429247160228,0.08484098831206377,J2000
./sched_archive/sched_2024-09-07_2.txt,2024-09-08T01:35,2024-09-08T02:59,5040.0,84.0,J0054+66,0.23965048401074893,1.1665753533918115,J2000
./sched_archive/sched_2024-09-07_2.txt,2024-09-08T03:00,2024-09-08T03:59,3540.0,59.0,J0139+3310,0.43613087285590374,0.5867200623795394,J2000
./sched_archive/sched_2024-09-07_2.txt,2024-09-08T05:00,2024-09-08T05:44,2640.0,44.0,J0407+1607,1.081736089928,0.28136840683491,J2000
./sched_archive/sched_2024-09-07_2.txt,2024-09-08T05:45,2024-09-08T06:29,2640.0,44.0,FRB20201124A,1.34416,0.454845,J2000
./sched_archive/sched_2024-09-07_2.txt,2024-09-08T06:30,2024-09-08T06:59,1740.0,29.0,Crab_PSR,1.4596732110242794,0.3842252837309499,J2000
./sched_archive/sched_2024-09-07_2.txt,2024-09-08T07:00,2024-09-08T07:59,3540.0,59.0,J0549+34,1.5253450441908774,0.5936107192873269,J2000
./sched_archive/sched_2024-09-07_2.txt,2024-09-08T08:00,2024-09-08T08:29,1740.0,29.0,B0656+14_PSR,1.831737303548451,0.2485125840158764,J2000
./sched_archive/sched_2024-09-07_2.txt,2024-09-08T08:30,2024-09-08T09:29,3540.0,59.0,J0746+55,2.0367426739815624,0.964118391393294,J2000
./sched_archive/sched_2024-09-07_2.txt,2024-09-08T09:30,2024-09-08T11:29,7140.0,119.0,Sun357,,,
./sched_archive/sched_2024-09-07_2.txt,2024-09-08T11:30,2024-09-08T13:29,7140.0,119.0,Sun357,,,
./sched_archive/sched_2024-09-07_2.txt,2024-09-08T13:30,2024-09-08T15:29,7140.0,119.0,Sun357,,,
./sched_archive/sched_2024-09-07_2.txt,2024-09-08T15:30,2024-09-08T16:29,3540.0,59.0,J1400+2127,3.6662247571894993,0.37398741750247533,J2000
./sched_archive/sched_2024-09-07_2.txt,2024-09-08T16:30,2024-09-08T17:29,3540.0,59.0,J1538+2345,4.093238518783352,0.41453508989589766,J2000
./sched_archive/sched_2024-09-07_2.txt,2024-09-08T17:30,2024-09-08T18:59,5340.0,89.0,J1706+59,4.481132854495441,1.0326531407633117,J2000
./sched_archive/sched_2024-09-07_2.txt,2024-09-08T19:00,2024-09-08T19:44,2640.0,44.0,J1744-1134,4.6447145664294,0.2021416585724,J2000
./sched_archive/sched_2024-09-09.txt,2024-09-08T21:00,2024-09-08T21:29,1740.0,29.0,J1931+4229,5.109087774952568,0.7447319918259805,J2000
./sched_archive/sched_2024-09-09.txt,2024-09-08T21:30,2024-09-08T21:59,1740.0,29.0,J1943+58,5.161811262773229,1.0160725128693655,J2000
./sched_archive/sched_2024-09-09.txt,2024-09-08T22:00,2024-09-08T22:29,1740.0,29.0,J2005+14,5.258895202415414,0.2551089589998379,J2000
./sched_archive/sched_2024-09-09.txt,2024-09-08T22:30,2024-09-08T22:59,1740.0,29.0,J2005+38,5.2586770362589155,0.67612600781217,J2000
./sched_archive/sched_2024-09-09.txt,2024-09-09T00:00,2024-09-09T00:29,1740.0,29.0,J2221+81,5.85121631731099,1.42302511679271,J2000
./sched_archive/sched_2024-09-09.txt,2024-09-09T00:30,2024-09-09T00:59,1740.0,29.0,J2237+2828,5.92313842690359,0.4970309858734963,J2000
./sched_archive/sched_2024-09-09.txt,2024-09-09T01:00,2024-09-09T01:29,1740.0,29.0,J2300+50,6.023131248632431,0.8788363041576892,J2000
./sched_archive/sched_2024-09-09.txt,2024-09-09T01:30,2024-09-09T01:59,1740.0,29.0,J2341+60,6.202172941066183,1.0559872232351137,J2000
./sched_archive/sched_2024-09-09.txt,2024-09-09T02:00,2024-09-09T02:29,1740.0,29.0,J0012+5431,0.0540543013753077,0.9517231929756969,J2000
./sched_archive/sched_2024-09-09.txt,2024-09-09T02:30,2024-09-09T02:59,1740.0,29.0,J0027+84,0.1189732773442801,1.4711331783692092,J2000
./sched_archive/sched_2024-09-09.txt,2024-09-09T03:00,2024-09-09T03:29,1740.0,29.0,J0039+54,0.1704604902781129,0.9464581163988472,J2000
./sched_archive/sched_2024-09-09.txt,2024-09-09T03:30,2024-09-09T03:59,1740.0,29.0,J0227+33,0.6419902765252475,0.5921708226544317,J2000
./sched_archive/sched_2024-09-09.txt,2024-09-09T06:00,2024-09-09T06:29,1740.0,29.0,Crab_PSR,1.4596732110242794,0.3842252837309499,J2000
./sched_archive/sched_2024-09-09.txt,2024-09-09T06:30,2024-09-09T07:29,3540.0,59.0,J0630+25,1.7060593438244571,0.4430906157132493,J2000
./sched_archive/sched_2024-09-09.txt,2024-09-09T07:30,2024-09-09T08:29,3540.0,59.0,J0658+29,1.8243054006470731,0.5154926908501474,J2000
./sched_archive/sched_2024-09-09.txt,2024-09-09T08:30,2024-09-09T09:29,3540.0,59.0,J0741+17,2.011491962923465,0.2975786374650332,J2000
./sched_archive/sched_2024-09-09.txt,2024-09-09T16:00,2024-09-09T16:59,3540.0,59.0,J1412+31,3.720023856521581,0.5527700147906596,J2000
./sched_archive/sched_2024-09-09.txt,2024-09-09T17:00,2024-09-09T17:59,3540.0,59.0,J1548+09,4.13788476826989,0.1710858999267441,J2000
./sched_archive/sched_2024-09-09.txt,2024-09-09T18:00,2024-09-09T18:59,3540.0,59.0,J1645-00,4.387248685148579,0.0041354606998643,J2000
./sched_archive/sched_2024-09-09.txt,2024-09-09T19:00,2024-09-09T19:59,3540.0,59.0,J1732+54,4.593124814831744,0.9489742994038056,J2000
./sched_archive/sched_2024-09-09.txt,2024-09-09T20:00,2024-09-09T20:59,3540.0,59.0,J1758+44,4.70708027057654,0.7843121807517629,J2000
./sched_archive/sched_2024-09-10.txt,2024-09-10T19:00,2024-09-10T19:59,3540.0,59.0,J1732+54,4.593124814831744,0.9489742994038056,J2000
./sched_archive/sched_2024-09-10.txt,2024-09-10T20:00,2024-09-10T20:59,3540.0,59.0,J1758+44,4.70708027057654,0.7843121807517629,J2000
./sched_archive/sched_2024-09-11.txt,2024-09-11T15:30,2024-09-11T15:59,1740.0,29.0,J1252+53,3.368485456349056,0.9372418083209549,J2000
./sched_archive/sched_2024-09-11.txt,2024-09-11T16:00,2024-09-11T16:59,3540.0,59.0,J1412+31,3.720023856521581,0.5527700147906596,J2000
./sched_archive/sched_2024-09-11.txt,2024-09-11T17:00,2024-09-11T17:59,3540.0,59.0,J1548+09,4.13788476826989,0.1710858999267441,J2000
./sched_archive/sched_2024-09-11.txt,2024-09-11T18:00,2024-09-11T18:59,3540.0,59.0,J1645-00,4.387248685148579,0.0041354606998643,J2000
./sched_archive/sched_2024-09-11.txt,2024-09-11T19:00,2024-09-11T19:59,3540.0,59.0,J1732+54,4.593124814831744,0.9489742994038056,J2000
./sched_archive/sched_2024-09-11.txt,2024-09-11T20:00,2024-09-11T20:59,3540.0,59.0,J1758+44,4.70708027057654,0.7843121807517629,J2000
./sched_archive/sched_2024-09-13.txt,2024-09-13T08:30,2024-09-13T09:29,3540.0,59.0,B0656+14_PSR,1.831737303548451,0.2485125840158764,J2000
./sched_archive/sched_2024-09-14.txt,2024-09-13T15:45,2024-09-13T16:44,3540.0,59.0,J1412+31,3.720023856521581,0.5527700147906596,J2000
./sched_archive/sched_2024-09-14.txt,2024-09-13T16:45,2024-09-13T17:44,3540.0,59.0,J1548+09,4.13788476826989,0.1710858999267441,J2000
./sched_archive/sched_2024-09-14.txt,2024-09-13T17:45,2024-09-13T18:44,3540.0,59.0,J1645-00,4.387248685148579,0.0041354606998643,J2000
./sched_archive/sched_2024-09-14.txt,2024-09-13T18:45,2024-09-13T19:44,3540.0,59.0,J1732+54,4.593124814831744,0.9489742994038056,J2000
./sched_archive/sched_2024-09-14.txt,2024-09-13T19:45,2024-09-13T20:44,3540.0,59.0,J1758+44,4.70708027057654,0.7843121807517629,J2000
./sched_archive/sched_2024-09-14.txt,2024-09-13T20:45,2024-09-13T21:29,2640.0,44.0,J1945+61,5.173446791119859,1.0780898789568973,J2000
./sched_archive/sched_2024-09-14.txt,2024-09-13T21:30,2024-09-13T21:59,1740.0,29.0,J1956+35,5.221152457341037,0.621574772413725,J2000
./sched_archive/sched_2024-09-14.txt,2024-09-13T22:00,2024-09-13T22:29,1740.0,29.0,J2030+31,5.36899638939539,0.5494975224431702,J2000
./sched_archive/sched_2024-09-14.txt,2024-09-13T22:30,2024-09-13T22:59,1740.0,29.0,J2100+50,5.5021504669121235,0.8888719473566565,J2000
./sched_archive/sched_2024-09-14.txt,2024-09-13T23:00,2024-09-13T23:29,1740.0,29.0,J2108+45,5.532766450874191,0.7906341511534313,J2000
./sched_archive/sched_2024-09-14.txt,2024-09-13T23:30,2024-09-13T23:59,1740.0,29.0,J2213+69,5.8200912789837576,1.2110742716852432,J2000
./sched_archive/sched_2024-09-14.txt,2024-09-14T00:00,2024-09-14T00:29,1740.0,29.0,J2237+2828,5.92313842690359,0.4970309858734963,J2000
./sched_archive/sched_2024-09-14.txt,2024-09-14T00:30,2024-09-14T00:59,1740.0,29.0,J2239+42,5.9298288557029,0.7433551209716293,J2000
./sched_archive/sched_2024-09-14.txt,2024-09-14T01:00,2024-09-14T01:29,1740.0,29.0,J2316+75,6.086835766330224,1.321796020177039,J2000
./sched_archive/sched_2024-09-14.txt,2024-09-14T01:30,2024-09-14T01:59,1740.0,29.0,J2323+61,6.123342236517772,1.0698528945148462,J2000
./sched_archive/sched_2024-09-14.txt,2024-09-14T02:00,2024-09-14T02:29,1740.0,29.0,J0012+5431,0.0540543013753077,0.9517231929756969,J2000
./sched_archive/sched_2024-09-14.txt,2024-09-14T02:30,2024-09-14T02:59,1740.0,29.0,J0027+84,0.1189732773442801,1.4711331783692092,J2000
./sched_archive/sched_2024-09-14.txt,2024-09-14T03:00,2024-09-14T03:29,1740.0,29.0,J0039+54,0.1704604902781129,0.9464581163988472,J2000
./sched_archive/sched_2024-09-14.txt,2024-09-14T03:30,2024-09-14T03:59,1740.0,29.0,J0227+33,0.6419902765252475,0.5921708226544317,J2000
./sched_archive/sched_2024-09-14.txt,2024-09-14T05:00,2024-09-14T05:59,3540.0,59.0,J0503+22,1.322668684803036,0.3897901996120669,J2000
./sched_archive/sched_2024-09-14.txt,2024-09-14T06:00,2024-09-14T06:29,1740.0,29.0,Crab_PSR,1.4596732110242794,0.3842252837309499,J2000
./sched_archive/sched_2024-09-14.txt,2024-09-14T06:30,2024-09-14T07:29,3540.0,59.0,J0630+25,1.7060593438244571,0.4430906157132493,J2000
./sched_archive/sched_2024-09-14.txt,2024-09-14T07:30,2024-09-14T08:29,3540.0,59.0,J0658+29,1.8243054006470731,0.5154926908501474,J2000
./sched_archive/sched_2024-09-14.txt,2024-09-14T08:30,2024-09-14T09:29,3540.0,59.0,J0741+17,2.011491962923465,0.2975786374650332,J2000
./sched_archive/sched_2024-09-14.txt,2024-09-14T15:30,2024-09-14T15:59,1740.0,29.0,J1252+53,3.368485456349056,0.9372418083209549,J2000
./sched_archive/sched_2024-09-15.txt,2024-09-14T20:30,2024-09-14T21:29,3540.0,59.0,J1945+61,5.173446791119859,1.0780898789568973,J2000
./sched_archive/sched_2024-09-15.txt,2024-09-14T21:30,2024-09-14T21:59,1740.0,29.0,J1956+35,5.221152457341037,0.621574772413725,J2000
./sched_archive/sched_2024-09-15.txt,2024-09-14T22:00,2024-09-14T22:29,1740.0,29.0,J2030+31,5.36899638939539,0.5494975224431702,J2000
./sched_archive/sched_2024-09-15.txt,2024-09-14T22:30,2024-09-14T22:59,1740.0,29.0,J2100+50,5.5021504669121235,0.8888719473566565,J2000
./sched_archive/sched_2024-09-15.txt,2024-09-14T23:00,2024-09-14T23:29,1740.0,29.0,J2108+45,5.532766450874191,0.7906341511534313,J2000
./sched_archive/sched_2024-09-15.txt,2024-09-14T23:30,2024-09-14T23:59,1740.0,29.0,J2213+69,5.8200912789837576,1.2110742716852432,J2000
./sched_archive/sched_2024-09-15.txt,2024-09-15T00:00,2024-09-15T00:29,1740.0,29.0,J2237+2828,5.92313842690359,0.4970309858734963,J2000
./sched_archive/sched_2024-09-15.txt,2024-09-15T00:30,2024-09-15T00:59,1740.0,29.0,J2239+42,5.9298288557029,0.7433551209716293,J2000
./sched_archive/sched_2024-09-15.txt,2024-09-15T01:00,2024-09-15T01:29,1740.0,29.0,J2316+75,6.086835766330224,1.321796020177039,J2000
./sched_archive/sched_2024-09-15.txt,2024-09-15T01:30,2024-09-15T01:59,1740.0,29.0,J2323+61,6.123342236517772,1.0698528945148462,J2000
./sched_archive/sched_2024-09-15.txt,2024-09-15T02:00,2024-09-15T02:29,1740.0,29.0,J0012+5431,0.0540543013753077,0.9517231929756969,J2000
./sched_archive/sched_2024-09-15.txt,2024-09-15T02:30,2024-09-15T02:59,1740.0,29.0,J0027+84,0.1189732773442801,1.4711331783692092,J2000
./sched_archive/sched_2024-09-15.txt,2024-09-15T03:00,2024-09-15T03:29,1740.0,29.0,J0039+54,0.1704604902781129,0.9464581163988472,J2000
./sched_archive/sched_2024-09-15.txt,2024-09-15T03:30,2024-09-15T03:59,1740.0,29.0,J0227+33,0.6419902765252475,0.5921708226544317,J2000
./sched_archive/sched_2024-09-15.txt,2024-09-15T05:00,2024-09-15T05:59,3540.0,59.0,J0503+22,1.322668684803036,0.3897901996120669,J2000
./sched_archive/sched_2024-09-15.txt,2024-09-15T06:00,2024-09-15T06:29,1740.0,29.0,Crab_PSR,1.4596732110242794,0.3842252837309499,J2000
./sched_archive/sched_2024-09-15.txt,2024-09-15T06:30,2024-09-15T07:29,3540.0,59.0,J0630+25,1.7060593438244571,0.4430906157132493,J2000
./sched_archive/sched_2024-09-15.txt,2024-09-15T07:30,2024-09-15T08:29,3540.0,59.0,J0658+29,1.8243054006470731,0.5154926908501474,J2000
./sched_archive/sched_2024-09-15.txt,2024-09-15T08:30,2024-09-15T09:29,3540.0,59.0,J0741+17,2.011491962923465,0.2975786374650332,J2000
./sched_archive/sched_2024-09-15.txt,2024-09-15T15:30,2024-09-15T15:59,1740.0,29.0,J1252+53,3.368485456349056,0.9372418083209549,J2000
./sched_archive/sched_2024-09-15.txt,2024-09-15T16:00,2024-09-15T16:44,2640.0,44.0,J1412+31,3.720023856521581,0.5527700147906596,J2000
./sched_archive/sched_2024-09-15.txt,2024-09-15T16:45,2024-09-15T17:44,3540.0,59.0,J1548+09,4.13788476826989,0.1710858999267441,J2000
./sched_archive/sched_2024-09-15.txt,2024-09-15T17:45,2024-09-15T18:44,3540.0,59.0,J1645-00,4.387248685148579,0.0041354606998643,J2000
./sched_archive/sched_2024-09-15.txt,2024-09-15T18:45,2024-09-15T19:44,3540.0,59.0,J1732+54,4.593124814831744,0.9489742994038056,J2000
./sched_archive/sched_2024-09-15.txt,2024-09-15T19:45,2024-09-15T20:44,3540.0,59.0,J1758+44,4.70708027057654,0.7843121807517629,J2000
./sched_archive/sched_2024-09-16.txt,2024-09-15T21:05,2024-09-15T21:59,3240.0,54.0,J1956+35,5.221152457341037,0.621574772413725,J2000
./sched_archive/sched_2024-09-16.txt,2024-09-15T22:00,2024-09-15T22:29,1740.0,29.0,J2030+31,5.36899638939539,0.5494975224431702,J2000
./sched_archive/sched_2024-09-16.txt,2024-09-15T22:30,2024-09-15T22:59,1740.0,29.0,J2100+50,5.5021504669121235,0.8888719473566565,J2000
./sched_archive/sched_2024-09-16.txt,2024-09-15T23:00,2024-09-15T23:29,1740.0,29.0,J2108+45,5.532766450874191,0.7906341511534313,J2000
./sched_archive/sched_2024-09-16.txt,2024-09-15T23:30,2024-09-15T23:59,1740.0,29.0,J2213+69,5.8200912789837576,1.2110742716852432,J2000
./sched_archive/sched_2024-09-16.txt,2024-09-16T00:00,2024-09-16T00:29,1740.0,29.0,J2237+2828,5.92313842690359,0.4970309858734963,J2000
./sched_archive/sched_2024-09-16.txt,2024-09-16T00:30,2024-09-16T00:59,1740.0,29.0,J2239+42,5.9298288557029,0.7433551209716293,J2000
./sched_archive/sched_2024-09-16.txt,2024-09-16T01:00,2024-09-16T01:29,1740.0,29.0,J2316+75,6.086835766330224,1.321796020177039,J2000
./sched_archive/sched_2024-09-16.txt,2024-09-16T01:30,2024-09-16T01:59,1740.0,29.0,J2323+61,6.123342236517772,1.0698528945148462,J2000
./sched_archive/sched_2024-09-16.txt,2024-09-16T02:00,2024-09-16T02:29,1740.0,29.0,J0012+5431,0.0540543013753077,0.9517231929756969,J2000
./sched_archive/sched_2024-09-16.txt,2024-09-16T02:30,2024-09-16T02:59,1740.0,29.0,J0027+84,0.1189732773442801,1.4711331783692092,J2000
./sched_archive/sched_2024-09-16.txt,2024-09-16T03:00,2024-09-16T03:29,1740.0,29.0,J0039+54,0.1704604902781129,0.9464581163988472,J2000
./sched_archive/sched_2024-09-16.txt,2024-09-16T03:30,2024-09-16T03:59,1740.0,29.0,J0227+33,0.6419902765252475,0.5921708226544317,J2000
./sched_archive/sched_2024-09-16.txt,2024-09-16T05:00,2024-09-16T05:59,3540.0,59.0,J0503+22,1.322668684803036,0.3897901996120669,J2000
./sched_archive/sched_2024-09-16.txt,2024-09-16T06:00,2024-09-16T06:29,1740.0,29.0,Crab_PSR,1.4596732110242794,0.3842252837309499,J2000
./sched_archive/sched_2024-09-16.txt,2024-09-16T06:30,2024-09-16T07:29,3540.0,59.0,J0630+25,1.7060593438244571,0.4430906157132493,J2000
./sched_archive/sched_2024-09-16.txt,2024-09-16T07:30,2024-09-16T08:29,3540.0,59.0,J0658+29,1.8243054006470731,0.5154926908501474,J2000
./sched_archive/sched_2024-09-16.txt,2024-09-16T08:30,2024-09-16T09:29,3540.0,59.0,J0741+17,2.011491962923465,0.2975786374650332,J2000
./sched_archive/sched_2024-09-16.txt,2024-09-16T15:30,2024-09-16T15:59,1740.0,29.0,J1252+53,3.368485456349056,0.9372418083209549,J2000
./sched_archive/sched_2024-09-16.txt,2024-09-16T16:00,2024-09-16T16:44,2640.0,44.0,J1412+31,3.720023856521581,0.5527700147906596,J2000
./sched_archive/sched_2024-09-16.txt,2024-09-16T16:45,2024-09-16T17:44,3540.0,59.0,J1548+09,4.13788476826989,0.1710858999267441,J2000
./sched_archive/sched_2024-09-16.txt,2024-09-16T17:45,2024-09-16T18:44,3540.0,59.0,J1645-00,4.387248685148579,0.0041354606998643,J2000
./sched_archive/sched_2024-09-16.txt,2024-09-16T18:45,2024-09-16T19:44,3540.0,59.0,J1732+54,4.593124814831744,0.9489742994038056,J2000
./sched_archive/sched_2024-09-16.txt,2024-09-16T19:45,2024-09-16T20:44,3540.0,59.0,J1758+44,4.70708027057654,0.7843121807517629,J2000
./sched_archive/sched_2024-09-17.txt,2024-09-16T21:05,2024-09-16T21:59,3240.0,54.0,J1956+35,5.221152457341037,0.621574772413725,J2000
./sched_archive/sched_2024-09-17.txt,2024-09-16T22:00,2024-09-16T22:29,1740.0,29.0,J2030+31,5.36899638939539,0.5494975224431702,J2000
./sched_archive/sched_2024-09-17.txt,2024-09-16T22:30,2024-09-16T23:14,2640.0,44.0,J2100+50,5.5021504669121235,0.8888719473566565,J2000
./sched_archive/sched_2024-09-17.txt,2024-09-17T00:00,2024-09-17T00:29,1740.0,29.0,J2237+2828,5.92313842690359,0.4970309858734963,J2000
./sched_archive/sched_2024-09-17.txt,2024-09-17T00:30,2024-09-17T00:59,1740.0,29.0,J2239+42,5.9298288557029,0.7433551209716293,J2000
./sched_archive/sched_2024-09-17.txt,2024-09-17T01:00,2024-09-17T01:29,1740.0,29.0,J2316+75,6.086835766330224,1.321796020177039,J2000
./sched_archive/sched_2024-09-17.txt,2024-09-17T01:30,2024-09-17T01:59,1740.0,29.0,J2323+61,6.123342236517772,1.0698528945148462,J2000
./sched_archive/sched_2024-09-17.txt,2024-09-17T02:00,2024-09-17T02:29,1740.0,29.0,J0012+5431,0.0540543013753077,0.9517231929756969,J2000
./sched_archive/sched_2024-09-17.txt,2024-09-17T02:30,2024-09-17T02:59,1740.0,29.0,J0027+84,0.1189732773442801,1.4711331783692092,J2000
./sched_archive/sched_2024-09-17.txt,2024-09-17T03:00,2024-09-17T03:29,1740.0,29.0,J0039+54,0.1704604902781129,0.9464581163988472,J2000
./sched_archive/sched_2024-09-17.txt,2024-09-17T03:30,2024-09-17T03:59,1740.0,29.0,J0227+33,0.6419902765252475,0.5921708226544317,J2000
./sched_archive/sched_2024-09-17.txt,2024-09-17T06:00,2024-09-17T06:29,1740.0,29.0,Crab_PSR,1.4596732110242794,0.3842252837309499,J2000
./sched_archive/sched_2024-09-17.txt,2024-09-17T06:30,2024-09-17T07:29,3540.0,59.0,J0630+25,1.7060593438244571,0.4430906157132493,J2000
./sched_archive/sched_2024-09-17.txt,2024-09-17T07:30,2024-09-17T08:29,3540.0,59.0,J0658+29,1.8243054006470731,0.5154926908501474,J2000
./sched_archive/sched_2024-09-17.txt,2024-09-17T08:30,2024-09-17T09:29,3540.0,59.0,J0741+17,2.011491962923465,0.2975786374650332,J2000
./sched_archive/sched_2024-09-17.txt,2024-09-17T16:15,2024-09-17T17:44,5340.0,89.0,J1548+09,4.13788476826989,0.1710858999267441,J2000
./sched_archive/sched_2024-09-17.txt,2024-09-17T17:45,2024-09-17T18:44,3540.0,59.0,J1645-00,4.387248685148579,0.0041354606998643,J2000
./sched_archive/sched_2024-09-17.txt,2024-09-17T18:45,2024-09-17T19:44,3540.0,59.0,J1732+54,4.593124814831744,0.9489742994038056,J2000
./sched_archive/sched_2024-09-17.txt,2024-09-17T19:45,2024-09-17T20:44,3540.0,59.0,J1758+44,4.70708027057654,0.7843121807517629,J2000
./sched_archive/sched_2024-09-17.txt,2024-09-17T20:45,2024-09-17T21:29,2640.0,44.0,J1945+61,5.173446791119859,1.0780898789568973,J2000
./sched_archive/sched_2024-09-19.txt,2024-09-19T06:30,2024-09-19T07:29,3540.0,59.0,Crab_PSR,1.4596732110242794,0.3842252837309499,J2000
./sched_archive/sched_2024-09-19.txt,2024-09-19T07:30,2024-09-19T08:29,3540.0,59.0,J0608+16_PSR,1.6094590360379197,0.2894513057573071,J2000
./sched_archive/sched_2024-09-19.txt,2024-09-19T08:30,2024-09-19T09:29,3540.0,59.0,J0746+55,2.0367426739815624,0.964118391393294,J2000
./sched_archive/sched_2024-09-19.txt,2024-09-19T15:30,2024-09-19T16:29,3540.0,59.0,J1326+33_PSR,3.5198927689595636,0.589339510756752,J2000
./sched_archive/sched_2024-09-19.txt,2024-09-19T19:30,2024-09-19T20:29,3540.0,59.0,J1849+15,4.925910379412111,0.2666674019711703,J2000
./sched_archive/sched_2024-09-19.txt,2024-09-19T20:30,2024-09-19T21:29,3540.0,59.0,J1931+4229,5.110286484688845,0.741570367301345,J2000
./sched_archive/sched_2024-09-19.txt,2024-09-19T21:30,2024-09-19T22:14,2640.0,44.0,J2145-0750_PSR,5.697805941281582,-0.1368075848974223,J2000
./sched_archive/sched_2024-09-21.txt,2024-09-20T20:35,2024-09-20T21:29,3240.0,54.0,J1931+4229,5.110286484688845,0.741570367301345,J2000
./sched_archive/sched_2024-09-21.txt,2024-09-20T21:30,2024-09-20T21:59,1740.0,29.0,J2145-0750_PSR,5.697805941281582,-0.1368075848974223,J2000
./sched_archive/sched_2024-09-21.txt,2024-09-20T22:00,2024-09-20T22:59,3540.0,59.0,J2215+4524,5.8283815929307305,0.7925927984251137,J2000
./sched_archive/sched_2024-09-21.txt,2024-09-20T23:00,2024-09-20T23:59,3540.0,59.0,J2300+50,6.023131248632431,0.8788363041576892,J2000
./sched_archive/sched_2024-09-21.txt,2024-09-21T00:00,2024-09-21T00:59,3540.0,59.0,J0012+5431,0.0540543013753077,0.9517231929756969,J2000
./sched_archive/sched_2024-09-21.txt,2024-09-21T01:00,2024-09-21T01:59,3540.0,59.0,J0116+57,0.3348123281742456,1.0080827834046804,J2000
./sched_archive/sched_2024-09-21.txt,2024-09-21T04:00,2024-09-21T04:59,3540.0,59.0,J0348+79,0.9961466705757634,1.3841721483885918,J2000
./sched_archive/sched_2024-09-21.txt,2024-09-21T05:00,2024-09-21T05:59,3540.0,59.0,J0517+24,1.3871731450746596,0.4277898959374324,J2000
./sched_archive/sched_2024-09-21.txt,2024-09-21T06:00,2024-09-21T06:29,1740.0,29.0,Crab_PSR,1.4596732110242794,0.3842252837309499,J2000
./sched_archive/sched_2024-09-21.txt,2024-09-21T06:30,2024-09-21T07:29,3540.0,59.0,J0608+16_PSR,1.6094590360379197,0.2894513057573071,J2000
./sched_archive/sched_2024-09-21.txt,2024-09-21T19:30,2024-09-21T20:29,3540.0,59.0,J1849+15,4.925910379412111,0.2666674019711703,J2000
./sched_archive/sched_2024-09-22_day.txt,2024-09-22T07:00,2024-09-22T07:59,3540.0,59.0,J0741+17,2.011491962923465,0.2975786374650332,J2000
./sched_archive/sched_2024-09-22_day.txt,2024-09-22T16:00,2024-09-22T16:44,2640.0,44.0,J1645-00,4.387248685148579,0.0041354606998643,J2000
./sched_archive/sched_2024-09-22_day.txt,2024-09-22T16:45,2024-09-22T17:44,3540.0,59.0,J1732+54,4.593124814831744,0.9489742994038056,J2000
./sched_archive/sched_2024-09-22_day.txt,2024-09-22T17:45,2024-09-22T18:44,3540.0,59.0,J1758+44,4.70708027057654,0.7843121807517629,J2000
./sched_archive/sched_2024-09-22_day.txt,2024-09-22T18:45,2024-09-22T19:44,3540.0,59.0,J1838+5051,4.878267981376317,0.8883725892651138,J2000
./sched_archive/sched_2024-09-22_day.txt,2024-09-22T19:45,2024-09-22T20:44,3540.0,59.0,J1945+61,5.173446791119859,1.0780898789568973,J2000
./sched_archive/sched_2024-09-23.txt,2024-09-22T21:00,2024-09-22T21:59,3540.0,59.0,J2000+29_PSR,5.237194762978169,0.5119975973675667,J2000
./sched_archive/sched_2024-09-23.txt,2024-09-22T22:00,2024-09-22T22:59,3540.0,59.0,J2105+1917_PSR,5.52181942364699,0.33411815900110764,J2000
./sched_archive/sched_2024-09-23.txt,2024-09-22T23:00,2024-09-22T23:59,3540.0,59.0,J2202+2147_PSR,5.7695475851821545,0.37657387473532433,J2000
./sched_archive/sched_2024-09-23.txt,2024-09-23T00:00,2024-09-23T00:44,2640.0,44.0,J2347+02_PSR,6.229691731776413,0.05242886577094988,J2000
./sched_archive/sched_2024-09-23.txt,2024-09-23T01:30,2024-09-23T02:29,3540.0,59.0,J0104+64_PSR,0.2819539944266119,1.1282095983995617,J2000
./sched_archive/sched_2024-09-23.txt,2024-09-23T02:30,2024-09-23T03:29,3540.0,59.0,J0220+3622_PSR,0.6139376732126479,0.6361463720709123,J2000
./sched_archive/sched_2024-09-23.txt,2024-09-23T05:15,2024-09-23T05:59,2640.0,44.0,Crab_PSR,1.4596732110242794,0.3842252837309499,J2000
./sched_archive/sched_2024-09-23.txt,2024-09-23T06:00,2024-09-23T06:59,3540.0,59.0,J0608+16_PSR,1.6094590360379197,0.2894513057573071,J2000
./sched_archive/sched_2024-09-23.txt,2024-09-23T07:00,2024-09-23T07:59,3540.0,59.0,J0653-06,1.8020524526841453,-0.1000655437810082,J2000
./sched_archive/sched_2024-09-23.txt,2024-09-23T08:00,2024-09-23T08:59,3540.0,59.0,J0741+17,2.011491962923465,0.2975786374650332,J2000
./sched_archive/sched_2024-09-30.txt,2024-09-30T15:31,2024-09-30T17:00,5340.0,89.0,J1931+4229,5.110286484688845,0.741570367301345,J2000
./sched_archive/sched_2024-09-30.txt,2024-09-30T19:01,2024-09-30T20:14,4380.0,73.0,J2138+69,5.667302247382087,1.2186906946154739,J2000
./sched_archive/sched_2024-09-30.txt,2024-10-01T01:00,2024-10-01T03:00,7200.0,120.0,J0348+79,0.9961466705757633,1.3841721483885918,J2000
./sched_archive/sched_2024-10-01.txt,2024-10-01T09:31,2024-10-01T10:50,4740.0,79.0,J1012+5307,2.6727854681111443,0.9270716946783638,J2000
./sched_archive/sched_2024-10-01.txt,2024-10-01T13:52,2024-10-01T15:30,5880.0,98.0,J1538+2345,4.093238518783352,0.41453508989589766,J2000
./sched_archive/sched_2024-10-01.txt,2024-10-01T18:31,2024-10-01T20:10,5940.0,99.0,J2000+29_PSR,5.237194762978169,0.5119975973675667,J2000
./sched_archive/sched_2024-10-01.txt,2024-10-01T21:16,2024-10-01T22:30,4440.0,74.0,J2215+45,5.828447029215017,0.7925890604631511,J2000
./sched_archive/sched_2024-10-01.txt,2024-10-01T23:51,2024-10-02T02:00,7740.0,129.0,J0054+66,0.23965048401074893,1.1665753533918115,J2000
./sched_archive/sched_2024-10-01.txt,2024-10-02T04:01,2024-10-02T06:00,7140.0,119.0,"B0950+08 [2.588127636570647, 0.13834522000721441, 'J2000'",,,
./sched_archive/sched_2024-10-01.txt,2024-10-02T06:01,2024-10-02T07:30,5340.0,89.0,"B0950+08 [2.588127636570647, 0.13834522000721441, 'J2000'",,,
./sched_archive/sched_2024-10-01.txt,2024-10-02T07:31,2024-10-02T09:30,7140.0,119.0,"B0950+08 [2.588127636570647, 0.13834522000721441, 'J2000'",,,
./sched_archive/sched_2024-10-01.txt,2024-10-02T09:31,2024-10-02T11:00,5340.0,89.0,"B0950+08 [2.588127636570647, 0.13834522000721441, 'J2000'",,,
./sched_archive/sched_2024-10-01.txt,2024-10-02T11:01,2024-10-02T12:30,5340.0,89.0,"B0950+08 [2.588127636570647, 0.13834522000721441, 'J2000'",,,
./sched_archive/sched_2024-10-01.txt,2024-10-02T12:31,2024-10-02T14:30,7140.0,119.0,"B0950+08 [2.588127636570647, 0.13834522000721441, 'J2000'",,,
./sched_archive/sched_2024-10-01_new.txt,2024-10-01T13:52,2024-10-01T15:30,5880.0,98.0,J1538+2345,4.093238518783352,0.41453508989589766,J2000
./sched_archive/sched_2024-10-01_new.txt,2024-10-01T18:31,2024-10-01T20:10,5940.0,99.0,J2000+29_PSR,5.237194762978169,0.5119975973675667,J2000
./sched_archive/sched_2024-10-01_new.txt,2024-10-01T21:16,2024-10-01T22:30,4440.0,74.0,J2215+45,5.828447029215017,0.7925890604631511,J2000
./sched_archive/sched_2024-10-01_new.txt,2024-10-01T23:51,2024-10-02T02:00,7740.0,129.0,J0054+66,0.23965048401074893,1.1665753533918115,J2000
./sched_archive/sched_2024-10-01_new.txt,2024-10-02T03:01,2024-10-02T04:00,3540.0,59.0,"B0950+08 [2.588127636570647, 0.13834522000721441, 'J2000'",,,
./sched_archive/sched_2024-10-01_new.txt,2024-10-02T04:01,2024-10-02T05:00,3540.0,59.0,"B0950+08 [2.588127636570647, 0.13834522000721441, 'J2000'",,,
./sched_archive/sched_2024-10-01_new.txt,2024-10-02T05:01,2024-10-02T06:00,3540.0,59.0,"B0950+08 [2.588127636570647, 0.13834522000721441, 'J2000'",,,
./sched_archive/sched_2024-10-01_new.txt,2024-10-02T06:01,2024-10-02T07:00,3540.0,59.0,"B0950+08 [2.588127636570647, 0.13834522000721441, 'J2000'",,,
./sched_archive/sched_2024-10-01_new.txt,2024-10-02T07:01,2024-10-02T08:00,3540.0,59.0,"B0950+08 [2.588127636570647, 0.13834522000721441, 'J2000'",,,
./sched_archive/sched_2024-10-01_new.txt,2024-10-02T08:01,2024-10-02T09:00,3540.0,59.0,"B0950+08 [2.588127636570647, 0.13834522000721441, 'J2000'",,,
./sched_archive/sched_2024-10-01_new.txt,2024-10-02T09:01,2024-10-02T10:00,3540.0,59.0,"B0950+08 [2.588127636570647, 0.13834522000721441, 'J2000'",,,
./sched_archive/sched_2024-10-01_new.txt,2024-10-02T10:01,2024-10-02T11:00,3540.0,59.0,"B0950+08 [2.588127636570647, 0.13834522000721441, 'J2000'",,,
./sched_archive/sched_2024-10-01_new.txt,2024-10-02T11:01,2024-10-02T12:00,3540.0,59.0,"B0950+08 [2.588127636570647, 0.13834522000721441, 'J2000'",,,
./sched_archive/sched_2024-10-01_new.txt,2024-10-02T12:01,2024-10-02T13:00,3540.0,59.0,"B0950+08 [2.588127636570647, 0.13834522000721441, 'J2000'",,,
./sched_archive/sched_2024-10-01_new.txt,2024-10-02T13:01,2024-10-02T14:00,3540.0,59.0,"B0950+08 [2.588127636570647, 0.13834522000721441, 'J2000'",,,
./sched_archive/sched_2024-10-01_new.txt,2024-10-02T14:01,2024-10-02T15:00,3540.0,59.0,"B0950+08 [2.588127636570647, 0.13834522000721441, 'J2000'",,,
./sched_archive/sched_2024-10-01_new.txt,2024-10-02T15:01,2024-10-02T16:00,3540.0,59.0,"B0950+08 [2.588127636570647, 0.13834522000721441, 'J2000'",,,
./sched_archive/sched_2024-10-02.txt,2024-10-02T21:16,2024-10-02T22:30,4440.0,74.0,J2215+45,5.828447029215017,0.7925890604631511,J2000
./sched_archive/sched_2024-10-02.txt,2024-10-03T03:01,2024-10-03T04:00,3540.0,59.0,"B0950+08 [2.588127636570647, 0.13834522000721441, 'J2000'",,,
./sched_archive/sched_2024-10-02.txt,2024-10-03T04:01,2024-10-03T05:00,3540.0,59.0,"B0950+08 [2.588127636570647, 0.13834522000721441, 'J2000'",,,
./sched_archive/sched_2024-10-02.txt,2024-10-03T05:01,2024-10-03T06:00,3540.0,59.0,"B0950+08 [2.588127636570647, 0.13834522000721441, 'J2000'",,,
./sched_archive/sched_2024-10-02.txt,2024-10-03T06:01,2024-10-03T07:00,3540.0,59.0,"B0950+08 [2.588127636570647, 0.13834522000721441, 'J2000'",,,
./sched_archive/sched_2024-10-02.txt,2024-10-03T07:01,2024-10-03T08:00,3540.0,59.0,"B0950+08 [2.588127636570647, 0.13834522000721441, 'J2000'",,,
./sched_archive/sched_2024-10-02.txt,2024-10-03T08:01,2024-10-03T09:00,3540.0,59.0,"B0950+08 [2.588127636570647, 0.13834522000721441, 'J2000'",,,
./sched_archive/sched_2024-10-02.txt,2024-10-03T09:01,2024-10-03T10:00,3540.0,59.0,"B0950+08 [2.588127636570647, 0.13834522000721441, 'J2000'",,,
./sched_archive/sched_2024-10-02.txt,2024-10-03T10:01,2024-10-03T11:00,3540.0,59.0,"B0950+08 [2.588127636570647, 0.13834522000721441, 'J2000'",,,
./sched_archive/sched_2024-10-02.txt,2024-10-03T11:01,2024-10-03T12:00,3540.0,59.0,"B0950+08 [2.588127636570647, 0.13834522000721441, 'J2000'",,,
./sched_archive/sched_2024-10-02.txt,2024-10-03T12:01,2024-10-03T13:00,3540.0,59.0,"B0950+08 [2.588127636570647, 0.13834522000721441, 'J2000'",,,
./sched_archive/sched_2024-10-02.txt,2024-10-03T13:01,2024-10-03T14:00,3540.0,59.0,"B0950+08 [2.588127636570647, 0.13834522000721441, 'J2000'",,,
./sched_archive/sched_2024-10-02.txt,2024-10-03T14:01,2024-10-03T15:00,3540.0,59.0,"B0950+08 [2.588127636570647, 0.13834522000721441, 'J2000'",,,
./sched_archive/sched_2024-10-02.txt,2024-10-03T15:01,2024-10-03T16:00,3540.0,59.0,"B0950+08 [2.588127636570647, 0.13834522000721441, 'J2000'",,,
./sched_archive/sched_2024-10-03.txt,2024-10-03T17:01,2024-10-03T18:00,3540.0,59.0,"B2217+47 [5.845990437920257, 0.8362741717235062, 'J2000'",,,
./sched_archive/sched_2024-10-03.txt,2024-10-03T18:01,2024-10-03T19:00,3540.0,59.0,"B2217+47 [5.845990437920257, 0.8362741717235062, 'J2000'",,,
./sched_archive/sched_2024-10-03.txt,2024-10-03T19:01,2024-10-03T20:00,3540.0,59.0,"B2217+47 [5.845990437920257, 0.8362741717235062, 'J2000'",,,
./sched_archive/sched_2024-10-03.txt,2024-10-03T20:01,2024-10-03T21:00,3540.0,59.0,"B2217+47 [5.845990437920257, 0.8362741717235062, 'J2000'",,,
./sched_archive/sched_2024-10-03.txt,2024-10-03T21:01,2024-10-03T22:00,3540.0,59.0,"B2217+47 [5.845990437920257, 0.8362741717235062, 'J2000'",,,
./sched_archive/sched_2024-10-03.txt,2024-10-03T22:01,2024-10-03T23:00,3540.0,59.0,"B2217+47 [5.845990437920257, 0.8362741717235062, 'J2000'",,,
./sched_archive/sched_2024-10-03.txt,2024-10-03T23:01,2024-10-04T00:00,3540.0,59.0,"B2217+47 [5.845990437920257, 0.8362741717235062, 'J2000'",,,
./sched_archive/sched_2024-10-03.txt,2024-10-04T00:01,2024-10-04T01:00,3540.0,59.0,"B2217+47 [5.845990437920257, 0.8362741717235062, 'J2000'",,,
./sched_archive/sched_2024-10-03.txt,2024-10-04T01:01,2024-10-04T02:00,3540.0,59.0,"B2217+47 [5.845990437920257, 0.8362741717235062, 'J2000'",,,
./sched_archive/sched_2024-10-03.txt,2024-10-04T02:01,2024-10-04T03:00,3540.0,59.0,"B2217+47 [5.845990437920257, 0.8362741717235062, 'J2000'",,,
./sched_archive/sched_2024-10-03.txt,2024-10-04T03:01,2024-10-04T04:00,3540.0,59.0,"B2217+47 [5.845990437920257, 0.8362741717235062, 'J2000'",,,
./sched_archive/sched_2024-10-03.txt,2024-10-04T04:01,2024-10-04T05:00,3540.0,59.0,"B2217+47 [5.845990437920257, 0.8362741717235062, 'J2000'",,,
./sched_archive/sched_2024-10-03.txt,2024-10-04T05:01,2024-10-04T06:00,3540.0,59.0,"B2217+47 [5.845990437920257, 0.8362741717235062, 'J2000'",,,
./sched_archive/sched_2024-10-03.txt,2024-10-04T06:01,2024-10-04T07:00,3540.0,59.0,"B2217+47 [5.845990437920257, 0.8362741717235062, 'J2000'",,,
./sched_archive/sched_2024-10-03.txt,2024-10-04T07:01,2024-10-04T08:00,3540.0,59.0,"B2217+47 [5.845990437920257, 0.8362741717235062, 'J2000'",,,
./sched_archive/sched_2024-10-03.txt,2024-10-04T08:01,2024-10-04T09:00,3540.0,59.0,"B2217+47 [5.845990437920257, 0.8362741717235062, 'J2000'",,,
./sched_archive/sched_2024-10-06.txt,2024-10-06T06:45,2024-10-06T08:30,6300.0,105.0,J0740+6620,2.010458783638654,1.1578975783386318,J2000
./sched_archive/sched_2024-10-06.txt,2024-10-06T08:31,2024-10-06T09:30,3540.0,59.0,J1022+1001_PSR,2.718205665819409,0.17508003705071412,J2000
./sched_archive/sched_2024-10-07.txt,2024-10-07T15:01,2024-10-07T17:00,7140.0,119.0,Sun357,,,
./sched_archive/sched_2024-10-07.txt,2024-10-07T17:01,2024-10-07T18:00,3540.0,59.0,"J1012+5307   [2.6727854681111443, 0.9270716946783638, 'J2000'",,,
./sched_archive/sched_2024-10-07.txt,2024-10-07T18:01,2024-10-07T20:30,8940.0,149.0,"FRB20240114A  [5.61849411485, 0.0755647106435, 'J2000'",,,
./sched_archive/sched_2024-10-07.txt,2024-10-07T20:31,2024-10-07T21:30,3540.0,59.0,"J2145-0750_PSR [5.697805941281582, -0.1368075848974223, 'J2000'",,,
./sched_archive/sched_2024-10-07.txt,2024-10-07T21:31,2024-10-08T00:00,8940.0,149.0,FRB20240203,0.155403,0.276421,J2000
./sched_archive/sched_2024-10-07.txt,2024-10-08T00:01,2024-10-08T03:00,10740.0,179.0,J0311+1402,0.83486428505,0.24507040691,J2000
./sched_archive/sched_2024-10-07.txt,2024-10-08T03:01,2024-10-08T05:00,7140.0,119.0,FRB20201124A,1.34416,0.454845,J2000
./sched_archive/sched_2024-10-07.txt,2024-10-08T05:01,2024-10-08T05:30,1740.0,29.0,Crab_PSR,1.4596732110242794,0.3842252837309499,J2000
./sched_archive/sched_2024-10-07.txt,2024-10-08T05:31,2024-10-08T06:30,3540.0,59.0,B0656+14_PSR,1.831737303548451,0.2485125840158764,J2000
./sched_archive/sched_2024-10-07.txt,2024-10-08T06:31,2024-10-08T07:30,3540.0,59.0,FRB20180301A,1.62712,0.0815253,J2000
./sched_archive/sched_2024-10-07.txt,2024-10-08T07:31,2024-10-08T08:30,3540.0,59.0,J0549+34,1.5253450441908774,0.5936107192873269,J2000
./sched_archive/sched_2024-10-07.txt,2024-10-08T08:31,2024-10-08T09:59,5280.0,88.0,J0746+55,2.0367426739815624,0.964118391393294,J2000
./sched_archive/sched_2024-10-07.txt,2024-10-08T10:00,2024-10-08T14:00,14400.0,240.0,Sun357,,,
./sched_archive/sched_2024-10-14.txt,2024-10-14T20:16,2024-10-14T21:30,4440.0,74.0,J2215+45,5.828447029215017,0.7925890604631511,J2000
./sched_archive/sched_2024-10-14.txt,2024-10-15T03:01,2024-10-15T06:00,10740.0,179.0,J0746+55,2.0367426739815624,0.964118391393294,J2000
./sched_archive/sched_2024-10-15.txt,2024-10-15T18:06,2024-10-15T19:26,4800.0,80.0,LOFTS0056,5.3789813982259504,1.0017989193583472,J2000
./sched_archive/sched_2024-10-15.txt,2024-10-15T19:27,2024-10-15T20:47,4800.0,80.0,LOFTS0057,5.73337822495315,1.0017989193583472,J2000
./sched_archive/sched_2024-10-15.txt,2024-10-15T20:48,2024-10-15T22:08,4800.0,80.0,LOFTS0058,6.0877750516803495,1.0017989193583472,J2000
./sched_archive/sched_2024-10-15.txt,2024-10-15T22:09,2024-10-15T23:29,4800.0,80.0,LOFTS0059,0.15898657122790635,1.0017989193583472,J2000
./sched_archive/sched_2024-10-15.txt,2024-10-15T23:30,2024-10-16T00:50,4800.0,80.0,LOFTS0060,0.5133833979551063,1.0017989193583472,J2000
./sched_archive/sched_2024-10-15.txt,2024-10-16T00:51,2024-10-16T02:11,4800.0,80.0,LOFTS0061,0.8677802245769396,1.0017989193583472,J2000
./sched_archive/sched_2024-10-15.txt,2024-10-16T02:12,2024-10-16T03:32,4800.0,80.0,LOFTS0062,1.2221770511367638,1.0017989193583472,J2000
./sched_archive/sched_2024-10-15.txt,2024-10-16T03:33,2024-10-16T04:53,4800.0,80.0,LOFTS0063,1.57657387769656,1.0017989193583472,J2000
./sched_archive/sched_2024-10-15.txt,2024-10-16T04:54,2024-10-16T06:14,4800.0,80.0,LOFTS0064,1.9309707042563844,1.0017989193583472,J2000
./sched_archive/sched_2024-10-15.txt,2024-10-16T06:15,2024-10-16T06:21,360.0,6.0,B1508+55,1.59393,0.91258,J2000
./sched_archive/sched_2024-10-15.txt,2024-10-16T06:22,2024-10-16T07:42,4800.0,80.0,LOFTS0065,2.315994417062142,1.0017989193583472,J2000
./sched_archive/sched_2024-10-15.txt,2024-10-16T07:43,2024-10-16T09:03,4800.0,80.0,LOFTS0066,2.6703912436219666,1.0017989193583472,J2000
./sched_archive/sched_2024-10-15.txt,2024-10-16T09:04,2024-10-16T10:24,4800.0,80.0,LOFTS0067,3.02478807018182,1.0017989193583472,J2000
./sched_archive/sched_2024-10-15.txt,2024-10-16T10:25,2024-10-16T11:45,4800.0,80.0,LOFTS0068,3.3791848967416156,1.0017989193583472,J2000
./sched_archive/sched_2024-10-15.txt,2024-10-16T11:46,2024-10-16T13:06,4800.0,80.0,LOFTS0069,3.73358172330144,1.0017989193583472,J2000
./sched_archive/sched_2024-10-15.txt,2024-10-16T13:07,2024-10-16T14:27,4800.0,80.0,LOFTS0070,4.087978549861293,1.0017989193583472,J2000
./sched_archive/sched_2024-10-15.txt,2024-10-16T14:28,2024-10-16T15:48,4800.0,80.0,LOFTS0071,4.442375376421118,1.0017989193583472,J2000
./sched_archive/sched_2024-10-15.txt,2024-10-16T15:49,2024-10-16T17:09,4800.0,80.0,LOFTS0072,4.796772202980914,1.0017989193583472,J2000
./sched_archive/sched_2024-10-15.txt,2024-10-16T17:10,2024-10-16T18:30,4800.0,80.0,LOFTS0073,5.151169029540767,1.0017989193583472,J2000
./sched_archive/sched_2024-10-17.txt,2024-10-17T18:00,2024-10-17T20:00,7200.0,120.0,J1939+2134,5.147162219044071,0.3766959606764898,J2000
./sched_archive/sched_2024-10-17.txt,2024-10-17T20:01,2024-10-17T21:00,3540.0,59.0,J2145-0750,5.697805941281582,-0.1368075848974223,J2000
./sched_archive/sched_2024-10-17.txt,2024-10-17T21:01,2024-10-17T22:00,3540.0,59.0,J2222-0137,5.85601574971544,-0.006613924230805149,J2000
./sched_archive/sched_2024-10-17.txt,2024-10-17T22:01,2024-10-17T22:34,1980.0,33.0,J2317+1439,6.096234037102979,0.25584245528916,J2000
./sched_archive/sched_2024-10-17.txt,2024-10-17T22:35,2024-10-17T23:41,3960.0,66.0,J2355+15,6.262241356155655,0.27052603405912107,J2000
./sched_archive/sched_2024-10-17.txt,2024-10-17T23:42,2024-10-18T00:50,4080.0,68.0,J0104+64_PSR,0.2819539944266119,1.1282095983995617,J2000
./sched_archive/sched_2024-10-17.txt,2024-10-18T00:51,2024-10-18T01:50,3540.0,59.0,J0220+3622_PSR,0.6139376732126479,0.6361463720709123,J2000
./sched_archive/sched_2024-10-17.txt,2024-10-18T01:51,2024-10-18T02:35,2640.0,44.0,J0318+1341_PSR,0.8631161626755033,0.23518984024780965,J2000
./sched_archive/sched_2024-10-17.txt,2024-10-18T02:36,2024-10-18T04:00,5040.0,84.0,J0355+28_PSR,1.0270464380347102,0.49994759535693534,J2000
./sched_archive/sched_2024-10-18.txt,2024-10-18T06:20,2024-10-18T07:59,5940.0,99.0,J0746+55,2.0367426739815624,0.964118391393294,J2000
./sched_archive/sched_2024-10-18.txt,2024-10-18T08:00,2024-10-18T09:00,3600.0,60.0,J0939+45,2.528618475878951,0.7897614865274342,J2000
./sched_archive/sched_2024-10-20_night.txt,2024-10-20T22:30,2024-10-20T23:29,3540.0,59.0,J0054+66,0.23965048401074893,1.1665753533918115,J2000
./sched_archive/sched_2024-10-20_night.txt,2024-10-20T23:30,2024-10-21T00:29,3540.0,59.0,J0103+54,0.27472465292560155,0.9413712871956963,J2000
./sched_archive/sched_2024-10-20_night.txt,2024-10-21T00:30,2024-10-21T01:29,3540.0,59.0,J0209+58,0.565571080488881,1.012224498588882,J2000
./sched_archive/sched_2024-10-20_night.txt,2024-10-21T01:30,2024-10-21T02:29,3540.0,59.0,J0311+1402,0.83486428505,0.24507040691,J2000
./sched_archive/sched_2024-10-20_night.txt,2024-10-21T02:30,2024-10-21T03:29,3540.0,59.0,J0348+79,0.9961466705757633,1.3841721483885918,J2000
./sched_archive/sched_2024-10-20_night.txt,2024-10-21T03:30,2024-10-21T03:59,1740.0,29.0,Crab_PSR,1.4596732110242794,0.3842252837309499,J2000
./sched_archive/sched_2024-10-20_night.txt,2024-10-21T04:00,2024-10-21T04:59,3540.0,59.0,J0621+1002,1.664034314166146,0.17530249516576954,J2000
./sched_archive/sched_2024-10-20_night.txt,2024-10-21T05:00,2024-10-21T05:59,3540.0,59.0,B0656+14_PSR,1.831737303548451,0.2485125840158764,J2000
./sched_archive/sched_2024-10-20_night.txt,2024-10-21T06:00,2024-10-21T06:59,3540.0,59.0,J0746+55,2.0367426739815624,0.964118391393294,J2000
./sched_archive/sched_2024-10-20_night.txt,2024-10-21T07:00,2024-10-21T07:59,3540.0,59.0,J0939+45,2.528618475878951,0.7897614865274342,J2000
./sched_archive/sched_2024-10-21.txt,2024-10-21T20:45,2024-10-21T22:59,8040.0,134.0,J2138+69,5.667302247382087,1.2186906946154739,J2000
./sched_archive/sched_2024-10-21.txt,2024-10-21T23:00,2024-10-21T23:44,2640.0,44.0,J0034-0534_PSR,0.1499403707045897,-0.09733420048376587,J2000
./sched_archive/sched_2024-10-21.txt,2024-10-21T23:45,2024-10-22T00:29,2640.0,44.0,J0103+54,0.27472465292560155,0.9413712871956963,J2000
./sched_archive/sched_2024-10-21.txt,2024-10-22T00:30,2024-10-22T01:29,3540.0,59.0,J0209+58,0.565571080488881,1.012224498588882,J2000
./sched_archive/sched_2024-10-21.txt,2024-10-22T01:30,2024-10-22T02:29,3540.0,59.0,J0311+1402,0.83486428505,0.24507040691,J2000
./sched_archive/sched_2024-10-21.txt,2024-10-22T02:30,2024-10-22T03:29,3540.0,59.0,J0348+79,0.9961466705757633,1.3841721483885918,J2000
./sched_archive/sched_2024-10-21.txt,2024-10-22T03:30,2024-10-22T03:59,1740.0,29.0,Crab_PSR,1.4596732110242794,0.3842252837309499,J2000
./sched_archive/sched_2024-10-24_take4.txt,2024-10-24T18:50,2024-10-24T18:55,300.0,5.0,"J1931+4229 [5.110286484688845, 0.741570367301345, 'J2000'",,,
./sched_archive/sched_2024-10-24_test.txt,2024-10-24T18:40,2024-10-24T19:30,3000.0,50.0,"J1931+4229 [5.110286484688845, 0.741570367301345, 'J2000'",,,
./sched_archive/sched_2024-10-24_test_take2.txt,2024-10-24T17:50,2024-10-24T18:20,1800.0,30.0,"J1931+4229 [5.110286484688845, 0.741570367301345, 'J2000'",,,
./sched_archive/sched_2024-10-24_test_take3.txt,2024-10-24T18:20,2024-10-24T18:30,600.0,10.0,"J1931+4229 [5.110286484688845, 0.741570367301345, 'J2000'",,,
./sched_archive/sched_2024-10-25_dmckennatest.txt,2024-10-25T08:20,2024-10-25T08:30,600.0,10.0,J0939+45,2.528618475878951,0.7897614865274342,J2000
./sched_archive/sched_2024-10-29-GOTO.txt,2024-10-30T01:00,2024-10-30T03:55,10500.0,175.0,GOTO065054.49+593624.51,1.7929251079167363,1.0403350619636826,J2000
./sched_archive/sched_2024-10-29-GOTO.txt,2024-10-30T04:01,2024-10-30T07:00,10740.0,179.0,GOTO065054.49+593624.51,1.7929251079167363,1.0403350619636826,J2000
./sched_archive/sched_2024-10-30-CHIME.txt,2024-10-30T07:50,2024-10-30T08:44,3240.0,54.0,J1048+53,2.829469606,0.937188479,J2000
./sched_archive/sched_2024-10-30-CHIME.txt,2024-10-30T08:45,2024-10-30T09:47,3720.0,62.0,J1246+53,3.367612792,0.937067275,J2000
./sched_archive/sched_2024-10-30-CHIME.txt,2024-10-30T09:48,2024-10-30T11:16,5280.0,88.0,J1252+53,3.368485456,0.937241808,J2000
./sched_archive/sched_2024-10-30-CHIME.txt,2024-10-30T11:17,2024-10-30T13:19,7320.0,122.0,J1541+47,4.105887065,0.821177413,J2000
./sched_archive/sched_2024-10-30-CHIME.txt,2024-10-30T13:20,2024-10-30T14:58,5880.0,98.0,J1732+54,4.593124815,0.948974299,J2000
./sched_archive/sched_2024-10-30-CHIME.txt,2024-10-30T14:59,2024-10-30T16:09,4200.0,70.0,J1838+5051,4.878267981,0.888372589,J2000
./sched_archive/sched_2024-10-30-CHIME.txt,2024-10-30T16:10,2024-10-30T16:57,2820.0,47.0,J1943+58,5.161811263,1.016072513,J2000
./sched_archive/sched_2024-10-30-CHIME.txt,2024-10-30T16:58,2024-10-30T17:38,2400.0,40.0,J2041+55,5.41721111,0.974596702,J2000
./sched_archive/sched_2024-10-30-CHIME.txt,2024-10-30T17:39,2024-10-30T18:02,1380.0,23.0,J2100+50,5.502150467,0.888871947,J2000
./sched_archive/sched_2024-10-30-CHIME.txt,2024-10-30T18:03,2024-10-30T18:56,3180.0,53.0,J2125+52,5.609197328,0.913209594,J2000
./sched_archive/sched_2024-10-30-CHIME.txt,2024-10-30T18:57,2024-10-30T19:11,840.0,14.0,J2155+47,5.740097022,0.824949264,J2000
./sched_archive/sched_2024-10-30-CHIME.txt,2024-10-30T19:12,2024-10-30T20:25,4380.0,73.0,J2300+50,6.023131249,0.878836304,J2000
./sched_archive/sched_2024-10-30-CHIME.txt,2024-10-30T20:26,2024-10-30T21:16,3000.0,50.0,J0012+5431,0.054054301,0.951723193,J2000
./sched_archive/sched_2024-10-30-CHIME.txt,2024-10-30T21:17,2024-10-30T21:51,2040.0,34.0,J0039+54,0.17046049,0.946458116,J2000
./sched_archive/sched_2024-10-30-CHIME.txt,2024-10-30T21:52,2024-10-30T22:49,3420.0,57.0,J0121+5329,0.354810893,0.933576617,J2000
./sched_archive/sched_2024-10-30-CHIME.txt,2024-10-30T22:50,2024-10-30T23:07,1020.0,17.0,J0209+58,0.563741348,1.015786473,J2000
./sched_archive/sched_2024-10-30-CHIME.txt,2024-10-30T23:08,2024-10-31T00:00,3120.0,52.0,J0250+52,0.742128542,0.920093948,J2000
./sched_archive/sched_2024-11-19.txt,2024-11-19T01:30,2024-11-19T02:29,3540.0,59.0,"B1133+16 [3.0370997767284815, 0.276703447565493, 'J2000'",,,
./sched_archive/sched_2024-11-19.txt,2024-11-19T02:30,2024-11-19T03:29,3540.0,59.0,"B1133+16 [3.0370997767284815, 0.276703447565493, 'J2000'",,,
./sched_archive/sched_2024-11-19.txt,2024-11-19T03:30,2024-11-19T04:29,3540.0,59.0,"B1133+16 [3.0370997767284815, 0.276703447565493, 'J2000'",,,
./sched_archive/sched_2024-11-19.txt,2024-11-19T04:30,2024-11-19T05:29,3540.0,59.0,"B1133+16 [3.0370997767284815, 0.276703447565493, 'J2000'",,,
./sched_archive/sched_2024-11-19.txt,2024-11-19T05:30,2024-11-19T06:29,3540.0,59.0,"B1133+16 [3.0370997767284815, 0.276703447565493, 'J2000'",,,
./sched_archive/sched_2024-11-19.txt,2024-11-19T06:30,2024-11-19T07:29,3540.0,59.0,B1133+16,3.0370997767284815,0.276703447565493,J2000
./sched_archive/sched_2024-11-19.txt,2024-11-19T07:30,2024-11-19T08:29,3540.0,59.0,B1133+16,3.0370997767284815,0.276703447565493,J2000
./sched_archive/sched_2024-11-19.txt,2024-11-19T08:30,2024-11-19T09:29,3540.0,59.0,B1133+16,3.0370997767284815,0.276703447565493,J2000
./sched_archive/sched_2024-11-19.txt,2024-11-19T09:30,2024-11-19T10:29,3540.0,59.0,B1133+16,3.0370997767284815,0.276703447565493,J2000
./sched_archive/sched_2024-11-19.txt,2024-11-19T10:30,2024-11-19T11:29,3540.0,59.0,B1133+16,3.0370997767284815,0.276703447565493,J2000
./sched_archive/sched_2024-11-19.txt,2024-11-19T11:30,2024-11-19T12:29,3540.0,59.0,"B1133+16 [3.0370997767284815, 0.276703447565493, 'J2000'",,,
./sched_archive/sched_2024-11-19.txt,2024-11-19T12:30,2024-11-19T13:29,3540.0,59.0,"B1133+16 [3.0370997767284815, 0.276703447565493, 'J2000'",,,
./sched_archive/sched_2024-11-19.txt,2024-11-19T13:30,2024-11-19T14:29,3540.0,59.0,"B1133+16 [3.0370997767284815, 0.276703447565493, 'J2000'",,,
./sched_archive/sched_2024-11-19.txt,2024-11-19T14:30,2024-11-19T15:29,3540.0,59.0,"B1133+16 [3.0370997767284815, 0.276703447565493, 'J2000'",,,
./sched_archive/sched_2024-11-20.txt,2024-11-19T18:06,2024-11-19T19:26,4800.0,80.0,LOFTS0110,5.981078523697676,1.0017989193583472,J2000
./sched_archive/sched_2024-11-20.txt,2024-11-19T19:27,2024-11-19T20:47,4800.0,80.0,LOFTS0111,0.052290048268390704,1.0017989193583472,J2000
./sched_archive/sched_2024-11-20.txt,2024-11-19T20:48,2024-11-19T22:08,4800.0,80.0,LOFTS0112,0.40668688001866476,1.0017989193583472,J2000
./sched_archive/sched_2024-11-20.txt,2024-11-19T22:09,2024-11-19T23:29,4800.0,80.0,LOFTS0113,0.7610837117689382,1.0017989193583472,J2000
./sched_archive/sched_2024-11-20.txt,2024-11-19T23:30,2024-11-20T00:50,4800.0,80.0,LOFTS0114,1.1154805435192119,1.0017989193583472,J2000
./sched_archive/sched_2024-11-20.txt,2024-11-20T00:51,2024-11-20T02:11,4800.0,80.0,LOFTS0115,1.4698773749490235,1.0017989193583472,J2000
./sched_archive/sched_2024-11-20.txt,2024-11-20T02:12,2024-11-20T03:32,4800.0,80.0,LOFTS0116,1.8242742061902641,1.0017989193583472,J2000
./sched_archive/sched_2024-11-20.txt,2024-11-20T03:33,2024-11-20T04:53,4800.0,80.0,LOFTS0117,2.178671037431505,1.0017989193583472,J2000
./sched_archive/sched_2024-11-20.txt,2024-11-20T04:54,2024-11-20T06:14,4800.0,80.0,LOFTS0118,2.5330678686727746,1.0017989193583472,J2000
./sched_archive/sched_2024-11-20.txt,2024-11-20T06:15,2024-11-20T06:21,360.0,6.0,B1508+55,1.59393,0.91258,J2000
./sched_archive/sched_2024-11-20.txt,2024-11-20T06:22,2024-11-20T07:42,4800.0,80.0,LOFTS0119,2.918091586564505,1.0017989193583472,J2000
./sched_archive/sched_2024-11-20.txt,2024-11-20T07:43,2024-11-20T09:03,4800.0,80.0,LOFTS0120,3.272488417805717,1.0017989193583472,J2000
./sched_archive/sched_2024-11-20.txt,2024-11-20T09:04,2024-11-20T10:24,4800.0,80.0,LOFTS0121,3.6268852490469867,1.0017989193583472,J2000
./sched_archive/sched_2024-11-20.txt,2024-11-20T10:25,2024-11-20T11:45,4800.0,80.0,LOFTS0122,3.981282080288256,1.0017989193583472,J2000
./sched_archive/sched_2024-11-20.txt,2024-11-20T11:46,2024-11-20T13:06,4800.0,80.0,LOFTS0123,4.3356789115294685,1.0017989193583472,J2000
./sched_archive/sched_2024-11-20.txt,2024-11-20T13:07,2024-11-20T14:27,4800.0,80.0,LOFTS0124,4.690075742770709,1.0017989193583472,J2000
./sched_archive/sched_2024-11-20.txt,2024-11-20T14:28,2024-11-20T15:48,4800.0,80.0,LOFTS0125,5.044472574011978,1.0017989193583472,J2000
./sched_archive/sched_2024-11-20.txt,2024-11-20T15:49,2024-11-20T17:09,4800.0,80.0,LOFTS0126,5.398869405253221,1.0017989193583472,J2000
./sched_archive/sched_2024-11-20.txt,2024-11-20T17:10,2024-11-20T18:00,3000.0,50.0,LOFTS0127,5.753266236494461,1.0017989193583472,J2000
./sched_archive/sched_2024-11-21.txt,2024-11-18T23:30,2024-11-19T00:29,3540.0,59.0,"B1946+35 [5.1854464169650685, 0.6225543723933645, 'J2000'",,,
./sched_archive/sched_2024-11-21.txt,2024-11-19T00:30,2024-11-19T01:29,3540.0,59.0,"B1946+35 [5.1854464169650685, 0.6225543723933645, 'J2000'",,,
./sched_archive/sched_2024-11-21.txt,2024-11-19T01:30,2024-11-19T02:29,3540.0,59.0,"B1946+35 [5.1854464169650685, 0.6225543723933645, 'J2000'",,,
./sched_archive/sched_2024-11-21.txt,2024-11-19T02:30,2024-11-19T03:29,3540.0,59.0,"B1946+35 [5.1854464169650685, 0.6225543723933645, 'J2000'",,,
./sched_archive/sched_2024-11-21.txt,2024-11-19T03:30,2024-11-19T04:29,3540.0,59.0,"B1946+35 [5.1854464169650685, 0.6225543723933645, 'J2000'",,,
./sched_archive/sched_2024-11-21.txt,2024-11-19T04:30,2024-11-19T05:29,3540.0,59.0,"B1946+35 [5.1854464169650685, 0.6225543723933645, 'J2000'",,,
./sched_archive/sched_2024-11-21.txt,2024-11-19T05:30,2024-11-19T06:29,3540.0,59.0,"B1946+35 [5.1854464169650685, 0.6225543723933645, 'J2000'",,,
./sched_archive/sched_2024-11-21.txt,2024-11-19T06:30,2024-11-19T07:29,3540.0,59.0,"B1946+35 [5.1854464169650685, 0.6225543723933645, 'J2000'",,,
./sched_archive/sched_2024-11-21.txt,2024-11-19T07:30,2024-11-19T08:29,3540.0,59.0,"B1946+35 [5.1854464169650685, 0.6225543723933645, 'J2000'",,,
./sched_archive/sched_2024-11-21.txt,2024-11-19T08:30,2024-11-19T09:29,3540.0,59.0,"B1946+35 [5.1854464169650685, 0.6225543723933645, 'J2000'",,,
./sched_archive/sched_2024-11-21.txt,2024-11-19T09:30,2024-11-19T10:29,3540.0,59.0,"B1946+35 [5.1854464169650685, 0.6225543723933645, 'J2000'",,,
./sched_archive/sched_2024-11-21.txt,2024-11-19T10:30,2024-11-19T11:29,3540.0,59.0,"B1946+35 [5.1854464169650685, 0.6225543723933645, 'J2000'",,,
./sched_archive/sched_2024-11-21.txt,2024-11-19T11:30,2024-11-19T12:29,3540.0,59.0,B1946+35,5.1854464169650685,0.6225543723933645,J2000
./sched_archive/sched_2024-11-21.txt,2024-11-19T12:30,2024-11-19T13:29,3540.0,59.0,B1946+35,5.1854464169650685,0.6225543723933645,J2000
./sched_archive/sched_2024-11-21.txt,2024-11-19T13:30,2024-11-19T14:29,3540.0,59.0,B1946+35,5.1854464169650685,0.6225543723933645,J2000
./sched_archive/sched_2024-11-21.txt,2024-11-19T14:30,2024-11-19T15:29,3540.0,59.0,B1946+35,5.1854464169650685,0.6225543723933645,J2000
./sched_archive/sched_2024-11-21.txt,2024-11-19T15:30,2024-11-19T16:29,3540.0,59.0,B1946+35,5.1854464169650685,0.6225543723933645,J2000
./sched_archive/sched_2024-11-21.txt,2024-11-19T16:30,2024-11-19T17:29,3540.0,59.0,B1946+35,5.1854464169650685,0.6225543723933645,J2000
./sched_archive/sched_2024-11-21_1.txt,2024-11-21T14:30,2024-11-21T15:29,3540.0,59.0,"B1946+35 [5.1854464169650685, 0.6225543723933645, 'J2000'",,,
./sched_archive/sched_2024-11-21_1.txt,2024-11-21T15:30,2024-11-21T16:29,3540.0,59.0,"B1946+35 [5.1854464169650685, 0.6225543723933645, 'J2000'",,,
./sched_archive/sched_2024-11-21_1.txt,2024-11-21T16:30,2024-11-21T17:29,3540.0,59.0,"B1946+35 [5.1854464169650685, 0.6225543723933645, 'J2000'",,,
./sched_archive/sched_2024-11-21_1.txt,2024-11-21T17:30,2024-11-21T18:29,3540.0,59.0,"B1946+35 [5.1854464169650685, 0.6225543723933645, 'J2000'",,,
./sched_archive/sched_2024-11-21_1.txt,2024-11-21T18:30,2024-11-21T19:29,3540.0,59.0,"B1946+35 [5.1854464169650685, 0.6225543723933645, 'J2000'",,,
./sched_archive/sched_2024-11-21_1.txt,2024-11-21T19:30,2024-11-21T20:29,3540.0,59.0,"B1946+35 [5.1854464169650685, 0.6225543723933645, 'J2000'",,,
./sched_archive/sched_2024-11-21_2.txt,2024-11-21T21:00,2024-11-21T21:29,1740.0,29.0,"B1946+35 [5.1854464169650685, 0.6225543723933645, 'J2000'",,,
./sched_archive/sched_2024-11-21_2.txt,2024-11-21T21:30,2024-11-21T22:29,3540.0,59.0,"B1946+35 [5.1854464169650685, 0.6225543723933645, 'J2000'",,,
./sched_archive/sched_2024-11-21_2.txt,2024-11-21T22:30,2024-11-21T23:29,3540.0,59.0,"B1946+35 [5.1854464169650685, 0.6225543723933645, 'J2000'",,,
./sched_archive/sched_2024-11-21_2.txt,2024-11-21T23:30,2024-11-22T00:29,3540.0,59.0,"B1946+35 [5.1854464169650685, 0.6225543723933645, 'J2000'",,,
./sched_archive/sched_2024-11-21_2.txt,2024-11-22T00:30,2024-11-22T01:29,3540.0,59.0,"B1946+35 [5.1854464169650685, 0.6225543723933645, 'J2000'",,,
./sched_archive/sched_2024-11-21_2.txt,2024-11-22T01:30,2024-11-22T02:29,3540.0,59.0,"B1946+35 [5.1854464169650685, 0.6225543723933645, 'J2000'",,,
./sched_archive/sched_2024-11-22.txt,2024-11-22T06:30,2024-11-22T08:29,7140.0,119.0,"B1946+35 [5.1854464169650685, 0.6225543723933645, 'J2000'",,,
./sched_archive/sched_2024-11-22.txt,2024-11-22T08:30,2024-11-22T10:29,7140.0,119.0,"B1946+35 [5.1854464169650685, 0.6225543723933645, 'J2000'",,,
./sched_archive/sched_2024-11-22.txt,2024-11-22T10:30,2024-11-22T12:29,7140.0,119.0,"B1946+35 [5.1854464169650685, 0.6225543723933645, 'J2000'",,,
./sched_archive/sched_2024-11-22.txt,2024-11-22T12:30,2024-11-22T14:29,7140.0,119.0,"B1946+35 [5.1854464169650685, 0.6225543723933645, 'J2000'",,,
./sched_archive/sched_2024-11-22.txt,2024-11-22T14:30,2024-11-22T16:29,7140.0,119.0,"B1946+35 [5.1854464169650685, 0.6225543723933645, 'J2000'",,,
./sched_archive/sched_2024-11-22.txt,2024-11-22T16:30,2024-11-22T18:29,7140.0,119.0,"B1946+35 [5.1854464169650685, 0.6225543723933645, 'J2000'",,,
./sched_archive/sched_2024-11-22.txt,2024-11-22T18:30,2024-11-22T20:29,7140.0,119.0,"B1946+35 [5.1854464169650685, 0.6225543723933645, 'J2000'",,,
./sched_archive/sched_2024-11-22.txt,2024-11-22T20:30,2024-11-22T22:29,7140.0,119.0,"B1946+35 [5.1854464169650685, 0.6225543723933645, 'J2000'",,,
./sched_archive/sched_2024-11-22.txt,2024-11-22T22:30,2024-11-23T00:29,7140.0,119.0,"B1946+35 [5.1854464169650685, 0.6225543723933645, 'J2000'",,,
./sched_archive/sched_2024-11-22.txt,2024-11-23T00:30,2024-11-23T02:29,7140.0,119.0,"B1946+35 [5.1854464169650685, 0.6225543723933645, 'J2000'",,,
./sched_archive/sched_2024-12-05.txt,2024-12-05T14:00,2024-12-05T14:59,3540.0,59.0,"J2145-0750_PSR [5.697805941281582, -0.1368075848974223, 'J2000'",,,
./sched_archive/sched_2024-12-05.txt,2024-12-05T15:00,2024-12-05T15:59,3540.0,59.0,"J2145-0750_PSR [5.697805941281582, -0.1368075848974223, 'J2000'",,,
./sched_archive/sched_2024-12-05.txt,2024-12-05T16:00,2024-12-05T16:59,3540.0,59.0,J2145-0750_PSR,5.697805941281582,-0.1368075848974223,J2000
./sched_archive/sched_2024-12-05.txt,2024-12-05T17:00,2024-12-05T17:59,3540.0,59.0,J2145-0750_PSR,5.697805941281582,-0.1368075848974223,J2000
./sched_archive/sched_2024-12-05.txt,2024-12-05T18:00,2024-12-05T18:59,3540.0,59.0,"J2145-0750_PSR [5.697805941281582, -0.1368075848974223, 'J2000'",,,
./sched_archive/sched_2024-12-05.txt,2024-12-05T19:00,2024-12-05T19:59,3540.0,59.0,"J2145-0750_PSR [5.697805941281582, -0.1368075848974223, 'J2000'",,,
./sched_archive/sched_2024-12-05.txt,2024-12-05T20:00,2024-12-05T20:59,3540.0,59.0,"J2145-0750_PSR [5.697805941281582, -0.1368075848974223, 'J2000'",,,
./sched_archive/sched_20241108a.txt,2024-11-08T09:30,2024-11-08T15:00,19800.0,330.0,Sun357,,,
./sched_archive/sched_20241109.txt,2024-11-09T02:01,2024-11-09T03:00,3540.0,59.0,"J1012+5307   [2.6727854681111443, 0.9270716946783638, 'J2000'",,,
./sched_archive/sched_20241109.txt,2024-11-09T03:01,2024-11-09T04:00,3540.0,59.0,FRB20180301A,1.62712,0.0815253,J2000
./sched_archive/sched_20241109.txt,2024-11-09T04:01,2024-11-09T05:30,5340.0,89.0,Crab_PSR,1.4596732110242794,0.3842252837309499,J2000
./sched_archive/sched_20241109.txt,2024-11-09T05:31,2024-11-09T07:00,5340.0,89.0,J1022+1001,2.718204102295288,0.17508037680814184,J2000
./sched_archive/sched_20241109b.txt,2024-11-09T09:30,2024-11-09T15:00,19800.0,330.0,Sun357,,,
./sched_archive/sched_20241109b.txt,2024-11-09T15:01,2024-11-09T16:00,3540.0,59.0,"ASKAPJ1832] [4.855535795031435, -0.16035610053794921 , 'J2000'",,,
./sched_archive/sched_20241109b.txt,2024-11-09T16:01,2024-11-09T17:00,3540.0,59.0,ASKAPJ1839,4.886223773883325,-0.1386342950127128,J2000
./sched_archive/sched_20241109b.txt,2024-11-09T17:01,2024-11-09T18:00,3540.0,59.0,"FRB20240114A]  [5.61849411485, 0.0755647106435, 'J2000'",,,
./sched_archive/sched_20241109b.txt,2024-11-09T18:01,2024-11-09T19:00,3540.0,59.0,FRB20220912A,6.061012165605924,0.8500984883962404,J2000
./sched_archive/sched_20241109b.txt,2024-11-09T19:01,2024-11-09T20:00,3540.0,59.0,"J2145-0750  [5.697805941281582, -0.1368075848974223, 'J2000'",,,
./sched_archive/sched_20241109b.txt,2024-11-09T20:01,2024-11-09T21:00,3540.0,59.0,J2347+02_PSR,6.229691731776413,0.05242886577094988,J2000
./sched_archive/sched_20241109b.txt,2024-11-09T21:01,2024-11-09T22:00,3540.0,59.0,J0030+0451,0.13289398273383768,0.08484101392961867,J2000
./sched_archive/sched_20241109b.txt,2024-11-09T22:01,2024-11-09T23:00,3540.0,59.0,FRB20201124A,1.34416,0.454845,J2000
./sched_archive/sched_20241109b.txt,2024-11-09T23:01,2024-11-10T02:00,10740.0,179.0,J0311+1402,0.83486428505,0.24507040691,J2000
./sched_archive/sched_20241109b.txt,2024-11-10T02:01,2024-11-10T03:00,3540.0,59.0,"J1012+5307   [2.6727854681111443, 0.9270716946783638, 'J2000'",,,
./sched_archive/sched_20241109b.txt,2024-11-10T03:01,2024-11-10T04:00,3540.0,59.0,FRB20180301A,1.62712,0.0815253,J2000
./sched_archive/sched_20241109b.txt,2024-11-10T04:01,2024-11-10T05:30,5340.0,89.0,Crab_PSR,1.4596732110242794,0.3842252837309499,J2000
./sched_archive/sched_20241109b.txt,2024-11-10T05:31,2024-11-10T07:00,5340.0,89.0,J1022+1001,2.718204102295288,0.17508037680814184,J2000
./sched_archive/sched_2024_01_22.txt,2024-01-23T08:01,2024-01-23T08:24,1380.0,23.0,J1541+47,4.106468842,0.821206502,J2000
./sched_archive/sched_2024_01_22.txt,2024-01-23T08:25,2024-01-23T11:09,9840.0,164.0,J1836+51_PSR,4.877558323,0.906481216,J2000
./sched_archive/sched_2024_01_22.txt,2024-01-23T11:10,2024-01-23T11:56,2760.0,46.0,J1931+4229,5.110286485,0.741570367,J2000
./sched_archive/sched_2024_01_22.txt,2024-01-23T11:57,2024-01-23T12:55,3480.0,58.0,J2153+44,5.730934043,0.78444308,J2000
./sched_archive/sched_2024_01_22.txt,2024-01-23T15:05,2024-01-23T18:14,11340.0,189.0,J0103+54  STOPSTART,0.274724653,0.941371287,J2000
./sched_archive/sched_2024_01_22.txt,2024-01-23T18:15,2024-01-23T19:23,4080.0,68.0,J0220+3622_PSR,0.613937673,0.636146372,J2000
./sched_archive/sched_2024_01_22.txt,2024-01-23T19:24,2024-01-23T20:06,2520.0,42.0,J0355+28_PSR,1.027046438,0.499947595,J2000
./sched_archive/sched_2024_01_22.txt,2024-01-23T20:07,2024-01-24T00:17,15000.0,250.0,J0746+55,2.036742674,0.964118391,J2000
./sched_archive/sched_2024_01_22.txt,2024-01-24T00:18,2024-01-24T02:14,6960.0,116.0,J0939+45,2.528618476,0.789761487,J2000
./sched_archive/sched_2024_01_22.txt,2024-01-24T02:15,2024-01-24T05:19,11040.0,184.0,J1218+47,3.230943057,0.824859043,J2000
./sched_archive/sched_2024_01_22.txt,2024-01-24T05:20,2024-01-24T08:19,10740.0,179.0,J1541+47,4.106468842,0.821206502,J2000
./sched_archive/sched_2024_01_22.txt,2024-01-24T08:20,2024-01-24T11:07,10020.0,167.0,J1836+51_PSR,4.877558323,0.906481216,J2000
./sched_archive/sched_2024_01_22.txt,2024-01-24T11:08,2024-01-24T11:51,2580.0,43.0,J1931+4229,5.110286485,0.741570367,J2000
./sched_archive/sched_2024_01_22.txt,2024-01-24T11:52,2024-01-24T13:15,4980.0,83.0,J2153+44,5.730934043,0.78444308,J2000
./sched_archive/sched_2024_03_04.txt,2024-03-04T14:30,2024-03-04T16:29,7140.0,119.0,Sun357,,,
./sched_archive/sched_2024_03_04.txt,2024-03-04T16:30,2024-03-04T18:14,6240.0,104.0,J0209+58,0.565571080488881,1.012224498588882,J2000
./sched_archive/sched_2024_03_04.txt,2024-03-04T20:45,2024-03-04T22:19,5640.0,94.0,FRB20240216  STOPSTART,2.67175700027,0.245112190101,J2000
./sched_archive/sched_2024_03_04.txt,2024-03-05T01:21,2024-03-05T02:59,5880.0,98.0,J1336+3346,3.5629461009946066,0.5976686992463379,J2000
./sched_archive/sched_2024_03_04.txt,2024-03-05T03:00,2024-03-05T03:59,3540.0,59.0,J1329+1349,3.529928412158531,0.23969188394055457,J2000
./sched_archive/sched_2024_03_04.txt,2024-03-05T04:00,2024-03-05T05:59,7140.0,119.0,TVLM_513-46,3.931949476576734,0.39852721055372564,J2000
./sched_archive/sched_2024_03_04.txt,2024-03-05T06:00,2024-03-05T07:29,5340.0,89.0,CR_Draconis,4.2633557615464,0.9646240852216,J2000
./sched_archive/sched_2024_03_04.txt,2024-03-05T09:26,2024-03-05T10:49,4980.0,83.0,J1832+27_PSR,4.853397545724514,0.48566769083230454,J2000
./sched_archive/sched_2024_03_04.txt,2024-03-05T11:40,2024-03-05T12:39,3540.0,59.0,Sun357,,,
./sched_archive/sched_2024_03_04.txt,2024-03-05T13:40,2024-03-05T14:39,3540.0,59.0,J0034-0534_PSR,0.1499403707045897,-0.09733420048376587,J2000
./sched_archive/sched_2024_03_04.txt,2024-03-05T14:40,2024-03-05T15:44,3840.0,64.0,J0146+31_PSR,0.46549619730560127,0.5396877201467183,J2000
./sched_archive/sched_2024_03_04.txt,2024-03-05T15:45,2024-03-05T16:44,3540.0,59.0,J0104+64_PSR,0.2819539944266119,1.1282095983995617,J2000
./sched_archive/sched_2024_03_04.txt,2024-03-05T16:45,2024-03-05T17:44,3540.0,59.0,J0220+3622_PSR,0.6139376732126479,0.6361463720709123,J2000
./sched_archive/sched_2024_03_04.txt,2024-03-05T17:45,2024-03-05T20:44,10740.0,179.0,FRB20180301A,1.62712,0.0815253,J2000
./sched_archive/sched_2024_03_04.txt,2024-03-05T20:45,2024-03-05T21:49,3840.0,64.0,FRB20240216,2.67175700027,0.245112190101,J2000
./sched_archive/sched_2024_03_04.txt,2024-03-05T21:50,2024-03-05T22:10,1200.0,20.0,J0826+2637_PSR,2.2115817443598504,0.4646590067584504,J2000
./sched_archive/sched_2024_03_04.txt,2024-03-05T22:11,2024-03-05T23:29,4680.0,78.0,J0939+45,2.528618475878951,0.7897614865274342,J2000
./sched_archive/sched_2024_03_04.txt,2024-03-06T00:21,2024-03-06T00:59,2280.0,38.0,J1132+2515_PSR,3.0215965501156528,0.44027030462584493,J2000
./sched_archive/sched_2024_03_04.txt,2024-03-06T01:00,2024-03-06T01:20,1200.0,20.0,J1136+1551_PSR,3.0370963006143885,0.2767098326392434,J2000
./sched_archive/sched_2024_03_04.txt,2024-03-06T01:21,2024-03-06T02:59,5880.0,98.0,J1242+3938_PSR,3.3294697265722593,0.6941028560077753,J2000
./sched_archive/sched_2024_03_04.txt,2024-03-06T03:00,2024-03-06T03:59,3540.0,59.0,J1400+2127,3.6662247571894993,0.37398741750247533,J2000
./sched_archive/sched_2024_03_04.txt,2024-03-06T04:00,2024-03-06T05:59,7140.0,119.0,TVLM_513-46,3.931949476576734,0.39852721055372564,J2000
./sched_archive/sched_2024_03_04.txt,2024-03-06T06:25,2024-03-06T07:59,5640.0,94.0,CR_Draconis,4.2633557615464,0.9646240852216,J2000
./sched_archive/sched_2024_03_04.txt,2024-03-06T08:00,2024-03-06T08:59,3540.0,59.0,J1836+51_PSR,4.877558323237523,0.9064812155885273,J2000
./sched_archive/sched_2024_03_04.txt,2024-03-06T09:00,2024-03-06T10:49,6540.0,109.0,J2000+29_PSR,5.237194762978169,0.5119975973675667,J2000
./sched_archive/sched_2024_03_04.txt,2024-03-06T11:40,2024-03-06T12:29,2940.0,49.0,Sun357,,,
./sched_archive/sched_2024_03_04.txt,2024-03-06T14:30,2024-03-06T14:59,1740.0,29.0,Sun357,,,
./sched_archive/sched_2024_09_24_day.txt,2024-09-24T23:31,2024-09-25T00:30,3540.0,59.0,J2253+16,6.202172941,1.055987223,J2000
./sched_archive/sched_2024_09_25_evening.txt,2024-09-25T23:31,2024-09-26T00:30,3540.0,59.0,J2253+16,6.202172941,1.055987223,J2000
./sched_archive/sched_2024_09_26_day.txt,2024-09-26T12:35,2024-09-26T14:35,7200.0,120.0,"B1508+55  [1.59393, 0.91258, 'J2000'",,,
./sched_archive/sched_2024_09_26_day.txt,2024-09-26T14:36,2024-09-26T16:35,7140.0,119.0,"B1508+55  [1.59393, 0.91258, 'J2000'",,,
./sched_archive/sched_2024_09_26_day.txt,2024-09-26T16:36,2024-09-26T18:35,7140.0,119.0,"B1508+55  [1.59393, 0.91258, 'J2000'",,,
./sched_archive/sched_2024_09_26_day.txt,2024-09-26T18:36,2024-09-26T20:35,7140.0,119.0,"B1508+55  [1.59393, 0.91258, 'J2000'",,,
./sched_archive/sched_2024_09_26_day.txt,2024-09-26T20:36,2024-09-26T22:35,7140.0,119.0,"B1508+55  [1.59393, 0.91258, 'J2000'",,,
./sched_archive/sched_2024_09_26_day.txt,2024-09-26T22:36,2024-09-27T00:35,7140.0,119.0,"B1508+55  [1.59393, 0.91258, 'J2000'",,,
./sched_archive/sched_2024_09_26_day_Evan_edit.txt,2024-09-26T12:52,2024-09-26T14:35,6180.0,103.0,"B1508+55  [1.59393, 0.91258, 'J2000'",,,
./sched_archive/sched_2024_09_26_day_Evan_edit.txt,2024-09-26T14:36,2024-09-26T16:35,7140.0,119.0,"B1508+55  [1.59393, 0.91258, 'J2000'",,,
./sched_archive/sched_2024_09_26_day_Evan_edit.txt,2024-09-26T16:36,2024-09-26T18:35,7140.0,119.0,"B1508+55  [1.59393, 0.91258, 'J2000'",,,
./sched_archive/sched_2024_09_26_day_Evan_edit.txt,2024-09-26T18:36,2024-09-26T20:35,7140.0,119.0,"B1508+55  [1.59393, 0.91258, 'J2000'",,,
./sched_archive/sched_2024_09_26_day_Evan_edit.txt,2024-09-26T20:36,2024-09-26T22:35,7140.0,119.0,"B1508+55  [1.59393, 0.91258, 'J2000'",,,
./sched_archive/sched_2024_09_26_day_Evan_edit.txt,2024-09-26T22:36,2024-09-27T00:35,7140.0,119.0,"B1508+55  [1.59393, 0.91258, 'J2000'",,,
./sched_archive/sched_2024_09_26_night.txt,2024-09-26T01:30,2024-09-26T02:35,3900.0,65.0,B1508+55,1.59393,0.91258,J2000
./sched_archive/sched_2024_09_26_night.txt,2024-09-26T02:36,2024-09-26T04:35,7140.0,119.0,B1508+55,1.59393,0.91258,J2000
./sched_archive/sched_2024_09_26_night.txt,2024-09-26T04:36,2024-09-26T06:35,7140.0,119.0,B1508+55,1.59393,0.91258,J2000
./sched_archive/sched_2024_09_26_night.txt,2024-09-26T06:36,2024-09-26T08:35,7140.0,119.0,B1508+55,1.59393,0.91258,J2000
./sched_archive/sched_2024_09_26_night.txt,2024-09-26T08:36,2024-09-26T10:35,7140.0,119.0,B1508+55,1.59393,0.91258,J2000
./sched_archive/sched_2024_09_26_night.txt,2024-09-26T10:36,2024-09-26T12:35,7140.0,119.0,B1508+55,1.59393,0.91258,J2000
./sched_archive/sched_2024_09_27_day.txt,2024-09-27T14:20,2024-09-27T15:20,3600.0,60.0,J1300+1240,3.4036180252242274,0.22134243757176436,J2000
./sched_archive/sched_2024_09_27_day.txt,2024-09-27T15:21,2024-09-27T15:59,2280.0,38.0,J1541+47,4.106468842,0.821206502,J2000
./sched_archive/sched_2024_09_27_day.txt,2024-09-27T16:00,2024-09-27T17:59,7140.0,119.0,J1808+62,4.74831367,1.09435053,J2000
./sched_archive/sched_2024_09_27_day.txt,2024-09-27T18:00,2024-09-27T20:00,7200.0,120.0,J2008+3758,5.2707489,0.66270637,J2000
./sched_archive/sched_2024_09_27_day.txt,2024-09-27T20:01,2024-09-27T22:00,7140.0,119.0,B1951+32,5.20531221260202,0.5738302241353217,J2000
./sched_archive/sched_2024_09_27_day.txt,2024-09-27T22:01,2024-09-27T23:59,7080.0,118.0,J0103+54,0.274724653,0.941371287,J2000
./sched_archive/sched_2024_09_27_night.txt,2024-09-27T00:40,2024-09-27T01:30,3000.0,50.0,"B1508+55  [1.59393, 0.91258, 'J2000'",,,
./sched_archive/sched_2024_09_27_night.txt,2024-09-27T01:31,2024-09-27T02:30,3540.0,59.0,J0013+29,0.05788675,0.52048627,J2000
./sched_archive/sched_2024_09_27_night.txt,2024-09-27T02:31,2024-09-27T03:30,3540.0,59.0,J0517+24,1.38717315,0.4277899,J2000
./sched_archive/sched_2024_09_27_night.txt,2024-09-27T03:31,2024-09-27T04:59,5280.0,88.0,J0630+25,1.70605934,0.44309062,J2000
./sched_archive/sched_2024_09_27_night.txt,2024-09-27T05:00,2024-09-27T07:00,7200.0,120.0,J0647+33,1.77827234,0.58712391,J2000
./sched_archive/sched_2024_09_27_night.txt,2024-09-27T07:01,2024-09-27T09:00,7140.0,119.0,J0854+54,2.33175988,0.95644043,J2000
./sched_archive/sched_2024_09_27_night.txt,2024-09-27T09:01,2024-09-27T10:00,3540.0,59.0,J0941+45,2.53836323,0.79491506,J2000
./sched_archive/sched_2024_09_27_night.txt,2024-09-27T10:01,2024-09-27T11:00,3540.0,59.0,J1130+09,3.01469267,0.1628974,J2000
./sched_archive/sched_2024_09_28.txt,2024-09-28T17:01,2024-09-28T22:59,21480.0,358.0,Dummy  STOPSTART,0.0,1.0,J2000
./sched_archive/sched_2024_09_28.txt,2024-09-29T00:00,2024-09-29T02:29,8940.0,149.0,Dummy  STOPSTART,0.0,1.0,J2000
./sched_archive/sched_2024_10_07_rerun.txt,2024-10-07T19:45,2024-10-07T20:30,2700.0,45.0,"FRB20240114A  [5.61849411485, 0.0755647106435, 'J2000'",,,
./sched_archive/sched_2024_10_07_rerun.txt,2024-10-07T20:31,2024-10-07T21:30,3540.0,59.0,"J2145-0750_PSR [5.697805941281582, -0.1368075848974223, 'J2000'",,,
./sched_archive/sched_2024_10_07_rerun.txt,2024-10-07T21:31,2024-10-08T00:00,8940.0,149.0,FRB20240203,0.155403,0.276421,J2000
./sched_archive/sched_2024_10_07_rerun.txt,2024-10-08T00:01,2024-10-08T03:00,10740.0,179.0,J0311+1402,0.83486428505,0.24507040691,J2000
./sched_archive/sched_2024_10_07_rerun.txt,2024-10-08T03:01,2024-10-08T05:00,7140.0,119.0,FRB20201124A,1.34416,0.454845,J2000
./sched_archive/sched_2024_10_07_rerun.txt,2024-10-08T05:01,2024-10-08T05:30,1740.0,29.0,Crab_PSR,1.4596732110242794,0.3842252837309499,J2000
./sched_archive/sched_2024_10_07_rerun.txt,2024-10-08T05:31,2024-10-08T06:30,3540.0,59.0,B0656+14_PSR,1.831737303548451,0.2485125840158764,J2000
./sched_archive/sched_2024_10_07_rerun.txt,2024-10-08T06:31,2024-10-08T07:30,3540.0,59.0,FRB20180301A,1.62712,0.0815253,J2000
./sched_archive/sched_2024_10_07_rerun.txt,2024-10-08T07:31,2024-10-08T08:30,3540.0,59.0,J0549+34,1.5253450441908774,0.5936107192873269,J2000
./sched_archive/sched_2024_10_07_rerun.txt,2024-10-08T08:31,2024-10-08T09:59,5280.0,88.0,J0746+55,2.0367426739815624,0.964118391393294,J2000
./sched_archive/sched_2024_10_07_rerun.txt,2024-10-08T10:00,2024-10-08T14:00,14400.0,240.0,Sun357,,,
./sched_archive/sched_2024_10_09.txt,2024-10-10T10:49,2024-10-10T20:13,33840.0,564.0,"J2153+44 [5.730934043, 0.78444308, 'J2000'",,,
./sched_archive/sched_2024_10_10.txt,2024-10-10T11:01,2024-10-10T12:01,3600.0,60.0,"GOTO065054.49+593624.51 [1.7929251079167363, 1.0403350619636826, 'J2000'",,,
./sched_archive/sched_2024_10_10.txt,2024-10-10T12:02,2024-10-10T13:02,3600.0,60.0,"GOTO065054.49+593624.51 [1.7929251079167363, 1.0403350619636826, 'J2000'",,,
./sched_archive/sched_2024_10_10.txt,2024-10-10T13:03,2024-10-10T14:03,3600.0,60.0,"GOTO065054.49+593624.51 [1.7929251079167363, 1.0403350619636826, 'J2000'",,,
./sched_archive/sched_2024_10_10.txt,2024-10-10T14:04,2024-10-10T15:04,3600.0,60.0,B0809+74,2.159808588316899,1.300007038906933,J2000
./sched_archive/sched_2024_10_10.txt,2024-10-10T15:05,2024-10-10T16:05,3600.0,60.0,B0809+74,2.159808588316899,1.300007038906933,J2000
./sched_archive/sched_2024_10_10.txt,2024-10-10T16:06,2024-10-10T17:06,3600.0,60.0,B0809+74,2.159808588316899,1.300007038906933,J2000
./sched_archive/sched_2024_10_10.txt,2024-10-10T17:07,2024-10-10T18:07,3600.0,60.0,B0809+74,2.159808588316899,1.300007038906933,J2000
./sched_archive/sched_2024_10_10.txt,2024-10-10T18:08,2024-10-10T19:08,3600.0,60.0,B0809+74,2.159808588316899,1.300007038906933,J2000
./sched_archive/sched_2024_10_10.txt,2024-10-10T19:09,2024-10-10T20:09,3600.0,60.0,B0809+74,2.159808588316899,1.300007038906933,J2000
./sched_archive/sched_2024_10_10.txt,2024-10-10T20:10,2024-10-10T21:10,3600.0,60.0,B0809+74,2.159808588316899,1.300007038906933,J2000
./sched_archive/sched_2024_10_10.txt,2024-10-10T21:11,2024-10-10T22:11,3600.0,60.0,B0809+74,2.159808588316899,1.300007038906933,J2000
./sched_archive/sched_2024_10_10.txt,2024-10-10T22:12,2024-10-10T23:12,3600.0,60.0,B0809+74,2.159808588316899,1.300007038906933,J2000
./sched_archive/sched_2024_10_15.txt,2024-10-15T18:06,2024-10-15T19:26,4800.0,80.0,LOFTS0056,5.3789813982259504,1.0017989193583472,J2000
./sched_archive/sched_2024_10_15.txt,2024-10-15T19:27,2024-10-15T20:47,4800.0,80.0,LOFTS0057,5.73337822495315,1.0017989193583472,J2000
./sched_archive/sched_2024_10_15.txt,2024-10-15T20:48,2024-10-15T22:08,4800.0,80.0,LOFTS0058,6.0877750516803495,1.0017989193583472,J2000
./sched_archive/sched_2024_10_15.txt,2024-10-15T22:09,2024-10-15T23:29,4800.0,80.0,LOFTS0059,0.15898657122790635,1.0017989193583472,J2000
./sched_archive/sched_2024_10_15.txt,2024-10-15T23:30,2024-10-16T00:50,4800.0,80.0,LOFTS0060,0.5133833979551063,1.0017989193583472,J2000
./sched_archive/sched_2024_10_15.txt,2024-10-16T00:51,2024-10-16T02:11,4800.0,80.0,LOFTS0061,0.8677802245769396,1.0017989193583472,J2000
./sched_archive/sched_2024_10_15.txt,2024-10-16T02:12,2024-10-16T03:32,4800.0,80.0,LOFTS0062,1.2221770511367638,1.0017989193583472,J2000
./sched_archive/sched_2024_10_15.txt,2024-10-16T03:33,2024-10-16T04:53,4800.0,80.0,LOFTS0063,1.57657387769656,1.0017989193583472,J2000
./sched_archive/sched_2024_10_15.txt,2024-10-16T04:54,2024-10-16T06:14,4800.0,80.0,LOFTS0064,1.9309707042563844,1.0017989193583472,J2000
./sched_archive/sched_2024_10_15.txt,2024-10-16T06:15,2024-10-16T06:21,360.0,6.0,B1508+55,1.59393,0.91258,J2000
./sched_archive/sched_2024_10_15.txt,2024-10-16T06:22,2024-10-16T07:42,4800.0,80.0,LOFTS0065,2.315994417062142,1.0017989193583472,J2000
./sched_archive/sched_2024_10_15.txt,2024-10-16T07:43,2024-10-16T09:03,4800.0,80.0,LOFTS0066,2.6703912436219666,1.0017989193583472,J2000
./sched_archive/sched_2024_10_15.txt,2024-10-16T09:04,2024-10-16T10:24,4800.0,80.0,LOFTS0067,3.02478807018182,1.0017989193583472,J2000
./sched_archive/sched_2024_10_15.txt,2024-10-16T10:25,2024-10-16T11:45,4800.0,80.0,LOFTS0068,3.3791848967416156,1.0017989193583472,J2000
./sched_archive/sched_2024_10_15.txt,2024-10-16T11:46,2024-10-16T13:06,4800.0,80.0,LOFTS0069,3.73358172330144,1.0017989193583472,J2000
./sched_archive/sched_2024_10_15.txt,2024-10-16T13:07,2024-10-16T14:27,4800.0,80.0,LOFTS0070,4.087978549861293,1.0017989193583472,J2000
./sched_archive/sched_2024_10_15.txt,2024-10-16T14:28,2024-10-16T15:48,4800.0,80.0,LOFTS0071,4.442375376421118,1.0017989193583472,J2000
./sched_archive/sched_2024_10_15.txt,2024-10-16T15:49,2024-10-16T17:09,4800.0,80.0,LOFTS0072,4.796772202980914,1.0017989193583472,J2000
./sched_archive/sched_2024_10_15.txt,2024-10-16T17:10,2024-10-16T18:30,4800.0,80.0,LOFTS0073,5.151169029540767,1.0017989193583472,J2000
./sched_archive/sched_2024_10_24_LOFTS.txt,2024-09-24T19:47,2024-09-24T20:47,3600.0,60.0,LOFTS0002,5.372119579965742,1.0017989193583472,J2000
./sched_archive/sched_2024_10_24_LOFTS.txt,2024-09-24T20:48,2024-09-24T22:08,4800.0,80.0,LOFTS0003,5.726516412815278,1.0017989193583472,J2000
./sched_archive/sched_2024_10_24_LOFTS.txt,2024-09-24T22:09,2024-09-24T23:29,4800.0,80.0,LOFTS0004,6.0809132456648145,1.0017989193583472,J2000
./sched_archive/sched_2024_10_24_LOFTS.txt,2024-09-24T23:30,2024-09-25T00:50,4800.0,80.0,LOFTS0005,0.15212477133476424,1.0017989193583472,J2000
./sched_archive/sched_2024_10_24_LOFTS.txt,2024-09-25T00:51,2024-09-25T02:11,4800.0,80.0,LOFTS0006,0.5065216041848337,1.0017989193583472,J2000
./sched_archive/sched_2024_10_24_LOFTS.txt,2024-09-25T02:12,2024-09-25T03:32,4800.0,80.0,LOFTS0007,0.8609184370351662,1.0017989193583472,J2000
./sched_archive/sched_2024_10_24_LOFTS.txt,2024-09-25T03:33,2024-09-25T04:53,4800.0,80.0,LOFTS0008,1.2153152698855558,1.0017989193583472,J2000
./sched_archive/sched_2024_10_24_LOFTS.txt,2024-09-25T04:54,2024-09-25T06:14,4800.0,80.0,LOFTS0009,1.5697121027359167,1.0017989193583472,J2000
./sched_archive/sched_2024_10_24_LOFTS.txt,2024-09-25T06:15,2024-09-25T06:21,360.0,6.0,B1508+55,1.59393,0.91258,J2000
./sched_archive/sched_2024_10_24_LOFTS.txt,2024-09-25T06:22,2024-09-25T07:42,4800.0,80.0,LOFTS0010,1.954735822375804,1.0017989193583472,J2000
./sched_archive/sched_2024_10_24_LOFTS.txt,2024-09-25T07:43,2024-09-25T09:03,4800.0,80.0,LOFTS0011,2.3091326552261364,1.0017989193583472,J2000
./sched_archive/sched_2024_10_24_LOFTS.txt,2024-09-25T09:04,2024-09-25T10:24,4800.0,80.0,LOFTS0012,2.6635294880765263,1.0017989193583472,J2000
./sched_archive/sched_2024_10_24_LOFTS.txt,2024-09-25T10:25,2024-09-25T11:45,4800.0,80.0,LOFTS0013,3.017926320926859,1.0017989193583472,J2000
./sched_archive/sched_2024_10_24_LOFTS.txt,2024-09-25T11:46,2024-09-25T13:06,4800.0,80.0,LOFTS0014,3.372323153777248,1.0017989193583472,J2000
./sched_archive/sched_2024_10_24_LOFTS.txt,2024-09-25T13:07,2024-09-25T14:27,4800.0,80.0,LOFTS0015,3.7267199866276095,1.0017989193583472,J2000
./sched_archive/sched_2024_10_24_LOFTS.txt,2024-09-25T14:28,2024-09-25T15:48,4800.0,80.0,LOFTS0016,4.081116819477971,1.0017989193583472,J2000
./sched_archive/sched_2024_10_24_LOFTS.txt,2024-09-25T15:49,2024-09-25T17:09,4800.0,80.0,LOFTS0017,4.435513652328304,1.0017989193583472,J2000
./sched_archive/sched_2024_10_24_LOFTS.txt,2024-09-25T17:10,2024-09-25T18:30,4800.0,80.0,LOFTS0018,4.7899104851786936,1.0017989193583472,J2000
./sched_archive/sched_2024_10_24_LOFTS_Evan_edit.txt,2024-09-25T10:25,2024-09-25T11:45,4800.0,80.0,LOFTS0013,3.017926320926859,1.0017989193583472,J2000
./sched_archive/sched_2024_10_24_LOFTS_Evan_edit.txt,2024-09-25T11:46,2024-09-25T13:06,4800.0,80.0,LOFTS0014,3.372323153777248,1.0017989193583472,J2000
./sched_archive/sched_2024_10_24_LOFTS_Evan_edit.txt,2024-09-25T13:07,2024-09-25T14:27,4800.0,80.0,LOFTS0015,3.7267199866276095,1.0017989193583472,J2000
./sched_archive/sched_2024_10_24_LOFTS_Evan_edit.txt,2024-09-25T14:28,2024-09-25T15:48,4800.0,80.0,LOFTS0016,4.081116819477971,1.0017989193583472,J2000
./sched_archive/sched_2024_10_24_LOFTS_Evan_edit.txt,2024-09-25T15:49,2024-09-25T17:09,4800.0,80.0,LOFTS0017,4.435513652328304,1.0017989193583472,J2000
./sched_archive/sched_2024_10_24_LOFTS_Evan_edit.txt,2024-09-25T17:10,2024-09-25T18:30,4800.0,80.0,LOFTS0018,4.7899104851786936,1.0017989193583472,J2000
./sched_archive/sched_2024_10_24_LOFTS_Evan_edit2.txt,2024-09-25T17:30,2024-09-25T18:01,1860.0,31.0,LOFTS0018,4.7899104851786936,1.0017989193583472,J2000
./sched_archive/sched_2024_10_29_Sun.txt,2024-10-29T12:50,2024-10-29T14:30,6000.0,100.0,Sun357,,,
./sched_archive/sched_2024_10_31.txt,2024-10-31T02:00,2024-10-31T03:00,3600.0,60.0,J0549+34,1.525345044,0.593610719,J2000
./sched_archive/sched_2024_10_31.txt,2024-10-31T03:01,2024-10-31T05:00,7140.0,119.0,J0746+55,2.036726515,0.963421747,J2000
./sched_archive/sched_2024_10_31.txt,2024-10-31T05:01,2024-10-31T06:00,3540.0,59.0,J0835+49,2.250383904,0.855254967,J2000
./sched_archive/sched_2024_10_31.txt,2024-10-31T06:01,2024-10-31T07:59,7080.0,118.0,J0854+54,2.331759881,0.95644043,J2000
./sched_archive/sched_2024_10_31.txt,2024-10-31T10:01,2024-10-31T11:14,4380.0,73.0,J1222+19,3.241512753266468,0.3386375081181998,J2000
./sched_archive/sched_2024_10_31.txt,2024-10-31T11:15,2024-10-31T13:15,7200.0,120.0,Sun357,,,
./sched_archive/sched_2024_10_31.txt,2024-10-31T13:16,2024-10-31T14:15,3540.0,59.0,J1758+44,4.70708027057654,0.7843121807517629,J2000
./sched_archive/sched_2024_10_31.txt,2024-10-31T14:16,2024-10-31T15:59,6180.0,103.0,J1808+62,4.748313674154906,1.0943505298213112,J2000
./sched_archive/sched_2024_10_31.txt,2024-10-31T16:00,2024-10-31T18:29,8940.0,149.0,J2119+49,5.583017388921194,0.8592255907568084,J2000
./sched_archive/sched_2024_10_31.txt,2024-10-31T20:01,2024-10-31T20:59,3480.0,58.0,J2239+42,5.9298288557029,0.7433551209716293,J2000
./sched_archive/sched_2024_10_31_evening.txt,2024-10-31T17:45,2024-10-31T18:29,2640.0,44.0,J2119+49,5.583017388921194,0.8592255907568084,J2000
./sched_archive/sched_2024_10_31_evening.txt,2024-10-31T20:01,2024-10-31T20:59,3480.0,58.0,J2239+42,5.9298288557029,0.7433551209716293,J2000
./sched_archive/sched_2024_11_01_1.txt,2024-11-01T00:01,2024-11-01T02:20,8340.0,139.0,J0320+56,0.872955514,0.981403487,J2000
./sched_archive/sched_2024_11_01_1.txt,2024-11-01T02:21,2024-11-01T02:22,60.0,1.0,J0549+34,1.525345044,0.593610719,J2000
./sched_archive/sched_2024_11_01_1.txt,2024-11-01T02:23,2024-11-01T04:04,6060.0,101.0,J0746+55,2.036726515,0.963421747,J2000
./sched_archive/sched_2024_11_01_1.txt,2024-11-01T04:05,2024-11-01T05:13,4080.0,68.0,J0835+49,2.250383904,0.855254967,J2000
./sched_archive/sched_2024_11_01_1.txt,2024-11-01T05:14,2024-11-01T06:32,4680.0,78.0,J0854+54,2.331759881,0.95644043,J2000
./sched_archive/sched_2024_11_02.txt,2024-11-02T05:17,2024-11-02T08:14,10620.0,177.0,J1012+5307,2.672785451,0.927071625,J2000
./sched_archive/sched_2024_11_02.txt,2024-11-02T08:15,2024-11-02T11:02,10020.0,167.0,J1252+53,3.368485456,0.937241808,J2000
./sched_archive/sched_2024_11_02.txt,2024-11-02T11:03,2024-11-02T13:10,7620.0,127.0,J1544+4937,4.119303355,0.866242079,J2000
./sched_archive/sched_2024_11_02.txt,2024-11-02T13:11,2024-11-02T15:50,9540.0,159.0,J1706+59,4.481132854,1.032653141,J2000
./sched_archive/sched_2024_11_02.txt,2024-11-02T15:51,2024-11-02T17:25,5640.0,94.0,J2008+3758,5.270799802,0.662706365,J2000
./sched_archive/sched_2024_11_02.txt,2024-11-02T17:26,2024-11-02T19:41,8100.0,135.0,J2215+4524,5.828423045,0.792592798,J2000
./sched_archive/sched_2024_11_02.txt,2024-11-02T19:42,2024-11-02T22:10,8880.0,148.0,J0012+5431,0.054054301,0.951723193,J2000
./sched_archive/sched_2024_11_02.txt,2024-11-02T22:11,2024-11-02T22:21,600.0,10.0,J0104+64,0.27925268,1.117010721,J2000
./sched_archive/sched_2024_11_02.txt,2024-11-02T22:22,2024-11-03T00:58,9360.0,156.0,J0218+4232,0.602601,0.742430946,J2000
./sched_archive/sched_2024_11_02_p2.txt,2024-11-02T15:50,2024-11-02T17:25,5700.0,95.0,J2008+3758,5.270799802,0.662706365,J2000
./sched_archive/sched_2024_11_02_p2.txt,2024-11-02T17:26,2024-11-02T19:41,8100.0,135.0,J2215+4524,5.828423045,0.792592798,J2000
./sched_archive/sched_2024_11_02_p2.txt,2024-11-02T19:42,2024-11-02T21:10,5280.0,88.0,J0012+5431,0.054054301,0.951723193,J2000
./sched_archive/sched_2024_11_02_p2.txt,2024-11-02T21:11,2024-11-02T23:11,7200.0,120.0,J0104+64,0.27925268,1.117010721,J2000
./sched_archive/sched_2024_11_02_p2.txt,2024-11-02T23:12,2024-11-03T00:58,6360.0,106.0,J0218+4232,0.602601,0.742430946,J2000
./sched_archive/sched_2024_11_03.txt,2024-11-03T08:01,2024-11-03T10:00,7140.0,119.0,J1252+53,3.368485456,0.937241808,J2000
./sched_archive/sched_2024_11_03.txt,2024-11-03T10:01,2024-11-03T12:06,7500.0,125.0,J1544+4937,4.119303355,0.866242079,J2000
./sched_archive/sched_2024_11_03.txt,2024-11-03T12:07,2024-11-03T15:20,11580.0,193.0,J1706+59,4.481132854,1.032653141,J2000
./sched_archive/sched_2024_11_03.txt,2024-11-03T15:21,2024-11-03T17:59,9480.0,158.0,J2215+4524,5.828423045,0.792592798,J2000
./sched_archive/sched_2024_11_04.txt,2024-11-04T11:30,2024-11-04T13:30,7200.0,120.0,Sun357,,,
./sched_archive/sched_2024_11_04.txt,2024-11-04T13:31,2024-11-04T14:31,3600.0,60.0,"B2016+28 [5.314806337765302, 0.5002996578891785, 'J2000'",,,
./sched_archive/sched_2024_11_04.txt,2024-11-04T14:32,2024-11-04T15:32,3600.0,60.0,"B2016+28 [5.314806337765302, 0.5002996578891785, 'J2000'",,,
./sched_archive/sched_2024_11_04.txt,2024-11-04T15:33,2024-11-04T16:33,3600.0,60.0,"B2016+28 [5.314806337765302, 0.5002996578891785, 'J2000'",,,
./sched_archive/sched_2024_11_04.txt,2024-11-04T16:34,2024-11-04T17:34,3600.0,60.0,"B2016+28 [5.314806337765302, 0.5002996578891785, 'J2000'",,,
./sched_archive/sched_2024_11_04.txt,2024-11-04T17:35,2024-11-04T18:35,3600.0,60.0,"B2016+28 [5.314806337765302, 0.5002996578891785, 'J2000'",,,
./sched_archive/sched_2024_11_04.txt,2024-11-04T18:36,2024-11-04T19:36,3600.0,60.0,"B2016+28 [5.314806337765302, 0.5002996578891785, 'J2000'",,,
./sched_archive/sched_2024_11_04.txt,2024-11-04T19:37,2024-11-04T20:37,3600.0,60.0,"B2016+28 [5.314806337765302, 0.5002996578891785, 'J2000'",,,
./sched_archive/sched_2024_11_04.txt,2024-11-04T20:38,2024-11-04T21:38,3600.0,60.0,"B2016+28 [5.314806337765302, 0.5002996578891785, 'J2000'",,,
./sched_archive/sched_2024_11_04.txt,2024-11-04T21:39,2024-11-04T22:39,3600.0,60.0,"B2016+28 [5.314806337765302, 0.5002996578891785, 'J2000'",,,
./sched_archive/sched_2024_11_04.txt,2024-11-04T22:40,2024-11-04T23:40,3600.0,60.0,"B2016+28 [5.314806337765302, 0.5002996578891785, 'J2000'",,,
./sched_archive/sched_2024_11_05.txt,2024-11-05T18:06,2024-11-05T19:26,4800.0,80.0,LOFTS0092,5.740239720051006,1.0017989193583472,J2000
./sched_archive/sched_2024_11_05.txt,2024-11-05T19:27,2024-11-05T20:47,4800.0,80.0,LOFTS0093,6.094636552111778,1.0017989193583472,J2000
./sched_archive/sched_2024_11_05.txt,2024-11-05T20:48,2024-11-05T22:08,4800.0,80.0,LOFTS0094,0.16584807699299287,1.0017989193583472,J2000
./sched_archive/sched_2024_11_05.txt,2024-11-05T22:09,2024-11-05T23:29,4800.0,80.0,LOFTS0095,0.5202449090537375,1.0017989193583472,J2000
./sched_archive/sched_2024_11_05.txt,2024-11-05T23:30,2024-11-06T00:50,4800.0,80.0,LOFTS0096,0.8746417411145387,1.0017989193583472,J2000
./sched_archive/sched_2024_11_05.txt,2024-11-06T00:51,2024-11-06T02:11,4800.0,80.0,LOFTS0097,1.2290385731123221,1.0017989193583472,J2000
./sched_archive/sched_2024_11_05.txt,2024-11-06T02:12,2024-11-06T03:32,4800.0,80.0,LOFTS0098,1.5834354050730217,1.0017989193583472,J2000
./sched_archive/sched_2024_11_05.txt,2024-11-06T03:33,2024-11-06T04:53,4800.0,80.0,LOFTS0099,1.9378322370336933,1.0017989193583472,J2000
./sched_archive/sched_2024_11_05.txt,2024-11-06T04:54,2024-11-06T06:14,4800.0,80.0,LOFTS0100,2.2922290689944216,1.0017989193583472,J2000
./sched_archive/sched_2024_11_05.txt,2024-11-06T06:15,2024-11-06T06:21,360.0,6.0,B1508+55,1.59393,0.91258,J2000
./sched_archive/sched_2024_11_05.txt,2024-11-06T06:22,2024-11-06T07:42,4800.0,80.0,LOFTS0101,2.677252787667769,1.0017989193583472,J2000
./sched_archive/sched_2024_11_05.txt,2024-11-06T07:43,2024-11-06T09:03,4800.0,80.0,LOFTS0102,3.0316496196284692,1.0017989193583472,J2000
./sched_archive/sched_2024_11_05.txt,2024-11-06T09:04,2024-11-06T10:24,4800.0,80.0,LOFTS0103,3.3860464515891695,1.0017989193583472,J2000
./sched_archive/sched_2024_11_05.txt,2024-11-06T10:25,2024-11-06T11:45,4800.0,80.0,LOFTS0104,3.7404432835498698,1.0017989193583472,J2000
./sched_archive/sched_2024_11_05.txt,2024-11-06T11:46,2024-11-06T13:06,4800.0,80.0,LOFTS0105,4.0948401155105705,1.0017989193583472,J2000
./sched_archive/sched_2024_11_05.txt,2024-11-06T13:07,2024-11-06T14:27,4800.0,80.0,LOFTS0106,4.44923694747127,1.0017989193583472,J2000
./sched_archive/sched_2024_11_05.txt,2024-11-06T14:28,2024-11-06T15:48,4800.0,80.0,LOFTS0107,4.80363377943197,1.0017989193583472,J2000
./sched_archive/sched_2024_11_05.txt,2024-11-06T15:49,2024-11-06T17:09,4800.0,80.0,LOFTS0108,5.1580306113926415,1.0017989193583472,J2000
./sched_archive/sched_2024_11_05.txt,2024-11-06T17:10,2024-11-06T18:00,3000.0,50.0,LOFTS0109,5.512427443353342,1.0017989193583472,J2000
./sched_archive/sched_2024_11_06.txt,2024-11-06T20:00,2024-11-06T21:00,3600.0,60.0,FRB20220912A,6.061012165605924,0.8500984883962404,J2000
./sched_archive/sched_2024_11_06.txt,2024-11-06T21:01,2024-11-06T22:01,3600.0,60.0,FRB20220912A,6.061012165605924,0.8500984883962404,J2000
./sched_archive/sched_2024_11_06.txt,2024-11-07T00:00,2024-11-07T01:00,3600.0,60.0,J0311+1402   STOPSTART,0.83486428505,0.24507040691,J2000
./sched_archive/sched_2024_11_06.txt,2024-11-07T01:01,2024-11-07T02:01,3600.0,60.0,J0311+1402,0.83486428505,0.24507040691,J2000
./sched_archive/sched_2024_11_06.txt,2024-11-07T11:30,2024-11-07T13:30,7200.0,120.0,Sun357,,,
./sched_archive/sched_2024_11_17.txt,2024-11-18T08:01,2024-11-18T10:00,7140.0,119.0,J1252+53,3.368485456,0.937241808,J2000
./sched_archive/sched_2024_11_17.txt,2024-11-18T10:01,2024-11-18T12:06,7500.0,125.0,J1544+4937,4.119303355,0.866242079,J2000
./sched_archive/sched_2024_11_17.txt,2024-11-18T12:07,2024-11-18T15:20,11580.0,193.0,J1706+59,4.481132854,1.032653141,J2000
./sched_archive/sched_2024_11_17.txt,2024-11-18T15:21,2024-11-18T17:30,7740.0,129.0,J2215+4524,5.828423045,0.792592798,J2000
./sched_archive/sched_2024_11_18.txt,2024-11-18T08:01,2024-11-18T10:00,7140.0,119.0,J1252+53,3.368485456,0.937241808,J2000
./sched_archive/sched_2024_11_18.txt,2024-11-18T10:01,2024-11-18T12:06,7500.0,125.0,J1544+4937,4.119303355,0.866242079,J2000
./sched_archive/sched_2024_11_18.txt,2024-11-18T12:07,2024-11-18T15:20,11580.0,193.0,J1706+59,4.481132854,1.032653141,J2000
./sched_archive/sched_2024_11_18.txt,2024-11-18T15:21,2024-11-18T17:30,7740.0,129.0,J2215+4524,5.828423045,0.792592798,J2000
./sched_archive/sched_2025-01-28.txt,2025-01-28T10:45,2025-01-28T10:50,300.0,5.0,"B1508+55  [1.59393, 0.91258, 'J2000'",,,
./sched_archive/sched_2025-01-30.txt,2025-01-30T23:30,2025-01-31T00:29,3540.0,59.0,B1508+55,1.59393,0.91258,J2000
./sched_archive/sched_2025-01-30.txt,2025-01-31T00:30,2025-01-31T01:29,3540.0,59.0,B1508+55,1.59393,0.91258,J2000
./sched_archive/sched_2025-01-30.txt,2025-01-31T01:30,2025-01-31T02:29,3540.0,59.0,B1508+55,1.59393,0.91258,J2000
./sched_archive/sched_2025-01-30.txt,2025-01-31T02:30,2025-01-31T03:29,3540.0,59.0,B1508+55,1.59393,0.91258,J2000
./sched_archive/sched_2025-01-30.txt,2025-01-31T03:30,2025-01-31T04:29,3540.0,59.0,B1508+55,1.59393,0.91258,J2000
./sched_archive/sched_2025-01-30.txt,2025-01-31T04:30,2025-01-31T05:29,3540.0,59.0,"B1508+55 [1.59393, 0.91258, 'J2000'",,,
./sched_archive/sched_2025-01-30.txt,2025-01-31T05:30,2025-01-31T06:29,3540.0,59.0,"B1508+55 [1.59393, 0.91258, 'J2000'",,,
./sched_archive/sched_2025-01-30.txt,2025-01-31T06:30,2025-01-31T07:29,3540.0,59.0,"B1508+55 [1.59393, 0.91258, 'J2000'",,,
./sched_archive/sched_2025-01-30.txt,2025-01-31T07:30,2025-01-31T08:29,3540.0,59.0,"B1508+55 [1.59393, 0.91258, 'J2000'",,,
./sched_archive/sched_2025-01-30.txt,2025-01-31T08:30,2025-01-31T09:29,3540.0,59.0,"B1508+55 [1.59393, 0.91258, 'J2000'",,,
./sched_archive/sched_2025-01-30.txt,2025-01-31T09:30,2025-01-31T10:29,3540.0,59.0,"B1508+55 [1.59393, 0.91258, 'J2000'",,,
./sched_archive/sched_2025-01-30.txt,2025-01-31T10:30,2025-01-31T11:29,3540.0,59.0,"B1508+55 [1.59393, 0.91258, 'J2000'",,,
./sched_archive/sched_2025-01-30.txt,2025-01-31T11:30,2025-01-31T12:29,3540.0,59.0,"B1508+55 [1.59393, 0.91258, 'J2000'",,,
./sched_archive/sched_2025-01-30.txt,2025-01-31T12:30,2025-01-31T13:29,3540.0,59.0,"B1508+55 [1.59393, 0.91258, 'J2000'",,,
./sched_archive/sched_2025-01-30.txt,2025-01-31T13:30,2025-01-31T13:59,1740.0,29.0,J2145-0750_PSR,5.697805941281582,-0.1368075848974223,J2000
./sched_archive/sched_2025-01-30.txt,2025-01-31T14:00,2025-01-31T14:59,3540.0,59.0,"B0149-16 [0.489481480806, -0.29027244487, 'J2000'",,,
./sched_archive/sched_2025-01-30.txt,2025-01-31T15:00,2025-01-31T15:59,3540.0,59.0,"B0149-16 [0.489481480806, -0.29027244487, 'J2000'",,,
./sched_archive/sched_2025-01-30.txt,2025-01-31T16:00,2025-01-31T16:59,3540.0,59.0,"B0149-16 [0.489481480806, -0.29027244487, 'J2000'",,,
./sched_archive/sched_2025-01-30.txt,2025-01-31T17:00,2025-01-31T17:59,3540.0,59.0,"B0149-16 [0.489481480806, -0.29027244487, 'J2000'",,,
./sched_archive/sched_2025-01-30.txt,2025-01-31T18:00,2025-01-31T18:59,3540.0,59.0,"B0149-16 [0.489481480806, -0.29027244487, 'J2000'",,,
./sched_archive/sched_2025-01-30.txt,2025-01-31T19:00,2025-01-31T19:59,3540.0,59.0,B1508+55,1.59393,0.91258,J2000
./sched_archive/sched_2025-01-30.txt,2025-01-31T20:00,2025-01-31T20:59,3540.0,59.0,B1508+55,1.59393,0.91258,J2000
./sched_archive/sched_2025-01-30.txt,2025-01-31T21:00,2025-01-31T21:59,3540.0,59.0,B1508+55,1.59393,0.91258,J2000
./sched_archive/sched_2025-02-04.txt,2025-02-04T13:00,2025-02-04T13:29,1740.0,29.0,J2145-0750_PSR,5.697805941281582,-0.1368075848974223,J2000
./sched_archive/sched_2025-02-04.txt,2025-02-04T13:30,2025-02-04T14:29,3540.0,59.0,B0809+74,2.159808588316899,1.300007038906933,J2000
./sched_archive/sched_2025-02-04.txt,2025-02-04T14:30,2025-02-04T15:29,3540.0,59.0,B0809+74,2.159808588316899,1.300007038906933,J2000
./sched_archive/sched_2025-02-04.txt,2025-02-04T15:30,2025-02-04T16:29,3540.0,59.0,B0809+74,2.159808588316899,1.300007038906933,J2000
./sched_archive/sched_2025-02-04.txt,2025-02-04T16:30,2025-02-04T17:29,3540.0,59.0,B0809+74,2.159808588316899,1.300007038906933,J2000
./sched_archive/sched_2025-02-04.txt,2025-02-04T17:30,2025-02-04T18:29,3540.0,59.0,B0809+74,2.159808588316899,1.300007038906933,J2000
./sched_archive/sched_2025-02-04.txt,2025-02-04T18:30,2025-02-04T19:29,3540.0,59.0,B0809+74,2.159808588316899,1.300007038906933,J2000
./sched_archive/sched_2025-02-04.txt,2025-02-04T19:30,2025-02-04T20:29,3540.0,59.0,B0809+74,2.159808588316899,1.300007038906933,J2000
./sched_archive/sched_2025-02-04.txt,2025-02-04T20:30,2025-02-04T21:29,3540.0,59.0,B0809+74,2.159808588316899,1.300007038906933,J2000
./sched_archive/sched_2025-02-04.txt,2025-02-04T21:30,2025-02-04T22:29,3540.0,59.0,B0809+74,2.159808588316899,1.300007038906933,J2000
./sched_archive/sched_2025-02-04.txt,2025-02-04T22:30,2025-02-04T23:29,3540.0,59.0,B0809+74,2.159808588316899,1.300007038906933,J2000
./sched_archive/sched_2025-02-04.txt,2025-02-04T23:30,2025-02-05T00:29,3540.0,59.0,B0809+74,2.159808588316899,1.300007038906933,J2000
./sched_archive/sched_2025-02-04.txt,2025-02-05T00:30,2025-02-05T01:29,3540.0,59.0,B0809+74,2.159808588316899,1.300007038906933,J2000
./sched_archive/sched_2025-02-04.txt,2025-02-05T01:30,2025-02-05T02:29,3540.0,59.0,B0809+74,2.159808588316899,1.300007038906933,J2000
./sched_archive/sched_2025-02-04.txt,2025-02-05T02:30,2025-02-05T03:29,3540.0,59.0,B0809+74,2.159808588316899,1.300007038906933,J2000
./sched_archive/sched_2025-02-04.txt,2025-02-05T03:30,2025-02-05T04:29,3540.0,59.0,B0809+74,2.159808588316899,1.300007038906933,J2000
./sched_archive/sched_2025-02-04.txt,2025-02-05T04:30,2025-02-05T05:29,3540.0,59.0,B0809+74,2.159808588316899,1.300007038906933,J2000
./sched_archive/sched_2025-02-04.txt,2025-02-05T05:30,2025-02-05T06:29,3540.0,59.0,B0809+74,2.159808588316899,1.300007038906933,J2000
./sched_archive/sched_2025-02-04.txt,2025-02-05T06:30,2025-02-05T07:29,3540.0,59.0,B0809+74,2.159808588316899,1.300007038906933,J2000
./sched_archive/sched_2025-02-04.txt,2025-02-05T07:30,2025-02-05T08:29,3540.0,59.0,B0809+74,2.159808588316899,1.300007038906933,J2000
./sched_archive/sched_2025-02-04.txt,2025-02-05T08:30,2025-02-05T09:29,3540.0,59.0,B0809+74,2.159808588316899,1.300007038906933,J2000
./sched_archive/sched_2025-02-04.txt,2025-02-05T09:30,2025-02-05T10:29,3540.0,59.0,B0809+74,2.159808588316899,1.300007038906933,J2000
./sched_archive/sched_2025-02-04.txt,2025-02-05T10:30,2025-02-05T11:29,3540.0,59.0,B0809+74,2.159808588316899,1.300007038906933,J2000
./sched_archive/sched_2025-02-04.txt,2025-02-05T11:30,2025-02-05T12:29,3540.0,59.0,B0809+74,2.159808588316899,1.300007038906933,J2000
./sched_archive/sched_2025-02-04.txt,2025-02-05T12:30,2025-02-05T12:59,1740.0,29.0,J2145-0750_PSR,5.697805941281582,-0.1368075848974223,J2000
./sched_archive/sched_2025-03-07-2.txt,2025-03-07T11:40,2025-03-07T12:25,2700.0,45.0,J2145-0750_PSR,5.69780569803577,-0.13680755418961463,J2000
./sched_archive/sched_2025-03-07-2.txt,2025-03-07T13:45,2025-03-07T14:30,2700.0,45.0,J0034-0534_PSR,0.14994081570537132,-0.09733469497432805,J2000
./sched_archive/sched_2025-03-08.txt,2025-03-08T11:40,2025-03-08T12:25,2700.0,45.0,J2145-0750_PSR,5.69780569803577,-0.13680755418961463,J2000
./sched_archive/sched_2025-03-08.txt,2025-03-08T13:45,2025-03-08T14:30,2700.0,45.0,J0034-0534_PSR  STOPSTART,0.14994081570537132,-0.09733469497432805,J2000
./sched_archive/sched_2025-03-09.txt,2025-03-09T11:40,2025-03-09T12:25,2700.0,45.0,J2145-0750_PSR,5.69780569803577,-0.13680755418961463,J2000
./sched_archive/sched_2025-03-09.txt,2025-03-09T13:45,2025-03-09T14:30,2700.0,45.0,J0034-0534_PSR  STOPSTART,0.14994081570537132,-0.09733469497432805,J2000
./sched_archive/sched_2025-03-10.txt,2025-03-10T11:40,2025-03-10T12:25,2700.0,45.0,J2145-0750_PSR,5.69780569803577,-0.13680755418961463,J2000
./sched_archive/sched_2025-03-10.txt,2025-03-10T13:45,2025-03-10T14:30,2700.0,45.0,J0034-0534_PSR  STOPSTART,0.14994081570537132,-0.09733469497432805,J2000
./sched_archive/sched_2025-03-11_2.txt,2025-03-11T10:30,2025-03-11T12:59,8940.0,149.0,Sun357,,,
./sched_archive/sched_2025-03-11_2.txt,2025-03-11T13:00,2025-03-11T13:45,2700.0,45.0,J0034-0534_PSR,0.14994081570537132,-0.09733469497432805,J2000
./sched_archive/sched_2025-03-12.txt,2025-03-12T10:45,2025-03-12T12:59,8040.0,134.0,Sun357,,,
./sched_archive/sched_2025-03-12.txt,2025-03-12T13:00,2025-03-12T13:45,2700.0,45.0,J0034-0534_PSR,0.14994081570537132,-0.09733469497432805,J2000
./sched_archive/sched_2025-03-12.txt,2025-03-12T13:46,2025-03-12T16:00,8040.0,134.0,Sun357,,,
./sched_archive/sched_2025-03-13.txt,2025-03-13T09:30,2025-03-13T11:15,6300.0,105.0,Sun357,,,
./sched_archive/sched_2025-03-13.txt,2025-03-13T11:16,2025-03-13T12:55,5940.0,99.0,Sun357,,,
./sched_archive/sched_2025-03-13.txt,2025-03-13T12:56,2025-03-13T13:40,2640.0,44.0,J0034-0534_PSR,0.14994081570537132,-0.09733469497432805,J2000
./sched_archive/sched_2025-03-13.txt,2025-03-13T13:41,2025-03-13T15:10,5340.0,89.0,Sun357,,,
./sched_archive/sched_2025-03-13.txt,2025-03-13T15:11,2025-03-13T16:15,3840.0,64.0,Sun357,,,
./sched_archive/sched_2025-03-14_solar_rerun.txt,2025-03-14T08:35,2025-03-14T09:35,3600.0,60.0,Sun357,,,
./sched_archive/sched_2025-03-14_solar_rerun.txt,2025-03-14T09:36,2025-03-14T10:35,3540.0,59.0,Sun357,,,
./sched_archive/sched_2025-03-14_solar_rerun.txt,2025-03-14T10:36,2025-03-14T11:35,3540.0,59.0,Sun357,,,
./sched_archive/sched_2025-03-14_solar_rerun.txt,2025-03-14T11:36,2025-03-14T12:35,3540.0,59.0,Sun357,,,
./sched_archive/sched_2025-03-14_solar_rerun.txt,2025-03-14T12:36,2025-03-14T13:35,3540.0,59.0,Sun357,,,
./sched_archive/sched_2025-03-14_solar_rerun.txt,2025-03-14T13:36,2025-03-14T14:35,3540.0,59.0,Sun357,,,
./sched_archive/sched_2025-03-14_solar_rerun.txt,2025-03-14T14:36,2025-03-14T15:35,3540.0,59.0,Sun357,,,
./sched_archive/sched_2025-03-14_solar_rerun.txt,2025-03-14T15:36,2025-03-14T16:35,3540.0,59.0,Sun357,,,
./sched_archive/sched_2025-03-14_solar_rerun.txt,2025-03-14T16:36,2025-03-14T17:35,3540.0,59.0,Sun357,,,
./sched_archive/sched_2025-03-14_solar_rerun.txt,2025-03-14T17:36,2025-03-14T18:35,3540.0,59.0,Sun357,,,
./sched_archive/sched_2025-03-15_part1of4.txt,2025-03-15T07:01,2025-03-15T08:00,3540.0,59.0,Sun357,,,
./sched_archive/sched_2025-03-15_part1of4.txt,2025-03-15T08:01,2025-03-15T09:00,3540.0,59.0,Sun357,,,
./sched_archive/sched_2025-03-15_part1of4.txt,2025-03-15T09:01,2025-03-15T10:00,3540.0,59.0,Sun357,,,
./sched_archive/sched_2025-03-15_part2of4.txt,2025-03-15T10:01,2025-03-15T11:00,3540.0,59.0,Sun357,,,
./sched_archive/sched_2025-03-15_part2of4.txt,2025-03-15T11:01,2025-03-15T12:00,3540.0,59.0,Sun357,,,
./sched_archive/sched_2025-03-15_part2of4.txt,2025-03-15T12:01,2025-03-15T13:00,3540.0,59.0,Sun357,,,
./sched_archive/sched_2025-03-15_part3of4.txt,2025-03-15T13:01,2025-03-15T14:00,3540.0,59.0,Sun357,,,
./sched_archive/sched_2025-03-15_part3of4.txt,2025-03-15T14:01,2025-03-15T15:00,3540.0,59.0,Sun357,,,
./sched_archive/sched_2025-03-15_part3of4.txt,2025-03-15T15:01,2025-03-15T16:00,3540.0,59.0,Sun357,,,
./sched_archive/sched_2025-03-15_part4of4.txt,2025-03-15T16:01,2025-03-15T17:00,3540.0,59.0,Sun357,,,
./sched_archive/sched_2025-03-15_part4of4.txt,2025-03-15T17:01,2025-03-15T18:00,3540.0,59.0,Sun357,,,
./sched_archive/sched_2025-03-15_part4of4.txt,2025-03-15T18:01,2025-03-15T18:21,1200.0,20.0,Sun357,,,
./sched_archive/sched_2025-03-16.txt,2025-03-16T06:51,2025-03-16T08:00,4140.0,69.0,Sun357,,,
./sched_archive/sched_2025-03-16.txt,2025-03-16T08:01,2025-03-16T09:00,3540.0,59.0,Sun357,,,
./sched_archive/sched_2025-03-16.txt,2025-03-16T09:01,2025-03-16T10:00,3540.0,59.0,Sun357,,,
./sched_archive/sched_2025-03-16.txt,2025-03-16T10:01,2025-03-16T11:00,3540.0,59.0,Sun357,,,
./sched_archive/sched_2025-03-16.txt,2025-03-16T11:01,2025-03-16T12:44,6180.0,103.0,Sun357,,,
./sched_archive/sched_2025-03-16.txt,2025-03-16T13:16,2025-03-16T14:00,2640.0,44.0,Sun357,,,
./sched_archive/sched_2025-03-16.txt,2025-03-16T14:01,2025-03-16T15:00,3540.0,59.0,Sun357,,,
./sched_archive/sched_2025-03-16.txt,2025-03-16T15:01,2025-03-16T16:00,3540.0,59.0,Sun357,,,
./sched_archive/sched_2025-03-16.txt,2025-03-16T16:01,2025-03-16T17:00,3540.0,59.0,Sun357,,,
./sched_archive/sched_2025-03-16.txt,2025-03-16T17:01,2025-03-16T18:00,3540.0,59.0,Sun357,,,
./sched_archive/sched_2025-03-16.txt,2025-03-16T18:01,2025-03-16T18:31,1800.0,30.0,Sun357,,,
./sched_archive/sched_2025-03-16_part1of4.txt,2025-03-16T06:51,2025-03-16T08:00,4140.0,69.0,Sun357,,,
./sched_archive/sched_2025-03-16_part1of4.txt,2025-03-16T08:01,2025-03-16T09:00,3540.0,59.0,Sun357,,,
./sched_archive/sched_2025-03-16_part1of4.txt,2025-03-16T09:01,2025-03-16T10:00,3540.0,59.0,Sun357,,,
./sched_archive/sched_2025-03-16_part2of4.txt,2025-03-16T10:01,2025-03-16T11:00,3540.0,59.0,Sun357,,,
./sched_archive/sched_2025-03-16_part2of4.txt,2025-03-16T11:01,2025-03-16T12:00,3540.0,59.0,Sun357,,,
./sched_archive/sched_2025-03-16_part2of4.txt,2025-03-16T12:01,2025-03-16T13:00,3540.0,59.0,Sun357,,,
./sched_archive/sched_2025-03-16_part3of4.txt,2025-03-16T13:01,2025-03-16T14:00,3540.0,59.0,Sun357,,,
./sched_archive/sched_2025-03-16_part3of4.txt,2025-03-16T14:01,2025-03-16T15:00,3540.0,59.0,Sun357,,,
./sched_archive/sched_2025-03-16_part3of4.txt,2025-03-16T15:01,2025-03-16T16:00,3540.0,59.0,Sun357,,,
./sched_archive/sched_2025-03-16_part4of4.txt,2025-03-16T16:01,2025-03-16T17:00,3540.0,59.0,Sun357,,,
./sched_archive/sched_2025-03-16_part4of4.txt,2025-03-16T17:01,2025-03-16T18:00,3540.0,59.0,Sun357,,,
./sched_archive/sched_2025-03-16_part4of4.txt,2025-03-16T18:01,2025-03-16T18:31,1800.0,30.0,Sun357,,,
./sched_archive/sched_2025-03-17.txt,2025-03-17T06:51,2025-03-17T08:00,4140.0,69.0,Sun357,,,
./sched_archive/sched_2025-03-17.txt,2025-03-17T08:01,2025-03-17T09:00,3540.0,59.0,Sun357,,,
./sched_archive/sched_2025-03-17.txt,2025-03-17T09:01,2025-03-17T10:00,3540.0,59.0,Sun357,,,
./sched_archive/sched_2025-03-17.txt,2025-03-17T10:01,2025-03-17T11:00,3540.0,59.0,Sun357,,,
./sched_archive/sched_2025-03-17.txt,2025-03-17T11:01,2025-03-17T12:00,3540.0,59.0,Sun357,,,
./sched_archive/sched_2025-03-17.txt,2025-03-17T12:01,2025-03-17T13:00,3540.0,59.0,Sun357,,,
./sched_archive/sched_2025-03-17.txt,2025-03-17T13:01,2025-03-17T14:00,3540.0,59.0,Sun357,,,
./sched_archive/sched_2025-03-17.txt,2025-03-17T14:01,2025-03-17T15:00,3540.0,59.0,Sun357,,,
./sched_archive/sched_2025-03-17.txt,2025-03-17T15:01,2025-03-17T16:00,3540.0,59.0,Sun357,,,
./sched_archive/sched_2025-03-17.txt,2025-03-17T16:01,2025-03-17T17:00,3540.0,59.0,Sun357,,,
./sched_archive/sched_2025-03-17.txt,2025-03-17T17:01,2025-03-17T18:00,3540.0,59.0,Sun357,,,
./sched_archive/sched_2025-03-17.txt,2025-03-17T18:01,2025-03-17T18:31,1800.0,30.0,Sun357,,,
./sched_archive/sched_2025-03-18.txt,2025-03-18T06:51,2025-03-18T08:00,4140.0,69.0,Sun357,,,
./sched_archive/sched_2025-03-18.txt,2025-03-18T08:01,2025-03-18T09:00,3540.0,59.0,Sun357,,,
./sched_archive/sched_2025-03-18.txt,2025-03-18T09:01,2025-03-18T10:00,3540.0,59.0,Sun357,,,
./sched_archive/sched_2025-03-18.txt,2025-03-18T10:01,2025-03-18T11:00,3540.0,59.0,Sun357,,,
./sched_archive/sched_2025-03-18.txt,2025-03-18T11:01,2025-03-18T12:29,5280.0,88.0,Sun357,,,
./sched_archive/sched_2025-03-18.txt,2025-03-18T13:01,2025-03-18T14:00,3540.0,59.0,Sun357,,,
./sched_archive/sched_2025-03-18.txt,2025-03-18T14:01,2025-03-18T15:00,3540.0,59.0,Sun357,,,
./sched_archive/sched_2025-03-18.txt,2025-03-18T15:01,2025-03-18T16:00,3540.0,59.0,Sun357,,,
./sched_archive/sched_2025-03-18.txt,2025-03-18T16:01,2025-03-18T17:00,3540.0,59.0,Sun357,,,
./sched_archive/sched_2025-03-18.txt,2025-03-18T17:01,2025-03-18T18:00,3540.0,59.0,Sun357,,,
./sched_archive/sched_2025-03-18.txt,2025-03-18T18:01,2025-03-18T18:31,1800.0,30.0,Sun357,,,
./sched_archive/sched_2025-03-19.txt,2025-03-19T06:51,2025-03-19T08:00,4140.0,69.0,Sun357,,,
./sched_archive/sched_2025-03-19.txt,2025-03-19T08:01,2025-03-19T09:00,3540.0,59.0,Sun357,,,
./sched_archive/sched_2025-03-19.txt,2025-03-19T09:01,2025-03-19T10:00,3540.0,59.0,Sun357,,,
./sched_archive/sched_2025-03-19.txt,2025-03-19T10:01,2025-03-19T11:00,3540.0,59.0,Sun357,,,
./sched_archive/sched_2025-03-19.txt,2025-03-19T11:01,2025-03-19T12:29,5280.0,88.0,Sun357,,,
./sched_archive/sched_2025-03-19.txt,2025-03-19T13:01,2025-03-19T14:00,3540.0,59.0,Sun357,,,
./sched_archive/sched_2025-03-19.txt,2025-03-19T14:01,2025-03-19T15:00,3540.0,59.0,Sun357,,,
./sched_archive/sched_2025-03-19.txt,2025-03-19T15:01,2025-03-19T16:00,3540.0,59.0,Sun357,,,
./sched_archive/sched_2025-03-19.txt,2025-03-19T16:01,2025-03-19T17:00,3540.0,59.0,Sun357,,,
./sched_archive/sched_2025-03-19.txt,2025-03-19T17:01,2025-03-19T18:00,3540.0,59.0,Sun357,,,
./sched_archive/sched_2025-03-19.txt,2025-03-19T18:01,2025-03-19T18:31,1800.0,30.0,Sun357,,,
./sched_archive/sched_2025-03-20.txt,2025-03-20T06:51,2025-03-20T08:00,4140.0,69.0,Sun357,,,
./sched_archive/sched_2025-03-20.txt,2025-03-20T08:01,2025-03-20T09:00,3540.0,59.0,Sun357,,,
./sched_archive/sched_2025-03-20.txt,2025-03-20T09:01,2025-03-20T10:00,3540.0,59.0,Sun357,,,
./sched_archive/sched_2025-03-20.txt,2025-03-20T10:01,2025-03-20T11:00,3540.0,59.0,Sun357,,,
./sched_archive/sched_2025-03-20.txt,2025-03-20T11:01,2025-03-20T12:14,4380.0,73.0,Sun357,,,
./sched_archive/sched_2025-03-20.txt,2025-03-20T12:46,2025-03-20T14:00,4440.0,74.0,Sun357,,,
./sched_archive/sched_2025-03-20.txt,2025-03-20T14:01,2025-03-20T15:00,3540.0,59.0,Sun357,,,
./sched_archive/sched_2025-03-20.txt,2025-03-20T15:01,2025-03-20T16:00,3540.0,59.0,Sun357,,,
./sched_archive/sched_2025-03-20.txt,2025-03-20T16:01,2025-03-20T17:00,3540.0,59.0,Sun357,,,
./sched_archive/sched_2025-03-20.txt,2025-03-20T17:01,2025-03-20T18:31,5400.0,90.0,Sun357,,,
./sched_archive/sched_2025-03-21.txt,2025-03-21T08:31,2025-03-21T09:30,3540.0,59.0,Sun357,,,
./sched_archive/sched_2025-03-21.txt,2025-03-21T12:15,2025-03-21T12:45,1800.0,30.0,J0034-0534_PSR,0.14994081570537132,-0.09733469497432805,J2000
./sched_archive/sched_2025-03-21.txt,2025-03-21T12:46,2025-03-21T14:00,4440.0,74.0,Sun357,,,
./sched_archive/sched_2025-03-21.txt,2025-03-21T14:01,2025-03-21T15:00,3540.0,59.0,Sun357,,,
./sched_archive/sched_2025-03-21.txt,2025-03-21T15:01,2025-03-21T16:00,3540.0,59.0,Sun357,,,
./sched_archive/sched_2025-03-21.txt,2025-03-21T16:01,2025-03-21T17:31,5400.0,90.0,Sun357,,,
./sched_archive/sched_2025-03-24.txt,2025-03-24T08:31,2025-03-24T09:30,3540.0,59.0,Sun357,,,
./sched_archive/sched_2025-03-24.txt,2025-03-24T09:31,2025-03-24T10:30,3540.0,59.0,Sun357,,,
./sched_archive/sched_2025-03-24.txt,2025-03-24T10:31,2025-03-24T11:30,3540.0,59.0,Sun357,,,
./sched_archive/sched_2025-03-24.txt,2025-03-24T11:31,2025-03-24T11:59,1680.0,28.0,Sun357,,,
./sched_archive/sched_2025-03-24.txt,2025-03-24T12:00,2025-03-24T12:30,1800.0,30.0,J0034-0534_PSR,0.14994081570537132,-0.09733469497432805,J2000
./sched_archive/sched_2025-03-24.txt,2025-03-24T12:31,2025-03-24T14:00,5340.0,89.0,Sun357,,,
./sched_archive/sched_2025-03-24.txt,2025-03-24T14:01,2025-03-24T15:00,3540.0,59.0,Sun357,,,
./sched_archive/sched_2025-03-24.txt,2025-03-24T15:01,2025-03-24T16:00,3540.0,59.0,Sun357,,,
./sched_archive/sched_2025-03-24.txt,2025-03-24T16:01,2025-03-24T17:41,6000.0,100.0,Sun357,,,
./sched_archive/sched_2025-03-25.txt,2025-03-25T08:31,2025-03-25T09:30,3540.0,59.0,Sun357,,,
./sched_archive/sched_2025-03-25.txt,2025-03-25T09:31,2025-03-25T10:30,3540.0,59.0,Sun357,,,
./sched_archive/sched_2025-03-25.txt,2025-03-25T10:31,2025-03-25T11:30,3540.0,59.0,Sun357,,,
./sched_archive/sched_2025-03-25.txt,2025-03-25T11:31,2025-03-25T11:59,1680.0,28.0,Sun357,,,
./sched_archive/sched_2025-03-25.txt,2025-03-25T12:00,2025-03-25T12:30,1800.0,30.0,J0034-0534_PSR,0.14994081570537132,-0.09733469497432805,J2000
./sched_archive/sched_2025-03-25.txt,2025-03-25T12:31,2025-03-25T14:00,5340.0,89.0,Sun357,,,
./sched_archive/sched_2025-03-25.txt,2025-03-25T14:01,2025-03-25T15:00,3540.0,59.0,Sun357,,,
./sched_archive/sched_2025-03-25.txt,2025-03-25T15:01,2025-03-25T16:00,3540.0,59.0,Sun357,,,
./sched_archive/sched_2025-03-25.txt,2025-03-25T16:01,2025-03-25T17:41,6000.0,100.0,Sun357,,,
./sched_archive/sched_2025-03-26.txt,2025-03-26T08:31,2025-03-26T09:30,3540.0,59.0,Sun357,,,
./sched_archive/sched_2025-03-26.txt,2025-03-26T09:31,2025-03-26T10:30,3540.0,59.0,Sun357,,,
./sched_archive/sched_2025-03-26.txt,2025-03-26T10:31,2025-03-26T11:30,3540.0,59.0,Sun357,,,
./sched_archive/sched_2025-03-26.txt,2025-03-26T11:31,2025-03-26T11:59,1680.0,28.0,Sun357,,,
./sched_archive/sched_2025-03-26.txt,2025-03-26T12:00,2025-03-26T12:30,1800.0,30.0,J0034-0534_PSR,0.14994081570537132,-0.09733469497432805,J2000
./sched_archive/sched_2025-03-26.txt,2025-03-26T12:31,2025-03-26T14:00,5340.0,89.0,Sun357,,,
./sched_archive/sched_2025-03-26.txt,2025-03-26T14:01,2025-03-26T15:00,3540.0,59.0,Sun357,,,
./sched_archive/sched_2025-03-26.txt,2025-03-26T15:01,2025-03-26T16:00,3540.0,59.0,Sun357,,,
./sched_archive/sched_2025-03-26.txt,2025-03-26T16:01,2025-03-26T17:41,6000.0,100.0,Sun357,,,
./sched_archive/sched_2025-03-27.txt,2025-03-27T08:31,2025-03-27T09:30,3540.0,59.0,Sun357,,,
./sched_archive/sched_2025-03-27.txt,2025-03-27T09:31,2025-03-27T10:30,3540.0,59.0,Sun357,,,
./sched_archive/sched_2025-03-27.txt,2025-03-27T10:31,2025-03-27T11:30,3540.0,59.0,Sun357,,,
./sched_archive/sched_2025-03-27.txt,2025-03-27T11:31,2025-03-27T11:59,1680.0,28.0,Sun357,,,
./sched_archive/sched_2025-03-27.txt,2025-03-27T12:00,2025-03-27T12:30,1800.0,30.0,J0034-0534_PSR,0.14994081570537132,-0.09733469497432805,J2000
./sched_archive/sched_2025-03-27.txt,2025-03-27T12:31,2025-03-27T14:00,5340.0,89.0,Sun357,,,
./sched_archive/sched_2025-03-27.txt,2025-03-27T14:01,2025-03-27T15:00,3540.0,59.0,Sun357,,,
./sched_archive/sched_2025-03-27.txt,2025-03-27T15:01,2025-03-27T16:00,3540.0,59.0,Sun357,,,
./sched_archive/sched_2025-03-27.txt,2025-03-27T16:01,2025-03-27T17:50,6540.0,109.0,Sun357,,,
./sched_archive/sched_2025-03-28.txt,2025-03-28T08:31,2025-03-28T09:30,3540.0,59.0,Sun357,,,
./sched_archive/sched_2025-03-28.txt,2025-03-28T09:31,2025-03-28T10:30,3540.0,59.0,Sun357,,,
./sched_archive/sched_2025-03-28.txt,2025-03-28T10:31,2025-03-28T11:30,3540.0,59.0,Sun357,,,
./sched_archive/sched_2025-03-28.txt,2025-03-28T11:31,2025-03-28T11:44,780.0,13.0,Sun357,,,
./sched_archive/sched_2025-03-28.txt,2025-03-28T11:45,2025-03-28T12:15,1800.0,30.0,J0034-0534_PSR,0.14994081570537132,-0.09733469497432805,J2000
./sched_archive/sched_2025-03-28.txt,2025-03-28T12:16,2025-03-28T14:00,6240.0,104.0,Sun357,,,
./sched_archive/sched_2025-03-28.txt,2025-03-28T14:01,2025-03-28T15:00,3540.0,59.0,Sun357,,,
./sched_archive/sched_2025-03-28.txt,2025-03-28T15:01,2025-03-28T16:00,3540.0,59.0,Sun357,,,
./sched_archive/sched_2025-03-28.txt,2025-03-28T16:01,2025-03-28T17:50,6540.0,109.0,Sun357,,,
./sched_archive/sched_2025-03-29.txt,2025-03-29T07:31,2025-03-29T09:00,5340.0,89.0,Sun357,,,
./sched_archive/sched_2025-03-29.txt,2025-03-29T09:01,2025-03-29T10:00,3540.0,59.0,Sun357,,,
./sched_archive/sched_2025-03-29.txt,2025-03-29T10:01,2025-03-29T11:00,3540.0,59.0,Sun357,,,
./sched_archive/sched_2025-03-29.txt,2025-03-29T11:01,2025-03-29T12:59,7080.0,118.0,Sun357,,,
./sched_archive/sched_2025-03-29.txt,2025-03-29T13:00,2025-03-29T13:30,1800.0,30.0,J0034-0534_PSR,0.14994081570537132,-0.09733469497432805,J2000
./sched_archive/sched_2025-03-29.txt,2025-03-29T13:31,2025-03-29T15:00,5340.0,89.0,Sun357,,,
./sched_archive/sched_2025-03-29.txt,2025-03-29T15:01,2025-03-29T16:00,3540.0,59.0,Sun357,,,
./sched_archive/sched_2025-03-29.txt,2025-03-29T16:01,2025-03-29T17:41,6000.0,100.0,Sun357,,,
./sched_archive/sched_2025-03-30.txt,2025-03-30T07:31,2025-03-30T09:00,5340.0,89.0,Sun357,,,
./sched_archive/sched_2025-03-30.txt,2025-03-30T09:01,2025-03-30T10:00,3540.0,59.0,Sun357,,,
./sched_archive/sched_2025-03-30.txt,2025-03-30T10:01,2025-03-30T11:00,3540.0,59.0,Sun357,,,
./sched_archive/sched_2025-03-30.txt,2025-03-30T11:01,2025-03-30T12:00,3540.0,59.0,Sun357,,,
./sched_archive/sched_2025-03-30.txt,2025-03-30T12:01,2025-03-30T13:00,3540.0,59.0,Sun357,,,
./sched_archive/sched_2025-03-30.txt,2025-03-30T13:01,2025-03-30T14:00,3540.0,59.0,Sun357,,,
./sched_archive/sched_2025-03-30.txt,2025-03-30T14:01,2025-03-30T15:00,3540.0,59.0,Sun357,,,
./sched_archive/sched_2025-03-30.txt,2025-03-30T15:01,2025-03-30T16:00,3540.0,59.0,Sun357,,,
./sched_archive/sched_2025-03-30.txt,2025-03-30T16:01,2025-03-30T17:41,6000.0,100.0,Sun357,,,
./sched_archive/sched_2025-03-30_reinitialized.txt,2025-03-30T08:12,2025-03-30T09:00,2880.0,48.0,Sun357,,,
./sched_archive/sched_2025-03-30_reinitialized.txt,2025-03-30T09:01,2025-03-30T10:00,3540.0,59.0,Sun357,,,
./sched_archive/sched_2025-03-30_reinitialized.txt,2025-03-30T10:01,2025-03-30T11:00,3540.0,59.0,Sun357,,,
./sched_archive/sched_2025-03-30_reinitialized.txt,2025-03-30T11:01,2025-03-30T12:00,3540.0,59.0,Sun357,,,
./sched_archive/sched_2025-03-30_reinitialized.txt,2025-03-30T12:01,2025-03-30T13:00,3540.0,59.0,Sun357,,,
./sched_archive/sched_2025-03-30_reinitialized.txt,2025-03-30T13:01,2025-03-30T14:00,3540.0,59.0,Sun357,,,
./sched_archive/sched_2025-03-30_reinitialized.txt,2025-03-30T14:01,2025-03-30T15:00,3540.0,59.0,Sun357,,,
./sched_archive/sched_2025-03-30_reinitialized.txt,2025-03-30T15:01,2025-03-30T16:00,3540.0,59.0,Sun357,,,
./sched_archive/sched_2025-03-30_reinitialized.txt,2025-03-30T16:01,2025-03-30T17:41,6000.0,100.0,Sun357,,,
./sched_archive/sched_2025-03-31.txt,2025-03-31T07:21,2025-03-31T09:00,5940.0,99.0,Sun357,,,
./sched_archive/sched_2025-03-31.txt,2025-03-31T09:01,2025-03-31T10:00,3540.0,59.0,Sun357,,,
./sched_archive/sched_2025-03-31.txt,2025-03-31T10:01,2025-03-31T11:44,6180.0,103.0,Sun357,,,
./sched_archive/sched_2025-03-31.txt,2025-03-31T11:45,2025-03-31T12:15,1800.0,30.0,J0034-0534_PSR,0.14994081570537132,-0.09733469497432805,J2000
./sched_archive/sched_2025-03-31.txt,2025-03-31T12:16,2025-03-31T14:00,6240.0,104.0,Sun357,,,
./sched_archive/sched_2025-03-31.txt,2025-03-31T14:01,2025-03-31T15:00,3540.0,59.0,Sun357,,,
./sched_archive/sched_2025-03-31.txt,2025-03-31T15:01,2025-03-31T16:00,3540.0,59.0,Sun357,,,
./sched_archive/sched_2025-03-31.txt,2025-03-31T16:01,2025-03-31T17:51,6600.0,110.0,Sun357,,,
./sched_archive/sched_2025-04-01.txt,2025-04-01T07:21,2025-04-01T09:00,5940.0,99.0,Sun357,,,
./sched_archive/sched_2025-04-01.txt,2025-04-01T09:01,2025-04-01T10:00,3540.0,59.0,Sun357,,,
./sched_archive/sched_2025-04-01.txt,2025-04-01T10:01,2025-04-01T11:29,5280.0,88.0,Sun357,,,
./sched_archive/sched_2025-04-01.txt,2025-04-01T11:30,2025-04-01T12:00,1800.0,30.0,J0034-0534_PSR,0.14994081570537132,-0.09733469497432805,J2000
./sched_archive/sched_2025-04-01.txt,2025-04-01T12:01,2025-04-01T13:00,3540.0,59.0,Sun357,,,
./sched_archive/sched_2025-04-01.txt,2025-04-01T13:01,2025-04-01T14:00,3540.0,59.0,Sun357,,,
./sched_archive/sched_2025-04-01.txt,2025-04-01T14:01,2025-04-01T15:00,3540.0,59.0,Sun357,,,
./sched_archive/sched_2025-04-01.txt,2025-04-01T15:01,2025-04-01T16:00,3540.0,59.0,Sun357,,,
./sched_archive/sched_2025-04-01.txt,2025-04-01T16:01,2025-04-01T17:51,6600.0,110.0,Sun357,,,
./sched_archive/sched_2025-04-02.txt,2025-04-02T07:21,2025-04-02T09:00,5940.0,99.0,Sun357,,,
./sched_archive/sched_2025-04-02.txt,2025-04-02T09:01,2025-04-02T10:00,3540.0,59.0,Sun357,,,
./sched_archive/sched_2025-04-02.txt,2025-04-02T10:01,2025-04-02T11:29,5280.0,88.0,Sun357,,,
./sched_archive/sched_2025-04-02.txt,2025-04-02T11:30,2025-04-02T12:00,1800.0,30.0,J0034-0534_PSR,0.14994081570537132,-0.09733469497432805,J2000
./sched_archive/sched_2025-04-02.txt,2025-04-02T12:01,2025-04-02T13:00,3540.0,59.0,Sun357,,,
./sched_archive/sched_2025-04-02.txt,2025-04-02T13:01,2025-04-02T14:00,3540.0,59.0,Sun357,,,
./sched_archive/sched_2025-04-02.txt,2025-04-02T14:01,2025-04-02T15:00,3540.0,59.0,Sun357,,,
./sched_archive/sched_2025-04-02.txt,2025-04-02T15:01,2025-04-02T16:00,3540.0,59.0,Sun357,,,
./sched_archive/sched_2025-04-02.txt,2025-04-02T16:01,2025-04-02T17:51,6600.0,110.0,Sun357,,,
./sched_archive/sched_2025-04-03.txt,2025-04-03T07:21,2025-04-03T09:00,5940.0,99.0,Sun357,,,
./sched_archive/sched_2025-04-03.txt,2025-04-03T09:01,2025-04-03T10:00,3540.0,59.0,Sun357,,,
./sched_archive/sched_2025-04-03.txt,2025-04-03T10:01,2025-04-03T11:00,3540.0,59.0,Sun357,,,
./sched_archive/sched_2025-04-03.txt,2025-04-03T11:01,2025-04-03T12:00,3540.0,59.0,Sun357,,,
./sched_archive/sched_2025-04-03.txt,2025-04-03T12:01,2025-04-03T13:00,3540.0,59.0,Sun357,,,
./sched_archive/sched_2025-04-03.txt,2025-04-03T13:01,2025-04-03T14:00,3540.0,59.0,Sun357,,,
./sched_archive/sched_2025-04-03.txt,2025-04-03T14:01,2025-04-03T15:00,3540.0,59.0,Sun357,,,
./sched_archive/sched_2025-04-03.txt,2025-04-03T15:01,2025-04-03T16:00,3540.0,59.0,Sun357,,,
./sched_archive/sched_2025-04-03.txt,2025-04-03T16:01,2025-04-03T17:51,6600.0,110.0,Sun357,,,
./sched_archive/sched_2025-04-04.txt,2025-04-04T12:30,2025-04-04T13:00,1800.0,30.0,Sun357,,,
./sched_archive/sched_2025-04-04.txt,2025-04-04T13:01,2025-04-04T14:00,3540.0,59.0,Sun357,,,
./sched_archive/sched_2025-04-04.txt,2025-04-04T14:01,2025-04-04T15:00,3540.0,59.0,Sun357,,,
./sched_archive/sched_2025-04-04.txt,2025-04-04T15:01,2025-04-04T16:00,3540.0,59.0,Sun357,,,
./sched_archive/sched_2025-04-04.txt,2025-04-04T16:01,2025-04-04T17:51,6600.0,110.0,Sun357,,,
./sched_archive/sched_2025-04-05.txt,2025-04-05T07:51,2025-04-05T08:50,3540.0,59.0,Sun357,,,
./sched_archive/sched_2025-04-05.txt,2025-04-05T08:51,2025-04-05T09:50,3540.0,59.0,Sun357,,,
./sched_archive/sched_2025-04-05.txt,2025-04-05T09:51,2025-04-05T10:50,3540.0,59.0,Sun357,,,
./sched_archive/sched_2025-04-05.txt,2025-04-05T10:51,2025-04-05T11:14,1380.0,23.0,Sun357,,,
./sched_archive/sched_2025-04-05.txt,2025-04-05T11:15,2025-04-05T11:45,1800.0,30.0,J0034-0534_PSR,0.14994081570537132,-0.09733469497432805,J2000
./sched_archive/sched_2025-04-05.txt,2025-04-05T11:46,2025-04-05T13:05,4740.0,79.0,Sun357,,,
./sched_archive/sched_2025-04-05.txt,2025-04-05T13:06,2025-04-05T14:05,3540.0,59.0,Sun357,,,
./sched_archive/sched_2025-04-05.txt,2025-04-05T14:06,2025-04-05T15:05,3540.0,59.0,Sun357,,,
./sched_archive/sched_2025-04-05.txt,2025-04-05T15:06,2025-04-05T16:05,3540.0,59.0,Sun357,,,
./sched_archive/sched_2025-04-05.txt,2025-04-05T16:06,2025-04-05T17:21,4500.0,75.0,Sun357,,,
./sched_archive/sched_2025-04-06.txt,2025-04-06T07:51,2025-04-06T08:50,3540.0,59.0,Sun357,,,
./sched_archive/sched_2025-04-06.txt,2025-04-06T08:51,2025-04-06T09:50,3540.0,59.0,Sun357,,,
./sched_archive/sched_2025-04-06.txt,2025-04-06T09:51,2025-04-06T10:50,3540.0,59.0,Sun357,,,
./sched_archive/sched_2025-04-06.txt,2025-04-06T10:51,2025-04-06T11:14,1380.0,23.0,Sun357,,,
./sched_archive/sched_2025-04-06.txt,2025-04-06T11:15,2025-04-06T11:45,1800.0,30.0,J0034-0534_PSR,0.14994081570537132,-0.09733469497432805,J2000
./sched_archive/sched_2025-04-06.txt,2025-04-06T11:46,2025-04-06T13:05,4740.0,79.0,Sun357,,,
./sched_archive/sched_2025-04-06.txt,2025-04-06T13:06,2025-04-06T14:05,3540.0,59.0,Sun357,,,
./sched_archive/sched_2025-04-06.txt,2025-04-06T14:06,2025-04-06T15:05,3540.0,59.0,Sun357,,,
./sched_archive/sched_2025-04-06.txt,2025-04-06T15:06,2025-04-06T16:05,3540.0,59.0,Sun357,,,
./sched_archive/sched_2025-04-06.txt,2025-04-06T16:06,2025-04-06T17:21,4500.0,75.0,Sun357,,,
./sched_archive/sched_2025-04-07.txt,2025-04-07T07:51,2025-04-07T08:50,3540.0,59.0,Sun357,,,
./sched_archive/sched_2025-04-07.txt,2025-04-07T08:51,2025-04-07T09:50,3540.0,59.0,Sun357,,,
./sched_archive/sched_2025-04-07.txt,2025-04-07T09:51,2025-04-07T10:50,3540.0,59.0,Sun357,,,
./sched_archive/sched_2025-04-07.txt,2025-04-07T10:51,2025-04-07T11:14,1380.0,23.0,Sun357,,,
./sched_archive/sched_2025-04-07.txt,2025-04-07T11:15,2025-04-07T11:45,1800.0,30.0,J0034-0534_PSR,0.14994081570537132,-0.09733469497432805,J2000
./sched_archive/sched_2025-04-07.txt,2025-04-07T11:46,2025-04-07T13:05,4740.0,79.0,Sun357,,,
./sched_archive/sched_2025-04-07.txt,2025-04-07T13:06,2025-04-07T14:05,3540.0,59.0,Sun357,,,
./sched_archive/sched_2025-04-07.txt,2025-04-07T14:06,2025-04-07T15:05,3540.0,59.0,Sun357,,,
./sched_archive/sched_2025-04-07.txt,2025-04-07T15:06,2025-04-07T16:05,3540.0,59.0,Sun357,,,
./sched_archive/sched_2025-04-07.txt,2025-04-07T16:06,2025-04-07T17:21,4500.0,75.0,Sun357,,,
./sched_archive/sched_2025-04-08.txt,2025-04-08T07:41,2025-04-08T08:50,4140.0,69.0,Sun357,,,
./sched_archive/sched_2025-04-08.txt,2025-04-08T08:51,2025-04-08T09:50,3540.0,59.0,Sun357,,,
./sched_archive/sched_2025-04-08.txt,2025-04-08T09:51,2025-04-08T10:50,3540.0,59.0,Sun357,,,
./sched_archive/sched_2025-04-08.txt,2025-04-08T10:51,2025-04-08T11:14,1380.0,23.0,Sun357,,,
./sched_archive/sched_2025-04-08.txt,2025-04-08T11:15,2025-04-08T11:45,1800.0,30.0,J0034-0534_PSR,0.14994081570537132,-0.09733469497432805,J2000
./sched_archive/sched_2025-04-08.txt,2025-04-08T11:46,2025-04-08T13:05,4740.0,79.0,Sun357,,,
./sched_archive/sched_2025-04-08.txt,2025-04-08T13:06,2025-04-08T14:05,3540.0,59.0,Sun357,,,
./sched_archive/sched_2025-04-08.txt,2025-04-08T14:06,2025-04-08T15:05,3540.0,59.0,Sun357,,,
./sched_archive/sched_2025-04-08.txt,2025-04-08T15:06,2025-04-08T16:05,3540.0,59.0,Sun357,,,
./sched_archive/sched_2025-04-08.txt,2025-04-08T16:06,2025-04-08T17:30,5040.0,84.0,Sun357,,,
./sched_archive/sched_2025-04-09.txt,2025-04-09T07:41,2025-04-09T08:50,4140.0,69.0,Sun357,,,
./sched_archive/sched_2025-04-09.txt,2025-04-09T08:51,2025-04-09T09:50,3540.0,59.0,Sun357,,,
./sched_archive/sched_2025-04-09.txt,2025-04-09T09:51,2025-04-09T10:59,4080.0,68.0,Sun357,,,
./sched_archive/sched_2025-04-09.txt,2025-04-09T11:00,2025-04-09T11:30,1800.0,30.0,J0034-0534_PSR,0.14994081570537132,-0.09733469497432805,J2000
./sched_archive/sched_2025-04-09.txt,2025-04-09T11:31,2025-04-09T13:05,5640.0,94.0,Sun357,,,
./sched_archive/sched_2025-04-09.txt,2025-04-09T13:06,2025-04-09T14:05,3540.0,59.0,Sun357,,,
./sched_archive/sched_2025-04-09.txt,2025-04-09T14:06,2025-04-09T15:05,3540.0,59.0,Sun357,,,
./sched_archive/sched_2025-04-09.txt,2025-04-09T15:06,2025-04-09T16:05,3540.0,59.0,Sun357,,,
./sched_archive/sched_2025-04-09.txt,2025-04-09T16:06,2025-04-09T17:30,5040.0,84.0,Sun357,,,
./sched_archive/sched_2025-04-10.txt,2025-04-11T07:41,2025-04-11T08:50,4140.0,69.0,Sun357,,,
./sched_archive/sched_2025-04-10.txt,2025-04-11T08:51,2025-04-11T09:50,3540.0,59.0,Sun357,,,
./sched_archive/sched_2025-04-10.txt,2025-04-11T09:51,2025-04-11T10:59,4080.0,68.0,Sun357,,,
./sched_archive/sched_2025-04-10.txt,2025-04-11T11:00,2025-04-11T11:30,1800.0,30.0,J0034-0534_PSR,0.14994081570537132,-0.09733469497432805,J2000
./sched_archive/sched_2025-04-10.txt,2025-04-11T11:31,2025-04-11T13:05,5640.0,94.0,Sun357,,,
./sched_archive/sched_2025-04-10.txt,2025-04-11T13:06,2025-04-11T14:05,3540.0,59.0,Sun357,,,
./sched_archive/sched_2025-04-10.txt,2025-04-11T14:06,2025-04-11T15:05,3540.0,59.0,Sun357,,,
./sched_archive/sched_2025-04-10.txt,2025-04-11T15:06,2025-04-11T16:05,3540.0,59.0,Sun357,,,
./sched_archive/sched_2025-04-10.txt,2025-04-11T16:06,2025-04-11T17:30,5040.0,84.0,Sun357,,,
./sched_archive/sched_2025-04-12.txt,2025-04-12T07:41,2025-04-12T08:50,4140.0,69.0,Sun357,,,
./sched_archive/sched_2025-04-12.txt,2025-04-12T08:51,2025-04-12T09:50,3540.0,59.0,Sun357,,,
./sched_archive/sched_2025-04-12.txt,2025-04-12T09:51,2025-04-12T10:59,4080.0,68.0,Sun357,,,
./sched_archive/sched_2025-04-12.txt,2025-04-12T11:00,2025-04-12T11:30,1800.0,30.0,J0034-0534_PSR,0.14994081570537132,-0.09733469497432805,J2000
./sched_archive/sched_2025-04-12.txt,2025-04-12T11:31,2025-04-12T13:05,5640.0,94.0,Sun357,,,
./sched_archive/sched_2025-04-12.txt,2025-04-12T13:06,2025-04-12T14:05,3540.0,59.0,Sun357,,,
./sched_archive/sched_2025-04-12.txt,2025-04-12T14:06,2025-04-12T15:05,3540.0,59.0,Sun357,,,
./sched_archive/sched_2025-04-12.txt,2025-04-12T15:06,2025-04-12T16:05,3540.0,59.0,Sun357,,,
./sched_archive/sched_2025-04-12.txt,2025-04-12T16:06,2025-04-12T17:30,5040.0,84.0,Sun357,,,
./sched_archive/sched_2025-04-13.txt,2025-04-13T07:41,2025-04-13T08:50,4140.0,69.0,Sun357,,,
./sched_archive/sched_2025-04-13.txt,2025-04-13T08:51,2025-04-13T09:50,3540.0,59.0,Sun357,,,
./sched_archive/sched_2025-04-13.txt,2025-04-13T09:51,2025-04-13T10:44,3180.0,53.0,Sun357,,,
./sched_archive/sched_2025-04-13.txt,2025-04-13T10:45,2025-04-13T11:15,1800.0,30.0,J0034-0534_PSR,0.14994081570537132,-0.09733469497432805,J2000
./sched_archive/sched_2025-04-13.txt,2025-04-13T11:16,2025-04-13T13:05,6540.0,109.0,Sun357,,,
./sched_archive/sched_2025-04-13.txt,2025-04-13T13:06,2025-04-13T14:05,3540.0,59.0,Sun357,,,
./sched_archive/sched_2025-04-13.txt,2025-04-13T14:06,2025-04-13T15:05,3540.0,59.0,Sun357,,,
./sched_archive/sched_2025-04-13.txt,2025-04-13T15:06,2025-04-13T16:05,3540.0,59.0,Sun357,,,
./sched_archive/sched_2025-04-13.txt,2025-04-13T16:06,2025-04-13T17:30,5040.0,84.0,Sun357,,,
./sched_archive/sched_2025-04-14.txt,2025-04-14T07:41,2025-04-14T08:50,4140.0,69.0,Sun357,,,
./sched_archive/sched_2025-04-14.txt,2025-04-14T08:51,2025-04-14T09:50,3540.0,59.0,Sun357,,,
./sched_archive/sched_2025-04-14.txt,2025-04-14T09:51,2025-04-14T10:44,3180.0,53.0,Sun357,,,
./sched_archive/sched_2025-04-14.txt,2025-04-14T10:45,2025-04-14T11:15,1800.0,30.0,J0034-0534_PSR,0.14994081570537132,-0.09733469497432805,J2000
./sched_archive/sched_2025-04-14.txt,2025-04-14T11:16,2025-04-14T13:05,6540.0,109.0,Sun357,,,
./sched_archive/sched_2025-04-14.txt,2025-04-14T13:06,2025-04-14T14:05,3540.0,59.0,Sun357,,,
./sched_archive/sched_2025-04-14.txt,2025-04-14T14:06,2025-04-14T15:05,3540.0,59.0,Sun357,,,
./sched_archive/sched_2025-04-14.txt,2025-04-14T15:06,2025-04-14T16:05,3540.0,59.0,Sun357,,,
./sched_archive/sched_2025-04-14.txt,2025-04-14T16:06,2025-04-14T17:30,5040.0,84.0,Sun357,,,
./sched_archive/sched_2025-04-15.txt,2025-04-15T06:51,2025-04-15T08:00,4140.0,69.0,Sun357,,,
./sched_archive/sched_2025-04-15.txt,2025-04-15T08:01,2025-04-15T09:00,3540.0,59.0,Sun357,,,
./sched_archive/sched_2025-04-15.txt,2025-04-15T09:01,2025-04-15T10:44,6180.0,103.0,Sun357,,,
./sched_archive/sched_2025-04-15.txt,2025-04-15T10:45,2025-04-15T11:15,1800.0,30.0,J0034-0534_PSR,0.14994081570537132,-0.09733469497432805,J2000
./sched_archive/sched_2025-04-15.txt,2025-04-15T11:16,2025-04-15T13:00,6240.0,104.0,Sun357,,,
./sched_archive/sched_2025-04-15.txt,2025-04-15T13:01,2025-04-15T14:00,3540.0,59.0,Sun357,,,
./sched_archive/sched_2025-04-15.txt,2025-04-15T14:01,2025-04-15T15:00,3540.0,59.0,Sun357,,,
./sched_archive/sched_2025-04-15.txt,2025-04-15T15:01,2025-04-15T16:00,3540.0,59.0,Sun357,,,
./sched_archive/sched_2025-04-15.txt,2025-04-15T16:01,2025-04-15T17:00,3540.0,59.0,Sun357,,,
./sched_archive/sched_2025-04-15.txt,2025-04-15T17:01,2025-04-15T17:55,3240.0,54.0,Sun357,,,
./sched_archive/sched_2025-04-16.txt,2025-04-16T06:51,2025-04-16T08:00,4140.0,69.0,Sun357,,,
./sched_archive/sched_2025-04-16.txt,2025-04-16T08:01,2025-04-16T09:00,3540.0,59.0,Sun357,,,
./sched_archive/sched_2025-04-16.txt,2025-04-16T09:01,2025-04-16T10:44,6180.0,103.0,Sun357,,,
./sched_archive/sched_2025-04-16.txt,2025-04-16T10:45,2025-04-16T11:15,1800.0,30.0,J0034-0534_PSR,0.14994081570537132,-0.09733469497432805,J2000
./sched_archive/sched_2025-04-16.txt,2025-04-16T11:16,2025-04-16T13:00,6240.0,104.0,Sun357,,,
./sched_archive/sched_2025-04-16.txt,2025-04-16T13:01,2025-04-16T14:00,3540.0,59.0,Sun357,,,
./sched_archive/sched_2025-04-16.txt,2025-04-16T14:01,2025-04-16T15:00,3540.0,59.0,Sun357,,,
./sched_archive/sched_2025-04-16.txt,2025-04-16T15:01,2025-04-16T16:00,3540.0,59.0,Sun357,,,
./sched_archive/sched_2025-04-16.txt,2025-04-16T16:01,2025-04-16T17:00,3540.0,59.0,Sun357,,,
./sched_archive/sched_2025-04-16.txt,2025-04-16T17:01,2025-04-16T17:55,3240.0,54.0,Sun357,,,
./sched_archive/sched_2025-04-17.txt,2025-04-17T06:51,2025-04-17T08:00,4140.0,69.0,Sun357,,,
./sched_archive/sched_2025-04-17.txt,2025-04-17T08:01,2025-04-17T09:00,3540.0,59.0,Sun357,,,
./sched_archive/sched_2025-04-17.txt,2025-04-17T09:01,2025-04-17T10:44,6180.0,103.0,Sun357,,,
./sched_archive/sched_2025-04-17.txt,2025-04-17T10:45,2025-04-17T11:15,1800.0,30.0,J0034-0534_PSR,0.14994081570537132,-0.09733469497432805,J2000
./sched_archive/sched_2025-04-17.txt,2025-04-17T11:16,2025-04-17T13:00,6240.0,104.0,Sun357,,,
./sched_archive/sched_2025-04-17.txt,2025-04-17T13:01,2025-04-17T14:00,3540.0,59.0,Sun357,,,
./sched_archive/sched_2025-04-17.txt,2025-04-17T14:01,2025-04-17T15:00,3540.0,59.0,Sun357,,,
./sched_archive/sched_2025-04-17.txt,2025-04-17T15:01,2025-04-17T16:00,3540.0,59.0,Sun357,,,
./sched_archive/sched_2025-04-17.txt,2025-04-17T16:01,2025-04-17T17:00,3540.0,59.0,Sun357,,,
./sched_archive/sched_2025-04-17.txt,2025-04-17T17:01,2025-04-17T17:55,3240.0,54.0,Sun357,,,
./sched_archive/sched_2025-04-17_v2.txt,2025-04-17T10:43,2025-04-17T12:00,4620.0,77.0,Sun357,,,
./sched_archive/sched_2025-04-17_v2.txt,2025-04-17T12:01,2025-04-17T13:00,3540.0,59.0,Sun357,,,
./sched_archive/sched_2025-04-17_v2.txt,2025-04-17T13:01,2025-04-17T14:00,3540.0,59.0,Sun357,,,
./sched_archive/sched_2025-04-17_v2.txt,2025-04-17T14:01,2025-04-17T15:00,3540.0,59.0,Sun357,,,
./sched_archive/sched_2025-04-17_v2.txt,2025-04-17T15:01,2025-04-17T16:00,3540.0,59.0,Sun357,,,
./sched_archive/sched_2025-04-17_v2.txt,2025-04-17T16:01,2025-04-17T17:00,3540.0,59.0,Sun357,,,
./sched_archive/sched_2025-04-17_v2.txt,2025-04-17T17:01,2025-04-17T17:55,3240.0,54.0,Sun357,,,
./sched_archive/sched_2025-04-18.txt,2025-04-18T06:51,2025-04-18T08:00,4140.0,69.0,Sun357,,,
./sched_archive/sched_2025-04-18.txt,2025-04-18T08:01,2025-04-18T09:00,3540.0,59.0,Sun357,,,
./sched_archive/sched_2025-04-18.txt,2025-04-18T09:01,2025-04-18T10:29,5280.0,88.0,Sun357,,,
./sched_archive/sched_2025-04-18.txt,2025-04-18T10:30,2025-04-18T11:00,1800.0,30.0,J0034-0534_PSR,0.14994081570537132,-0.09733469497432805,J2000
./sched_archive/sched_2025-04-18.txt,2025-04-18T11:01,2025-04-18T12:00,3540.0,59.0,Sun357,,,
./sched_archive/sched_2025-04-18.txt,2025-04-18T12:01,2025-04-18T13:00,3540.0,59.0,Sun357,,,
./sched_archive/sched_2025-04-18.txt,2025-04-18T13:01,2025-04-18T14:00,3540.0,59.0,Sun357,,,
./sched_archive/sched_2025-04-18.txt,2025-04-18T14:01,2025-04-18T15:00,3540.0,59.0,Sun357,,,
./sched_archive/sched_2025-04-18.txt,2025-04-18T15:01,2025-04-18T16:00,3540.0,59.0,Sun357,,,
./sched_archive/sched_2025-04-18.txt,2025-04-18T16:01,2025-04-18T17:00,3540.0,59.0,Sun357,,,
./sched_archive/sched_2025-04-18.txt,2025-04-18T17:01,2025-04-18T17:55,3240.0,54.0,Sun357,,,
./sched_archive/sched_2025-04-19.txt,2025-04-19T07:50,2025-04-19T08:50,3600.0,60.0,Sun357,,,
./sched_archive/sched_2025-04-19.txt,2025-04-19T08:51,2025-04-19T09:50,3540.0,59.0,Sun357,,,
./sched_archive/sched_2025-04-19.txt,2025-04-19T09:51,2025-04-19T10:29,2280.0,38.0,Sun357,,,
./sched_archive/sched_2025-04-19.txt,2025-04-19T10:30,2025-04-19T11:00,1800.0,30.0,J0034-0534_PSR,0.14994081570537132,-0.09733469497432805,J2000
./sched_archive/sched_2025-04-19.txt,2025-04-19T11:01,2025-04-19T12:00,3540.0,59.0,Sun357,,,
./sched_archive/sched_2025-04-19.txt,2025-04-19T12:01,2025-04-19T13:00,3540.0,59.0,Sun357,,,
./sched_archive/sched_2025-04-19.txt,2025-04-19T13:01,2025-04-19T14:00,3540.0,59.0,Sun357,,,
./sched_archive/sched_2025-04-19.txt,2025-04-19T14:01,2025-04-19T15:00,3540.0,59.0,Sun357,,,
./sched_archive/sched_2025-04-19.txt,2025-04-19T15:01,2025-04-19T16:00,3540.0,59.0,Sun357,,,
./sched_archive/sched_2025-04-19.txt,2025-04-19T16:01,2025-04-19T17:51,6600.0,110.0,Sun357,,,
./sched_archive/sched_2025-04-20.txt,2025-04-20T06:50,2025-04-20T08:00,4200.0,70.0,Sun357,,,
./sched_archive/sched_2025-04-20.txt,2025-04-20T08:01,2025-04-20T09:00,3540.0,59.0,Sun357,,,
./sched_archive/sched_2025-04-20.txt,2025-04-20T09:01,2025-04-20T10:00,3540.0,59.0,Sun357,,,
./sched_archive/sched_2025-04-20.txt,2025-04-20T10:01,2025-04-20T11:00,3540.0,59.0,Sun357,,,
./sched_archive/sched_2025-04-20.txt,2025-04-20T11:01,2025-04-20T12:00,3540.0,59.0,Sun357,,,
./sched_archive/sched_2025-04-20.txt,2025-04-20T12:01,2025-04-20T13:00,3540.0,59.0,Sun357,,,
./sched_archive/sched_2025-04-20.txt,2025-04-20T13:01,2025-04-20T14:00,3540.0,59.0,Sun357,,,
./sched_archive/sched_2025-04-20.txt,2025-04-20T14:01,2025-04-20T15:00,3540.0,59.0,Sun357,,,
./sched_archive/sched_2025-04-20.txt,2025-04-20T15:01,2025-04-20T16:00,3540.0,59.0,Sun357,,,
./sched_archive/sched_2025-04-20.txt,2025-04-20T16:01,2025-04-20T17:00,3540.0,59.0,Sun357,,,
./sched_archive/sched_2025-04-21.txt,2025-04-21T07:01,2025-04-21T08:00,3540.0,59.0,Sun357,,,
./sched_archive/sched_2025-04-21.txt,2025-04-21T08:01,2025-04-21T09:00,3540.0,59.0,Sun357,,,
./sched_archive/sched_2025-04-21.txt,2025-04-21T09:01,2025-04-21T10:00,3540.0,59.0,Sun357,,,
./sched_archive/sched_2025-04-21.txt,2025-04-21T10:01,2025-04-21T11:00,3540.0,59.0,Sun357,,,
./sched_archive/sched_2025-04-21.txt,2025-04-21T11:01,2025-04-21T12:00,3540.0,59.0,Sun357,,,
./sched_archive/sched_2025-04-21.txt,2025-04-21T12:01,2025-04-21T13:00,3540.0,59.0,Sun357,,,
./sched_archive/sched_2025-04-21.txt,2025-04-21T13:01,2025-04-21T14:00,3540.0,59.0,Sun357,,,
./sched_archive/sched_2025-04-21.txt,2025-04-21T14:01,2025-04-21T15:00,3540.0,59.0,Sun357,,,
./sched_archive/sched_2025-04-21.txt,2025-04-21T15:01,2025-04-21T16:00,3540.0,59.0,Sun357,,,
./sched_archive/sched_2025-04-21.txt,2025-04-21T16:01,2025-04-21T17:00,3540.0,59.0,Sun357,,,
./sched_archive/sched_2025-04-22.txt,2025-04-22T07:01,2025-04-22T08:00,3540.0,59.0,Sun357,,,
./sched_archive/sched_2025-04-22.txt,2025-04-22T08:01,2025-04-22T09:00,3540.0,59.0,Sun357,,,
./sched_archive/sched_2025-04-22.txt,2025-04-22T09:01,2025-04-22T10:00,3540.0,59.0,Sun357,,,
./sched_archive/sched_2025-04-22.txt,2025-04-22T10:01,2025-04-22T11:00,3540.0,59.0,Sun357,,,
./sched_archive/sched_2025-04-22.txt,2025-04-22T11:01,2025-04-22T12:00,3540.0,59.0,Sun357,,,
./sched_archive/sched_2025-04-22.txt,2025-04-22T12:01,2025-04-22T13:00,3540.0,59.0,Sun357,,,
./sched_archive/sched_2025-04-22.txt,2025-04-22T13:01,2025-04-22T14:00,3540.0,59.0,Sun357,,,
./sched_archive/sched_2025-04-22.txt,2025-04-22T14:01,2025-04-22T15:00,3540.0,59.0,Sun357,,,
./sched_archive/sched_2025-04-22.txt,2025-04-22T15:01,2025-04-22T16:00,3540.0,59.0,Sun357,,,
./sched_archive/sched_2025-04-22.txt,2025-04-22T16:01,2025-04-22T17:00,3540.0,59.0,Sun357,,,
./sched_archive/sched_2025-04-22.txt,2025-04-22T17:01,2025-04-22T17:51,3000.0,50.0,Sun357,,,
./sched_archive/sched_2025-04-23.txt,2025-04-23T07:01,2025-04-23T08:00,3540.0,59.0,Sun357,,,
./sched_archive/sched_2025-04-23.txt,2025-04-23T08:01,2025-04-23T09:00,3540.0,59.0,Sun357,,,
./sched_archive/sched_2025-04-23.txt,2025-04-23T09:01,2025-04-23T10:00,3540.0,59.0,Sun357,,,
./sched_archive/sched_2025-04-23.txt,2025-04-23T10:01,2025-04-23T11:00,3540.0,59.0,Sun357,,,
./sched_archive/sched_2025-04-23.txt,2025-04-23T11:01,2025-04-23T12:00,3540.0,59.0,Sun357,,,
./sched_archive/sched_2025-04-23.txt,2025-04-23T12:01,2025-04-23T13:00,3540.0,59.0,Sun357,,,
./sched_archive/sched_2025-04-23.txt,2025-04-23T13:01,2025-04-23T14:00,3540.0,59.0,Sun357,,,
./sched_archive/sched_2025-04-23.txt,2025-04-23T14:01,2025-04-23T15:00,3540.0,59.0,Sun357,,,
./sched_archive/sched_2025-04-23.txt,2025-04-23T15:01,2025-04-23T16:00,3540.0,59.0,Sun357,,,
./sched_archive/sched_2025-04-23.txt,2025-04-23T16:01,2025-04-23T17:00,3540.0,59.0,Sun357,,,
./sched_archive/sched_2025-04-23.txt,2025-04-23T17:01,2025-04-23T17:51,3000.0,50.0,Sun357,,,
./sched_archive/sched_2025-04-24.txt,2025-04-24T07:01,2025-04-24T08:00,3540.0,59.0,Sun357,,,
./sched_archive/sched_2025-04-24.txt,2025-04-24T08:01,2025-04-24T09:00,3540.0,59.0,Sun357,,,
./sched_archive/sched_2025-04-24.txt,2025-04-24T09:01,2025-04-24T10:00,3540.0,59.0,Sun357,,,
./sched_archive/sched_2025-04-24.txt,2025-04-24T10:01,2025-04-24T11:00,3540.0,59.0,Sun357,,,
./sched_archive/sched_2025-04-24.txt,2025-04-24T11:01,2025-04-24T12:00,3540.0,59.0,Sun357,,,
./sched_archive/sched_2025-04-24.txt,2025-04-24T12:01,2025-04-24T13:00,3540.0,59.0,Sun357,,,
./sched_archive/sched_2025-04-24.txt,2025-04-24T13:01,2025-04-24T14:00,3540.0,59.0,Sun357,,,
./sched_archive/sched_2025-04-24.txt,2025-04-24T14:01,2025-04-24T15:00,3540.0,59.0,Sun357,,,
./sched_archive/sched_2025-04-24.txt,2025-04-24T15:01,2025-04-24T16:00,3540.0,59.0,Sun357,,,
./sched_archive/sched_2025-04-24.txt,2025-04-24T16:01,2025-04-24T17:00,3540.0,59.0,Sun357,,,
./sched_archive/sched_2025-04-24.txt,2025-04-24T17:01,2025-04-24T17:51,3000.0,50.0,Sun357,,,
./sched_archive/sched_2025-04-25.txt,2025-04-25T07:01,2025-04-25T08:00,3540.0,59.0,Sun357,,,
./sched_archive/sched_2025-04-25.txt,2025-04-25T08:01,2025-04-25T09:00,3540.0,59.0,Sun357,,,
./sched_archive/sched_2025-04-25.txt,2025-04-25T09:01,2025-04-25T10:00,3540.0,59.0,Sun357,,,
./sched_archive/sched_2025-04-25.txt,2025-04-25T10:01,2025-04-25T11:00,3540.0,59.0,Sun357,,,
./sched_archive/sched_2025-04-25.txt,2025-04-25T11:01,2025-04-25T12:00,3540.0,59.0,Sun357,,,
./sched_archive/sched_2025-04-25.txt,2025-04-25T12:01,2025-04-25T13:00,3540.0,59.0,Sun357,,,
./sched_archive/sched_2025-04-25.txt,2025-04-25T13:01,2025-04-25T14:00,3540.0,59.0,Sun357,,,
./sched_archive/sched_2025-04-25.txt,2025-04-25T14:01,2025-04-25T15:00,3540.0,59.0,Sun357,,,
./sched_archive/sched_2025-04-25.txt,2025-04-25T15:01,2025-04-25T16:00,3540.0,59.0,Sun357,,,
./sched_archive/sched_2025-04-25.txt,2025-04-25T16:01,2025-04-25T17:00,3540.0,59.0,Sun357,,,
./sched_archive/sched_2025-04-25.txt,2025-04-25T17:01,2025-04-25T17:51,3000.0,50.0,Sun357,,,
./sched_archive/sched_2025-04-26.txt,2025-04-26T07:01,2025-04-26T08:00,3540.0,59.0,Sun357,,,
./sched_archive/sched_2025-04-26.txt,2025-04-26T08:01,2025-04-26T09:00,3540.0,59.0,Sun357,,,
./sched_archive/sched_2025-04-26.txt,2025-04-26T09:01,2025-04-26T10:00,3540.0,59.0,Sun357,,,
./sched_archive/sched_2025-04-26.txt,2025-04-26T10:01,2025-04-26T11:00,3540.0,59.0,Sun357,,,
./sched_archive/sched_2025-04-26.txt,2025-04-26T11:01,2025-04-26T12:00,3540.0,59.0,Sun357,,,
./sched_archive/sched_2025-04-26.txt,2025-04-26T12:01,2025-04-26T13:00,3540.0,59.0,Sun357,,,
./sched_archive/sched_2025-04-26.txt,2025-04-26T13:01,2025-04-26T14:00,3540.0,59.0,Sun357,,,
./sched_archive/sched_2025-04-26.txt,2025-04-26T14:01,2025-04-26T15:00,3540.0,59.0,Sun357,,,
./sched_archive/sched_2025-04-26.txt,2025-04-26T15:01,2025-04-26T16:00,3540.0,59.0,Sun357,,,
./sched_archive/sched_2025-04-26.txt,2025-04-26T16:01,2025-04-26T17:00,3540.0,59.0,Sun357,,,
./sched_archive/sched_2025-04-26.txt,2025-04-26T17:01,2025-04-26T17:51,3000.0,50.0,Sun357,,,
./sched_archive/sched_2025-04-27.txt,2025-04-27T07:01,2025-04-27T08:00,3540.0,59.0,Sun357,,,
./sched_archive/sched_2025-04-27.txt,2025-04-27T08:01,2025-04-27T09:00,3540.0,59.0,Sun357,,,
./sched_archive/sched_2025-04-27.txt,2025-04-27T09:01,2025-04-27T10:00,3540.0,59.0,Sun357,,,
./sched_archive/sched_2025-04-27.txt,2025-04-27T10:01,2025-04-27T11:00,3540.0,59.0,Sun357,,,
./sched_archive/sched_2025-04-27.txt,2025-04-27T11:01,2025-04-27T12:00,3540.0,59.0,Sun357,,,
./sched_archive/sched_2025-04-27.txt,2025-04-27T12:01,2025-04-27T13:00,3540.0,59.0,Sun357,,,
./sched_archive/sched_2025-04-27.txt,2025-04-27T13:01,2025-04-27T14:00,3540.0,59.0,Sun357,,,
./sched_archive/sched_2025-04-27.txt,2025-04-27T14:01,2025-04-27T15:00,3540.0,59.0,Sun357,,,
./sched_archive/sched_2025-04-27.txt,2025-04-27T15:01,2025-04-27T16:00,3540.0,59.0,Sun357,,,
./sched_archive/sched_2025-04-27.txt,2025-04-27T16:01,2025-04-27T17:00,3540.0,59.0,Sun357,,,
./sched_archive/sched_2025-04-27.txt,2025-04-27T17:01,2025-04-27T17:51,3000.0,50.0,Sun357,,,
./sched_archive/sched_2025-04-28.txt,2025-04-28T07:01,2025-04-28T08:00,3540.0,59.0,Sun357,,,
./sched_archive/sched_2025-04-28.txt,2025-04-28T08:01,2025-04-28T09:00,3540.0,59.0,Sun357,,,
./sched_archive/sched_2025-04-28.txt,2025-04-28T09:01,2025-04-28T10:00,3540.0,59.0,Sun357,,,
./sched_archive/sched_2025-04-28.txt,2025-04-28T10:01,2025-04-28T11:00,3540.0,59.0,Sun357,,,
./sched_archive/sched_2025-04-28.txt,2025-04-28T11:01,2025-04-28T12:00,3540.0,59.0,Sun357,,,
./sched_archive/sched_2025-04-28.txt,2025-04-28T12:01,2025-04-28T13:00,3540.0,59.0,Sun357,,,
./sched_archive/sched_2025-04-28.txt,2025-04-28T13:01,2025-04-28T14:00,3540.0,59.0,Sun357,,,
./sched_archive/sched_2025-04-28.txt,2025-04-28T14:01,2025-04-28T15:00,3540.0,59.0,Sun357,,,
./sched_archive/sched_2025-04-28.txt,2025-04-28T15:01,2025-04-28T16:00,3540.0,59.0,Sun357,,,
./sched_archive/sched_2025-04-28.txt,2025-04-28T16:01,2025-04-28T17:00,3540.0,59.0,Sun357,,,
./sched_archive/sched_2025-04-28.txt,2025-04-28T17:01,2025-04-28T17:51,3000.0,50.0,Sun357,,,
./sched_archive/sched_2025-04-29.txt,2025-04-29T07:01,2025-04-29T08:00,3540.0,59.0,Sun357,,,
./sched_archive/sched_2025-04-29.txt,2025-04-29T08:01,2025-04-29T09:00,3540.0,59.0,Sun357,,,
./sched_archive/sched_2025-04-29.txt,2025-04-29T09:01,2025-04-29T10:00,3540.0,59.0,Sun357,,,
./sched_archive/sched_2025-04-29.txt,2025-04-29T10:01,2025-04-29T11:00,3540.0,59.0,Sun357,,,
./sched_archive/sched_2025-04-29.txt,2025-04-29T11:01,2025-04-29T12:00,3540.0,59.0,Sun357,,,
./sched_archive/sched_2025-04-29.txt,2025-04-29T12:01,2025-04-29T13:00,3540.0,59.0,Sun357,,,
./sched_archive/sched_2025-04-29.txt,2025-04-29T13:01,2025-04-29T14:00,3540.0,59.0,Sun357,,,
./sched_archive/sched_2025-04-29.txt,2025-04-29T14:01,2025-04-29T15:00,3540.0,59.0,Sun357,,,
./sched_archive/sched_2025-04-29.txt,2025-04-29T15:01,2025-04-29T16:00,3540.0,59.0,Sun357,,,
./sched_archive/sched_2025-04-29.txt,2025-04-29T16:01,2025-04-29T17:00,3540.0,59.0,Sun357,,,
./sched_archive/sched_2025-04-29.txt,2025-04-29T17:01,2025-04-29T17:51,3000.0,50.0,Sun357,,,
./sched_archive/sched_2025-04-30.txt,2025-04-30T07:01,2025-04-30T08:00,3540.0,59.0,Sun357,,,
./sched_archive/sched_2025-04-30.txt,2025-04-30T08:01,2025-04-30T09:00,3540.0,59.0,Sun357,,,
./sched_archive/sched_2025-04-30.txt,2025-04-30T09:01,2025-04-30T10:00,3540.0,59.0,Sun357,,,
./sched_archive/sched_2025-04-30.txt,2025-04-30T10:01,2025-04-30T11:00,3540.0,59.0,Sun357,,,
./sched_archive/sched_2025-04-30.txt,2025-04-30T11:01,2025-04-30T12:00,3540.0,59.0,Sun357,,,
./sched_archive/sched_2025-04-30.txt,2025-04-30T12:01,2025-04-30T13:00,3540.0,59.0,Sun357,,,
./sched_archive/sched_2025-04-30.txt,2025-04-30T13:01,2025-04-30T14:00,3540.0,59.0,Sun357,,,
./sched_archive/sched_2025-04-30.txt,2025-04-30T14:01,2025-04-30T15:00,3540.0,59.0,Sun357,,,
./sched_archive/sched_2025-04-30.txt,2025-04-30T15:01,2025-04-30T16:00,3540.0,59.0,Sun357,,,
./sched_archive/sched_2025-04-30.txt,2025-04-30T16:01,2025-04-30T17:00,3540.0,59.0,Sun357,,,
./sched_archive/sched_2025-04-30.txt,2025-04-30T17:01,2025-04-30T17:51,3000.0,50.0,Sun357,,,
./sched_archive/sched_2025-05-01.txt,2025-05-01T07:01,2025-05-01T08:00,3540.0,59.0,Sun357,,,
./sched_archive/sched_2025-05-01.txt,2025-05-01T08:01,2025-05-01T09:00,3540.0,59.0,Sun357,,,
./sched_archive/sched_2025-05-01.txt,2025-05-01T09:01,2025-05-01T10:00,3540.0,59.0,Sun357,,,
./sched_archive/sched_2025-05-01.txt,2025-05-01T10:01,2025-05-01T11:00,3540.0,59.0,Sun357,,,
./sched_archive/sched_2025-05-01.txt,2025-05-01T11:01,2025-05-01T12:00,3540.0,59.0,Sun357,,,
./sched_archive/sched_2025-05-01.txt,2025-05-01T12:01,2025-05-01T13:00,3540.0,59.0,Sun357,,,
./sched_archive/sched_2025-05-01.txt,2025-05-01T13:01,2025-05-01T14:00,3540.0,59.0,Sun357,,,
./sched_archive/sched_2025-05-01.txt,2025-05-01T14:01,2025-05-01T15:00,3540.0,59.0,Sun357,,,
./sched_archive/sched_2025-05-01.txt,2025-05-01T15:01,2025-05-01T16:00,3540.0,59.0,Sun357,,,
./sched_archive/sched_2025-05-01.txt,2025-05-01T16:01,2025-05-01T17:00,3540.0,59.0,Sun357,,,
./sched_archive/sched_2025-05-01.txt,2025-05-01T17:01,2025-05-01T17:51,3000.0,50.0,Sun357,,,
./sched_archive/sched_2025-05-02-2.txt,2025-05-02T13:01,2025-05-02T14:00,3540.0,59.0,Sun357,,,
./sched_archive/sched_2025-05-02-2.txt,2025-05-02T14:01,2025-05-02T15:00,3540.0,59.0,Sun357,,,
./sched_archive/sched_2025-05-02-2.txt,2025-05-02T15:01,2025-05-02T16:00,3540.0,59.0,Sun357,,,
./sched_archive/sched_2025-05-02-2.txt,2025-05-02T16:01,2025-05-02T17:00,3540.0,59.0,Sun357,,,
./sched_archive/sched_2025-05-02-2.txt,2025-05-02T17:01,2025-05-02T17:51,3000.0,50.0,Sun357,,,
./sched_archive/sched_2025-05-02-3.txt,2025-05-02T12:01,2025-05-02T13:00,3540.0,59.0,Sun357,,,
./sched_archive/sched_2025-05-02.txt,2025-05-02T07:01,2025-05-02T08:00,3540.0,59.0,Sun357,,,
./sched_archive/sched_2025-05-02.txt,2025-05-02T08:01,2025-05-02T09:00,3540.0,59.0,Sun357,,,
./sched_archive/sched_2025-05-02.txt,2025-05-02T09:01,2025-05-02T10:00,3540.0,59.0,Sun357,,,
./sched_archive/sched_2025-05-02.txt,2025-05-02T10:01,2025-05-02T11:00,3540.0,59.0,Sun357,,,
./sched_archive/sched_2025-05-02.txt,2025-05-02T11:01,2025-05-02T12:00,3540.0,59.0,Sun357,,,
./sched_archive/sched_2025-05-02.txt,2025-05-02T12:01,2025-05-02T13:00,3540.0,59.0,Sun357,,,
./sched_archive/sched_2025-05-02.txt,2025-05-02T13:01,2025-05-02T14:00,3540.0,59.0,Sun357,,,
./sched_archive/sched_2025-05-02.txt,2025-05-02T14:01,2025-05-02T15:00,3540.0,59.0,Sun357,,,
./sched_archive/sched_2025-05-02.txt,2025-05-02T15:01,2025-05-02T16:00,3540.0,59.0,Sun357,,,
./sched_archive/sched_2025-05-02.txt,2025-05-02T16:01,2025-05-02T17:00,3540.0,59.0,Sun357,,,
./sched_archive/sched_2025-05-02.txt,2025-05-02T17:01,2025-05-02T17:51,3000.0,50.0,Sun357,,,
./sched_archive/sched_2025-05-03.txt,2025-05-03T06:21,2025-05-03T08:00,5940.0,99.0,Sun357,,,
./sched_archive/sched_2025-05-03.txt,2025-05-03T08:01,2025-05-03T09:00,3540.0,59.0,Sun357,,,
./sched_archive/sched_2025-05-03.txt,2025-05-03T09:01,2025-05-03T10:00,3540.0,59.0,Sun357,,,
./sched_archive/sched_2025-05-03.txt,2025-05-03T10:01,2025-05-03T11:00,3540.0,59.0,Sun357,,,
./sched_archive/sched_2025-05-03.txt,2025-05-03T11:01,2025-05-03T12:00,3540.0,59.0,Sun357,,,
./sched_archive/sched_2025-05-03.txt,2025-05-03T12:01,2025-05-03T13:00,3540.0,59.0,Sun357,,,
./sched_archive/sched_2025-05-03.txt,2025-05-03T13:01,2025-05-03T14:00,3540.0,59.0,Sun357,,,
./sched_archive/sched_2025-05-03.txt,2025-05-03T14:01,2025-05-03T15:00,3540.0,59.0,Sun357,,,
./sched_archive/sched_2025-05-03.txt,2025-05-03T15:01,2025-05-03T16:00,3540.0,59.0,Sun357,,,
./sched_archive/sched_2025-05-03.txt,2025-05-03T16:01,2025-05-03T17:00,3540.0,59.0,Sun357,,,
./sched_archive/sched_2025-05-03.txt,2025-05-03T17:01,2025-05-03T18:41,6000.0,100.0,Sun357,,,
./sched_archive/sched_2025-05-04.txt,2025-05-04T07:00,2025-05-04T08:00,3600.0,60.0,Sun357,,,
./sched_archive/sched_2025-05-04.txt,2025-05-04T08:01,2025-05-04T09:00,3540.0,59.0,Sun357,,,
./sched_archive/sched_2025-05-04.txt,2025-05-04T09:01,2025-05-04T10:00,3540.0,59.0,Sun357,,,
./sched_archive/sched_2025-05-04.txt,2025-05-04T10:01,2025-05-04T11:00,3540.0,59.0,Sun357,,,
./sched_archive/sched_2025-05-04.txt,2025-05-04T11:01,2025-05-04T12:00,3540.0,59.0,Sun357,,,
./sched_archive/sched_2025-05-04.txt,2025-05-04T12:01,2025-05-04T13:00,3540.0,59.0,Sun357,,,
./sched_archive/sched_2025-05-04.txt,2025-05-04T13:01,2025-05-04T14:00,3540.0,59.0,Sun357,,,
./sched_archive/sched_2025-05-04.txt,2025-05-04T14:01,2025-05-04T15:00,3540.0,59.0,Sun357,,,
./sched_archive/sched_2025-05-04.txt,2025-05-04T15:01,2025-05-04T16:00,3540.0,59.0,Sun357,,,
./sched_archive/sched_2025-05-04.txt,2025-05-04T16:01,2025-05-04T17:00,3540.0,59.0,Sun357,,,
./sched_archive/sched_2025-05-04.txt,2025-05-04T17:01,2025-05-04T18:00,3540.0,59.0,Sun357,,,
./sched_archive/sched_2025-05-05.txt,2025-05-05T06:45,2025-05-05T08:00,4500.0,75.0,Sun357,,,
./sched_archive/sched_2025-05-05.txt,2025-05-05T08:01,2025-05-05T09:00,3540.0,59.0,Sun357,,,
./sched_archive/sched_2025-05-05.txt,2025-05-05T09:01,2025-05-05T10:00,3540.0,59.0,Sun357,,,
./sched_archive/sched_2025-05-05.txt,2025-05-05T10:01,2025-05-05T11:00,3540.0,59.0,Sun357,,,
./sched_archive/sched_2025-05-05.txt,2025-05-05T11:01,2025-05-05T12:00,3540.0,59.0,Sun357,,,
./sched_archive/sched_2025-05-05.txt,2025-05-05T12:01,2025-05-05T13:00,3540.0,59.0,Sun357,,,
./sched_archive/sched_2025-05-05.txt,2025-05-05T13:01,2025-05-05T14:00,3540.0,59.0,Sun357,,,
./sched_archive/sched_2025-05-05.txt,2025-05-05T14:01,2025-05-05T15:00,3540.0,59.0,Sun357,,,
./sched_archive/sched_2025-05-05.txt,2025-05-05T15:01,2025-05-05T16:00,3540.0,59.0,Sun357,,,
./sched_archive/sched_2025-05-05.txt,2025-05-05T16:01,2025-05-05T17:00,3540.0,59.0,Sun357,,,
./sched_archive/sched_2025-05-05.txt,2025-05-05T17:01,2025-05-05T18:15,4440.0,74.0,Sun357,,,
./sched_archive/sched_2025-05-06.txt,2025-05-06T07:00,2025-05-06T08:00,3600.0,60.0,Sun357,,,
./sched_archive/sched_2025-05-06.txt,2025-05-06T08:01,2025-05-06T09:00,3540.0,59.0,Sun357,,,
./sched_archive/sched_2025-05-06.txt,2025-05-06T09:01,2025-05-06T10:00,3540.0,59.0,Sun357,,,
./sched_archive/sched_2025-05-06.txt,2025-05-06T10:01,2025-05-06T11:00,3540.0,59.0,Sun357,,,
./sched_archive/sched_2025-05-06.txt,2025-05-06T11:01,2025-05-06T12:00,3540.0,59.0,Sun357,,,
./sched_archive/sched_2025-05-06.txt,2025-05-06T12:01,2025-05-06T13:00,3540.0,59.0,Sun357,,,
./sched_archive/sched_2025-05-06.txt,2025-05-06T13:01,2025-05-06T14:00,3540.0,59.0,Sun357,,,
./sched_archive/sched_2025-05-06.txt,2025-05-06T14:01,2025-05-06T15:00,3540.0,59.0,Sun357,,,
./sched_archive/sched_2025-05-06.txt,2025-05-06T15:01,2025-05-06T16:00,3540.0,59.0,Sun357,,,
./sched_archive/sched_2025-05-06.txt,2025-05-06T16:01,2025-05-06T17:00,3540.0,59.0,Sun357,,,
./sched_archive/sched_2025-05-06.txt,2025-05-06T17:01,2025-05-06T18:00,3540.0,59.0,Sun357,,,
./sched_archive/sched_2025-05-07.txt,2025-05-07T07:00,2025-05-07T08:00,3600.0,60.0,Sun357,,,
./sched_archive/sched_2025-05-07.txt,2025-05-07T08:01,2025-05-07T09:00,3540.0,59.0,Sun357,,,
./sched_archive/sched_2025-05-07.txt,2025-05-07T09:01,2025-05-07T10:00,3540.0,59.0,Sun357,,,
./sched_archive/sched_2025-05-07.txt,2025-05-07T10:01,2025-05-07T11:00,3540.0,59.0,Sun357,,,
./sched_archive/sched_2025-05-07.txt,2025-05-07T11:01,2025-05-07T12:00,3540.0,59.0,Sun357,,,
./sched_archive/sched_2025-05-07.txt,2025-05-07T12:01,2025-05-07T13:00,3540.0,59.0,Sun357,,,
./sched_archive/sched_2025-05-07.txt,2025-05-07T13:01,2025-05-07T14:00,3540.0,59.0,Sun357,,,
./sched_archive/sched_2025-05-07.txt,2025-05-07T14:01,2025-05-07T15:00,3540.0,59.0,Sun357,,,
./sched_archive/sched_2025-05-07.txt,2025-05-07T15:01,2025-05-07T16:00,3540.0,59.0,Sun357,,,
./sched_archive/sched_2025-05-07.txt,2025-05-07T16:01,2025-05-07T17:00,3540.0,59.0,Sun357,,,
./sched_archive/sched_2025-05-07.txt,2025-05-07T17:01,2025-05-07T18:00,3540.0,59.0,Sun357,,,
./sched_archive/sched_2025-05-08.txt,2025-05-08T07:00,2025-05-08T08:00,3600.0,60.0,Sun357,,,
./sched_archive/sched_2025-05-08.txt,2025-05-08T08:01,2025-05-08T09:00,3540.0,59.0,Sun357,,,
./sched_archive/sched_2025-05-08.txt,2025-05-08T09:01,2025-05-08T10:00,3540.0,59.0,Sun357,,,
./sched_archive/sched_2025-05-08.txt,2025-05-08T10:01,2025-05-08T11:00,3540.0,59.0,Sun357,,,
./sched_archive/sched_2025-05-08.txt,2025-05-08T11:01,2025-05-08T12:00,3540.0,59.0,Sun357,,,
./sched_archive/sched_2025-05-08.txt,2025-05-08T12:01,2025-05-08T13:00,3540.0,59.0,Sun357,,,
./sched_archive/sched_2025-05-08.txt,2025-05-08T13:01,2025-05-08T14:00,3540.0,59.0,Sun357,,,
./sched_archive/sched_2025-05-08.txt,2025-05-08T14:01,2025-05-08T15:00,3540.0,59.0,Sun357,,,
./sched_archive/sched_2025-05-08.txt,2025-05-08T15:01,2025-05-08T16:00,3540.0,59.0,Sun357,,,
./sched_archive/sched_2025-05-08.txt,2025-05-08T16:01,2025-05-08T17:00,3540.0,59.0,Sun357,,,
./sched_archive/sched_2025-05-08.txt,2025-05-08T17:01,2025-05-08T18:00,3540.0,59.0,Sun357,,,
./sched_archive/sched_2025-05-09.txt,2025-05-09T06:50,2025-05-09T08:00,4200.0,70.0,Sun357,,,
./sched_archive/sched_2025-05-09.txt,2025-05-09T08:01,2025-05-09T09:00,3540.0,59.0,Sun357,,,
./sched_archive/sched_2025-05-09.txt,2025-05-09T09:01,2025-05-09T10:00,3540.0,59.0,Sun357,,,
./sched_archive/sched_2025-05-09.txt,2025-05-09T10:01,2025-05-09T11:00,3540.0,59.0,Sun357,,,
./sched_archive/sched_2025-05-09.txt,2025-05-09T11:01,2025-05-09T12:00,3540.0,59.0,Sun357,,,
./sched_archive/sched_2025-05-09.txt,2025-05-09T12:01,2025-05-09T13:00,3540.0,59.0,Sun357,,,
./sched_archive/sched_2025-05-09.txt,2025-05-09T13:01,2025-05-09T14:00,3540.0,59.0,Sun357,,,
./sched_archive/sched_2025-05-09.txt,2025-05-09T14:01,2025-05-09T15:00,3540.0,59.0,Sun357,,,
./sched_archive/sched_2025-05-09.txt,2025-05-09T15:01,2025-05-09T16:00,3540.0,59.0,Sun357,,,
./sched_archive/sched_2025-05-09.txt,2025-05-09T16:01,2025-05-09T17:00,3540.0,59.0,Sun357,,,
./sched_archive/sched_2025-05-09.txt,2025-05-09T17:01,2025-05-09T18:10,4140.0,69.0,Sun357,,,
./sched_archive/sched_2025-05-10.txt,2025-05-10T06:50,2025-05-10T08:00,4200.0,70.0,Sun357,,,
./sched_archive/sched_2025-05-10.txt,2025-05-10T08:01,2025-05-10T09:00,3540.0,59.0,Sun357,,,
./sched_archive/sched_2025-05-10.txt,2025-05-10T09:01,2025-05-10T10:00,3540.0,59.0,Sun357,,,
./sched_archive/sched_2025-05-10.txt,2025-05-10T10:01,2025-05-10T11:00,3540.0,59.0,Sun357,,,
./sched_archive/sched_2025-05-10.txt,2025-05-10T11:01,2025-05-10T12:00,3540.0,59.0,Sun357,,,
./sched_archive/sched_2025-05-10.txt,2025-05-10T12:01,2025-05-10T13:00,3540.0,59.0,Sun357,,,
./sched_archive/sched_2025-05-10.txt,2025-05-10T13:01,2025-05-10T14:00,3540.0,59.0,Sun357,,,
./sched_archive/sched_2025-05-10.txt,2025-05-10T14:01,2025-05-10T15:00,3540.0,59.0,Sun357,,,
./sched_archive/sched_2025-05-10.txt,2025-05-10T15:01,2025-05-10T16:00,3540.0,59.0,Sun357,,,
./sched_archive/sched_2025-05-10.txt,2025-05-10T16:01,2025-05-10T17:00,3540.0,59.0,Sun357,,,
./sched_archive/sched_2025-05-10.txt,2025-05-10T17:01,2025-05-10T18:10,4140.0,69.0,Sun357,,,
./sched_archive/sched_2025-05-11.txt,2025-05-11T06:50,2025-05-11T08:00,4200.0,70.0,Sun357,,,
./sched_archive/sched_2025-05-11.txt,2025-05-11T08:01,2025-05-11T09:00,3540.0,59.0,Sun357,,,
./sched_archive/sched_2025-05-11.txt,2025-05-11T09:01,2025-05-11T10:00,3540.0,59.0,Sun357,,,
./sched_archive/sched_2025-05-11.txt,2025-05-11T10:01,2025-05-11T11:00,3540.0,59.0,Sun357,,,
./sched_archive/sched_2025-05-11.txt,2025-05-11T11:01,2025-05-11T12:00,3540.0,59.0,Sun357,,,
./sched_archive/sched_2025-05-11.txt,2025-05-11T12:01,2025-05-11T13:00,3540.0,59.0,Sun357,,,
./sched_archive/sched_2025-05-11.txt,2025-05-11T13:01,2025-05-11T14:00,3540.0,59.0,Sun357,,,
./sched_archive/sched_2025-05-11.txt,2025-05-11T14:01,2025-05-11T15:00,3540.0,59.0,Sun357,,,
./sched_archive/sched_2025-05-11.txt,2025-05-11T15:01,2025-05-11T16:00,3540.0,59.0,Sun357,,,
./sched_archive/sched_2025-05-11.txt,2025-05-11T16:01,2025-05-11T17:00,3540.0,59.0,Sun357,,,
./sched_archive/sched_2025-05-11.txt,2025-05-11T17:01,2025-05-11T18:10,4140.0,69.0,Sun357,,,
./sched_archive/sched_2025-05-12.txt,2025-05-12T06:50,2025-05-12T08:00,4200.0,70.0,Sun357,,,
./sched_archive/sched_2025-05-12.txt,2025-05-12T08:01,2025-05-12T09:00,3540.0,59.0,Sun357,,,
./sched_archive/sched_2025-05-12.txt,2025-05-12T09:01,2025-05-12T10:00,3540.0,59.0,Sun357,,,
./sched_archive/sched_2025-05-12.txt,2025-05-12T10:01,2025-05-12T11:00,3540.0,59.0,Sun357,,,
./sched_archive/sched_2025-05-12.txt,2025-05-12T11:01,2025-05-12T12:00,3540.0,59.0,Sun357,,,
./sched_archive/sched_2025-05-12.txt,2025-05-12T12:01,2025-05-12T13:00,3540.0,59.0,Sun357,,,
./sched_archive/sched_2025-05-12.txt,2025-05-12T13:01,2025-05-12T14:00,3540.0,59.0,Sun357,,,
./sched_archive/sched_2025-05-12.txt,2025-05-12T14:01,2025-05-12T15:00,3540.0,59.0,Sun357,,,
./sched_archive/sched_2025-05-12.txt,2025-05-12T15:01,2025-05-12T16:00,3540.0,59.0,Sun357,,,
./sched_archive/sched_2025-05-12.txt,2025-05-12T16:01,2025-05-12T17:00,3540.0,59.0,Sun357,,,
./sched_archive/sched_2025-05-12.txt,2025-05-12T17:01,2025-05-12T18:10,4140.0,69.0,Sun357,,,
./sched_archive/sched_2025-05-13.txt,2025-05-13T06:50,2025-05-13T08:00,4200.0,70.0,Sun357,,,
./sched_archive/sched_2025-05-13.txt,2025-05-13T08:01,2025-05-13T09:00,3540.0,59.0,Sun357,,,
./sched_archive/sched_2025-05-13.txt,2025-05-13T09:01,2025-05-13T10:00,3540.0,59.0,Sun357,,,
./sched_archive/sched_2025-05-13.txt,2025-05-13T10:01,2025-05-13T11:00,3540.0,59.0,Sun357,,,
./sched_archive/sched_2025-05-13.txt,2025-05-13T11:01,2025-05-13T12:00,3540.0,59.0,Sun357,,,
./sched_archive/sched_2025-05-13.txt,2025-05-13T12:01,2025-05-13T13:00,3540.0,59.0,Sun357,,,
./sched_archive/sched_2025-05-13.txt,2025-05-13T13:01,2025-05-13T14:00,3540.0,59.0,Sun357,,,
./sched_archive/sched_2025-05-13.txt,2025-05-13T14:01,2025-05-13T15:00,3540.0,59.0,Sun357,,,
./sched_archive/sched_2025-05-13.txt,2025-05-13T15:01,2025-05-13T16:00,3540.0,59.0,Sun357,,,
./sched_archive/sched_2025-05-13.txt,2025-05-13T16:01,2025-05-13T17:00,3540.0,59.0,Sun357,,,
./sched_archive/sched_2025-05-13.txt,2025-05-13T17:01,2025-05-13T18:10,4140.0,69.0,Sun357,,,
./sched_archive/sched_2025-05-14.txt,2025-05-14T06:50,2025-05-14T08:00,4200.0,70.0,Sun357,,,
./sched_archive/sched_2025-05-14.txt,2025-05-14T08:01,2025-05-14T09:00,3540.0,59.0,Sun357,,,
./sched_archive/sched_2025-05-14.txt,2025-05-14T09:01,2025-05-14T10:00,3540.0,59.0,Sun357,,,
./sched_archive/sched_2025-05-14.txt,2025-05-14T10:01,2025-05-14T11:00,3540.0,59.0,Sun357,,,
./sched_archive/sched_2025-05-14.txt,2025-05-14T11:01,2025-05-14T12:00,3540.0,59.0,Sun357,,,
./sched_archive/sched_2025-05-14.txt,2025-05-14T12:01,2025-05-14T13:00,3540.0,59.0,Sun357,,,
./sched_archive/sched_2025-05-14.txt,2025-05-14T13:01,2025-05-14T14:00,3540.0,59.0,Sun357,,,
./sched_archive/sched_2025-05-14.txt,2025-05-14T14:01,2025-05-14T15:00,3540.0,59.0,Sun357,,,
./sched_archive/sched_2025-05-14.txt,2025-05-14T15:01,2025-05-14T16:00,3540.0,59.0,Sun357,,,
./sched_archive/sched_2025-05-14.txt,2025-05-14T16:01,2025-05-14T17:00,3540.0,59.0,Sun357,,,
./sched_archive/sched_2025-05-14.txt,2025-05-14T17:01,2025-05-14T18:10,4140.0,69.0,Sun357,,,
./sched_archive/sched_2025-05-15.txt,2025-05-15T06:50,2025-05-15T08:00,4200.0,70.0,Sun357,,,
./sched_archive/sched_2025-05-15.txt,2025-05-15T08:01,2025-05-15T09:00,3540.0,59.0,Sun357,,,
./sched_archive/sched_2025-05-15.txt,2025-05-15T09:01,2025-05-15T10:00,3540.0,59.0,Sun357,,,
./sched_archive/sched_2025-05-15.txt,2025-05-15T10:01,2025-05-15T11:00,3540.0,59.0,Sun357,,,
./sched_archive/sched_2025-05-15.txt,2025-05-15T11:01,2025-05-15T12:00,3540.0,59.0,Sun357,,,
./sched_archive/sched_2025-05-15.txt,2025-05-15T12:01,2025-05-15T13:00,3540.0,59.0,Sun357,,,
./sched_archive/sched_2025-05-15.txt,2025-05-15T13:01,2025-05-15T14:00,3540.0,59.0,Sun357,,,
./sched_archive/sched_2025-05-15.txt,2025-05-15T14:01,2025-05-15T15:00,3540.0,59.0,Sun357,,,
./sched_archive/sched_2025-05-15.txt,2025-05-15T15:01,2025-05-15T16:00,3540.0,59.0,Sun357,,,
./sched_archive/sched_2025-05-15.txt,2025-05-15T16:01,2025-05-15T17:00,3540.0,59.0,Sun357,,,
./sched_archive/sched_2025-05-15.txt,2025-05-15T17:01,2025-05-15T18:10,4140.0,69.0,Sun357,,,
./sched_archive/sched_2025-05-16.txt,2025-05-16T06:50,2025-05-16T08:00,4200.0,70.0,Sun357,,,
./sched_archive/sched_2025-05-16.txt,2025-05-16T08:01,2025-05-16T09:00,3540.0,59.0,Sun357,,,
./sched_archive/sched_2025-05-16.txt,2025-05-16T09:01,2025-05-16T10:00,3540.0,59.0,Sun357,,,
./sched_archive/sched_2025-05-16.txt,2025-05-16T10:01,2025-05-16T11:00,3540.0,59.0,Sun357,,,
./sched_archive/sched_2025-05-16.txt,2025-05-16T11:01,2025-05-16T12:00,3540.0,59.0,Sun357,,,
./sched_archive/sched_2025-05-16.txt,2025-05-16T12:01,2025-05-16T13:00,3540.0,59.0,Sun357,,,
./sched_archive/sched_2025-05-16.txt,2025-05-16T13:01,2025-05-16T14:00,3540.0,59.0,Sun357,,,
./sched_archive/sched_2025-05-16.txt,2025-05-16T14:01,2025-05-16T15:00,3540.0,59.0,Sun357,,,
./sched_archive/sched_2025-05-16.txt,2025-05-16T15:01,2025-05-16T16:00,3540.0,59.0,Sun357,,,
./sched_archive/sched_2025-05-16.txt,2025-05-16T16:01,2025-05-16T17:00,3540.0,59.0,Sun357,,,
./sched_archive/sched_2025-05-16.txt,2025-05-16T17:01,2025-05-16T18:10,4140.0,69.0,Sun357,,,
./sched_archive/sched_2025-05-17.txt,2025-05-17T06:50,2025-05-17T08:00,4200.0,70.0,Sun357,,,
./sched_archive/sched_2025-05-17.txt,2025-05-17T08:01,2025-05-17T09:00,3540.0,59.0,Sun357,,,
./sched_archive/sched_2025-05-17.txt,2025-05-17T09:01,2025-05-17T10:00,3540.0,59.0,Sun357,,,
./sched_archive/sched_2025-05-17.txt,2025-05-17T10:01,2025-05-17T11:00,3540.0,59.0,Sun357,,,
./sched_archive/sched_2025-05-17.txt,2025-05-17T11:01,2025-05-17T12:00,3540.0,59.0,Sun357,,,
./sched_archive/sched_2025-05-17.txt,2025-05-17T12:01,2025-05-17T13:00,3540.0,59.0,Sun357,,,
./sched_archive/sched_2025-05-17.txt,2025-05-17T13:01,2025-05-17T14:00,3540.0,59.0,Sun357,,,
./sched_archive/sched_2025-05-17.txt,2025-05-17T14:01,2025-05-17T15:00,3540.0,59.0,Sun357,,,
./sched_archive/sched_2025-05-17.txt,2025-05-17T15:01,2025-05-17T16:00,3540.0,59.0,Sun357,,,
./sched_archive/sched_2025-05-17.txt,2025-05-17T16:01,2025-05-17T17:00,3540.0,59.0,Sun357,,,
./sched_archive/sched_2025-05-17.txt,2025-05-17T17:01,2025-05-17T18:10,4140.0,69.0,Sun357,,,
./sched_archive/sched_2025-05-18.txt,2025-05-18T06:50,2025-05-18T08:00,4200.0,70.0,Sun357,,,
./sched_archive/sched_2025-05-18.txt,2025-05-18T08:01,2025-05-18T09:00,3540.0,59.0,Sun357,,,
./sched_archive/sched_2025-05-18.txt,2025-05-18T09:01,2025-05-18T10:00,3540.0,59.0,Sun357,,,
./sched_archive/sched_2025-05-18.txt,2025-05-18T10:01,2025-05-18T11:00,3540.0,59.0,Sun357,,,
./sched_archive/sched_2025-05-18.txt,2025-05-18T11:01,2025-05-18T12:00,3540.0,59.0,Sun357,,,
./sched_archive/sched_2025-05-18.txt,2025-05-18T12:01,2025-05-18T13:00,3540.0,59.0,Sun357,,,
./sched_archive/sched_2025-05-18.txt,2025-05-18T13:01,2025-05-18T14:00,3540.0,59.0,Sun357,,,
./sched_archive/sched_2025-05-18.txt,2025-05-18T14:01,2025-05-18T15:00,3540.0,59.0,Sun357,,,
./sched_archive/sched_2025-05-18.txt,2025-05-18T15:01,2025-05-18T16:00,3540.0,59.0,Sun357,,,
./sched_archive/sched_2025-05-18.txt,2025-05-18T16:01,2025-05-18T17:00,3540.0,59.0,Sun357,,,
./sched_archive/sched_2025-05-18.txt,2025-05-18T17:01,2025-05-18T18:10,4140.0,69.0,Sun357,,,
./sched_archive/sched_2025-05-19.txt,2025-05-19T06:50,2025-05-19T08:00,4200.0,70.0,Sun357,,,
./sched_archive/sched_2025-05-19.txt,2025-05-19T08:01,2025-05-19T09:00,3540.0,59.0,Sun357,,,
./sched_archive/sched_2025-05-19.txt,2025-05-19T09:01,2025-05-19T10:00,3540.0,59.0,Sun357,,,
./sched_archive/sched_2025-05-19.txt,2025-05-19T10:01,2025-05-19T11:00,3540.0,59.0,Sun357,,,
./sched_archive/sched_2025-05-19.txt,2025-05-19T11:01,2025-05-19T12:00,3540.0,59.0,Sun357,,,
./sched_archive/sched_2025-05-19.txt,2025-05-19T12:01,2025-05-19T13:00,3540.0,59.0,Sun357,,,
./sched_archive/sched_2025-05-19.txt,2025-05-19T13:01,2025-05-19T14:00,3540.0,59.0,Sun357,,,
./sched_archive/sched_2025-05-19.txt,2025-05-19T14:01,2025-05-19T15:00,3540.0,59.0,Sun357,,,
./sched_archive/sched_2025-05-19.txt,2025-05-19T15:01,2025-05-19T16:00,3540.0,59.0,Sun357,,,
./sched_archive/sched_2025-05-19.txt,2025-05-19T16:01,2025-05-19T17:00,3540.0,59.0,Sun357,,,
./sched_archive/sched_2025-05-19.txt,2025-05-19T17:01,2025-05-19T18:10,4140.0,69.0,Sun357,,,
./sched_archive/sched_2025-05-20.txt,2025-05-20T06:50,2025-05-20T08:00,4200.0,70.0,Sun357,,,
./sched_archive/sched_2025-05-20.txt,2025-05-20T08:01,2025-05-20T09:00,3540.0,59.0,Sun357,,,
./sched_archive/sched_2025-05-20.txt,2025-05-20T09:01,2025-05-20T10:00,3540.0,59.0,Sun357,,,
./sched_archive/sched_2025-05-20.txt,2025-05-20T10:01,2025-05-20T11:00,3540.0,59.0,Sun357,,,
./sched_archive/sched_2025-05-20.txt,2025-05-20T11:01,2025-05-20T12:00,3540.0,59.0,Sun357,,,
./sched_archive/sched_2025-05-20.txt,2025-05-20T12:01,2025-05-20T13:00,3540.0,59.0,Sun357,,,
./sched_archive/sched_2025-05-20.txt,2025-05-20T13:01,2025-05-20T14:00,3540.0,59.0,Sun357,,,
./sched_archive/sched_2025-05-20.txt,2025-05-20T14:01,2025-05-20T15:00,3540.0,59.0,Sun357,,,
./sched_archive/sched_2025-05-20.txt,2025-05-20T15:01,2025-05-20T16:00,3540.0,59.0,Sun357,,,
./sched_archive/sched_2025-05-20.txt,2025-05-20T16:01,2025-05-20T17:00,3540.0,59.0,Sun357,,,
./sched_archive/sched_2025-05-20.txt,2025-05-20T17:01,2025-05-20T18:10,4140.0,69.0,Sun357,,,
./sched_archive/sched_2025-05-21.txt,2025-05-21T06:50,2025-05-21T08:00,4200.0,70.0,Sun357,,,
./sched_archive/sched_2025-05-21.txt,2025-05-21T08:01,2025-05-21T09:00,3540.0,59.0,Sun357,,,
./sched_archive/sched_2025-05-21.txt,2025-05-21T09:01,2025-05-21T10:00,3540.0,59.0,Sun357,,,
./sched_archive/sched_2025-05-21.txt,2025-05-21T10:01,2025-05-21T11:00,3540.0,59.0,Sun357,,,
./sched_archive/sched_2025-05-21.txt,2025-05-21T11:01,2025-05-21T12:00,3540.0,59.0,Sun357,,,
./sched_archive/sched_2025-05-21.txt,2025-05-21T12:01,2025-05-21T13:00,3540.0,59.0,Sun357,,,
./sched_archive/sched_2025-05-21.txt,2025-05-21T13:01,2025-05-21T14:00,3540.0,59.0,Sun357,,,
./sched_archive/sched_2025-05-21.txt,2025-05-21T14:01,2025-05-21T15:00,3540.0,59.0,Sun357,,,
./sched_archive/sched_2025-05-21.txt,2025-05-21T15:01,2025-05-21T16:00,3540.0,59.0,Sun357,,,
./sched_archive/sched_2025-05-21.txt,2025-05-21T16:01,2025-05-21T17:00,3540.0,59.0,Sun357,,,
./sched_archive/sched_2025-05-21.txt,2025-05-21T17:01,2025-05-21T18:10,4140.0,69.0,Sun357,,,
./sched_archive/sched_2025-05-22.txt,2025-05-22T06:50,2025-05-22T08:00,4200.0,70.0,Sun357,,,
./sched_archive/sched_2025-05-22.txt,2025-05-22T08:01,2025-05-22T09:00,3540.0,59.0,Sun357,,,
./sched_archive/sched_2025-05-22.txt,2025-05-22T09:01,2025-05-22T10:00,3540.0,59.0,Sun357,,,
./sched_archive/sched_2025-05-22.txt,2025-05-22T10:01,2025-05-22T11:00,3540.0,59.0,Sun357,,,
./sched_archive/sched_2025-05-22.txt,2025-05-22T11:01,2025-05-22T12:00,3540.0,59.0,Sun357,,,
./sched_archive/sched_2025-05-22.txt,2025-05-22T12:01,2025-05-22T13:00,3540.0,59.0,Sun357,,,
./sched_archive/sched_2025-05-22.txt,2025-05-22T13:01,2025-05-22T14:00,3540.0,59.0,Sun357,,,
./sched_archive/sched_2025-05-22.txt,2025-05-22T14:01,2025-05-22T15:00,3540.0,59.0,Sun357,,,
./sched_archive/sched_2025-05-22.txt,2025-05-22T15:01,2025-05-22T16:00,3540.0,59.0,Sun357,,,
./sched_archive/sched_2025-05-22.txt,2025-05-22T16:01,2025-05-22T17:00,3540.0,59.0,Sun357,,,
./sched_archive/sched_2025-05-22.txt,2025-05-22T17:01,2025-05-22T18:10,4140.0,69.0,Sun357,,,
./sched_archive/sched_2025-05-23.txt,2025-05-23T06:20,2025-05-23T08:00,6000.0,100.0,Sun357,,,
./sched_archive/sched_2025-05-23.txt,2025-05-23T08:01,2025-05-23T09:00,3540.0,59.0,Sun357,,,
./sched_archive/sched_2025-05-23.txt,2025-05-23T09:01,2025-05-23T10:00,3540.0,59.0,Sun357,,,
./sched_archive/sched_2025-05-23.txt,2025-05-23T10:01,2025-05-23T11:00,3540.0,59.0,Sun357,,,
./sched_archive/sched_2025-05-23.txt,2025-05-23T11:01,2025-05-23T12:00,3540.0,59.0,Sun357,,,
./sched_archive/sched_2025-05-23.txt,2025-05-23T12:01,2025-05-23T13:00,3540.0,59.0,Sun357,,,
./sched_archive/sched_2025-05-23.txt,2025-05-23T13:01,2025-05-23T14:00,3540.0,59.0,Sun357,,,
./sched_archive/sched_2025-05-23.txt,2025-05-23T14:01,2025-05-23T15:00,3540.0,59.0,Sun357,,,
./sched_archive/sched_2025-05-23.txt,2025-05-23T15:01,2025-05-23T16:00,3540.0,59.0,Sun357,,,
./sched_archive/sched_2025-05-23.txt,2025-05-23T16:01,2025-05-23T17:00,3540.0,59.0,Sun357,,,
./sched_archive/sched_2025-05-23.txt,2025-05-23T17:01,2025-05-23T18:30,5340.0,89.0,Sun357,,,
./sched_archive/sched_2025-05-24.txt,2025-05-24T07:00,2025-05-24T08:00,3600.0,60.0,Sun357,,,
./sched_archive/sched_2025-05-24.txt,2025-05-24T08:01,2025-05-24T09:00,3540.0,59.0,Sun357,,,
./sched_archive/sched_2025-05-24.txt,2025-05-24T09:01,2025-05-24T10:00,3540.0,59.0,Sun357,,,
./sched_archive/sched_2025-05-24.txt,2025-05-24T10:01,2025-05-24T11:00,3540.0,59.0,Sun357,,,
./sched_archive/sched_2025-05-24.txt,2025-05-24T11:01,2025-05-24T12:00,3540.0,59.0,Sun357,,,
./sched_archive/sched_2025-05-24.txt,2025-05-24T12:01,2025-05-24T13:00,3540.0,59.0,Sun357,,,
./sched_archive/sched_2025-05-24.txt,2025-05-24T13:01,2025-05-24T14:00,3540.0,59.0,Sun357,,,
./sched_archive/sched_2025-05-24.txt,2025-05-24T14:01,2025-05-24T15:00,3540.0,59.0,Sun357,,,
./sched_archive/sched_2025-05-24.txt,2025-05-24T15:01,2025-05-24T16:00,3540.0,59.0,Sun357,,,
./sched_archive/sched_2025-05-24.txt,2025-05-24T16:01,2025-05-24T17:00,3540.0,59.0,Sun357,,,
./sched_archive/sched_2025-05-24.txt,2025-05-24T17:01,2025-05-24T18:00,3540.0,59.0,Sun357,,,
./sched_archive/sched_2025-05-25.txt,2025-05-25T06:50,2025-05-25T08:00,4200.0,70.0,Sun357,,,
./sched_archive/sched_2025-05-25.txt,2025-05-25T08:01,2025-05-25T09:00,3540.0,59.0,Sun357,,,
./sched_archive/sched_2025-05-25.txt,2025-05-25T09:01,2025-05-25T10:00,3540.0,59.0,Sun357,,,
./sched_archive/sched_2025-05-25.txt,2025-05-25T10:01,2025-05-25T11:00,3540.0,59.0,Sun357,,,
./sched_archive/sched_2025-05-25.txt,2025-05-25T11:01,2025-05-25T12:00,3540.0,59.0,Sun357,,,
./sched_archive/sched_2025-05-25.txt,2025-05-25T12:01,2025-05-25T13:00,3540.0,59.0,Sun357,,,
./sched_archive/sched_2025-05-25.txt,2025-05-25T13:01,2025-05-25T14:00,3540.0,59.0,Sun357,,,
./sched_archive/sched_2025-05-25.txt,2025-05-25T14:01,2025-05-25T15:00,3540.0,59.0,Sun357,,,
./sched_archive/sched_2025-05-25.txt,2025-05-25T15:01,2025-05-25T16:00,3540.0,59.0,Sun357,,,
./sched_archive/sched_2025-05-25.txt,2025-05-25T16:01,2025-05-25T17:00,3540.0,59.0,Sun357,,,
./sched_archive/sched_2025-05-25.txt,2025-05-25T17:01,2025-05-25T18:10,4140.0,69.0,Sun357,,,
./sched_archive/sched_2025-05-26.txt,2025-05-26T06:50,2025-05-26T08:00,4200.0,70.0,Sun357,,,
./sched_archive/sched_2025-05-26.txt,2025-05-26T08:01,2025-05-26T09:00,3540.0,59.0,Sun357,,,
./sched_archive/sched_2025-05-26.txt,2025-05-26T09:01,2025-05-26T10:00,3540.0,59.0,Sun357,,,
./sched_archive/sched_2025-05-26.txt,2025-05-26T10:01,2025-05-26T11:00,3540.0,59.0,Sun357,,,
./sched_archive/sched_2025-05-26.txt,2025-05-26T11:01,2025-05-26T12:00,3540.0,59.0,Sun357,,,
./sched_archive/sched_2025-05-26.txt,2025-05-26T12:01,2025-05-26T13:00,3540.0,59.0,Sun357,,,
./sched_archive/sched_2025-05-26.txt,2025-05-26T13:01,2025-05-26T14:00,3540.0,59.0,Sun357,,,
./sched_archive/sched_2025-05-26.txt,2025-05-26T14:01,2025-05-26T15:00,3540.0,59.0,Sun357,,,
./sched_archive/sched_2025-05-26.txt,2025-05-26T15:01,2025-05-26T16:00,3540.0,59.0,Sun357,,,
./sched_archive/sched_2025-05-26.txt,2025-05-26T16:01,2025-05-26T17:00,3540.0,59.0,Sun357,,,
./sched_archive/sched_2025-05-26.txt,2025-05-26T17:01,2025-05-26T18:10,4140.0,69.0,Sun357,,,
./sched_archive/sched_2025-05-27.txt,2025-05-27T06:50,2025-05-27T08:00,4200.0,70.0,Sun357,,,
./sched_archive/sched_2025-05-27.txt,2025-05-27T08:01,2025-05-27T09:00,3540.0,59.0,Sun357,,,
./sched_archive/sched_2025-05-27.txt,2025-05-27T09:01,2025-05-27T10:00,3540.0,59.0,Sun357,,,
./sched_archive/sched_2025-05-27.txt,2025-05-27T10:01,2025-05-27T11:00,3540.0,59.0,Sun357,,,
./sched_archive/sched_2025-05-27.txt,2025-05-27T11:01,2025-05-27T12:00,3540.0,59.0,Sun357,,,
./sched_archive/sched_2025-05-27.txt,2025-05-27T12:01,2025-05-27T13:00,3540.0,59.0,Sun357,,,
./sched_archive/sched_2025-05-27.txt,2025-05-27T13:01,2025-05-27T14:00,3540.0,59.0,Sun357,,,
./sched_archive/sched_2025-05-27.txt,2025-05-27T14:01,2025-05-27T15:00,3540.0,59.0,Sun357,,,
./sched_archive/sched_2025-05-27.txt,2025-05-27T15:01,2025-05-27T16:00,3540.0,59.0,Sun357,,,
./sched_archive/sched_2025-05-27.txt,2025-05-27T16:01,2025-05-27T17:00,3540.0,59.0,Sun357,,,
./sched_archive/sched_2025-05-27.txt,2025-05-27T17:01,2025-05-27T18:10,4140.0,69.0,Sun357,,,
./sched_archive/sched_2025-05-28.txt,2025-05-28T07:00,2025-05-28T08:00,3600.0,60.0,Sun357,,,
./sched_archive/sched_2025-05-28.txt,2025-05-28T08:01,2025-05-28T09:00,3540.0,59.0,Sun357,,,
./sched_archive/sched_2025-05-28.txt,2025-05-28T09:01,2025-05-28T10:00,3540.0,59.0,Sun357,,,
./sched_archive/sched_2025-05-28.txt,2025-05-28T10:01,2025-05-28T11:00,3540.0,59.0,Sun357,,,
./sched_archive/sched_2025-05-28.txt,2025-05-28T11:01,2025-05-28T12:00,3540.0,59.0,Sun357,,,
./sched_archive/sched_2025-05-28.txt,2025-05-28T12:01,2025-05-28T13:00,3540.0,59.0,Sun357,,,
./sched_archive/sched_2025-05-28.txt,2025-05-28T13:01,2025-05-28T14:00,3540.0,59.0,Sun357,,,
./sched_archive/sched_2025-05-28.txt,2025-05-28T14:01,2025-05-28T15:00,3540.0,59.0,Sun357,,,
./sched_archive/sched_2025-05-28.txt,2025-05-28T15:01,2025-05-28T16:00,3540.0,59.0,Sun357,,,
./sched_archive/sched_2025-05-28.txt,2025-05-28T16:01,2025-05-28T17:00,3540.0,59.0,Sun357,,,
./sched_archive/sched_2025-05-28.txt,2025-05-28T17:01,2025-05-28T18:00,3540.0,59.0,Sun357,,,
./sched_archive/sched_2025-05-29.txt,2025-05-29T06:55,2025-05-29T08:00,3900.0,65.0,Sun357,,,
./sched_archive/sched_2025-05-29.txt,2025-05-29T08:01,2025-05-29T09:00,3540.0,59.0,Sun357,,,
./sched_archive/sched_2025-05-29.txt,2025-05-29T09:01,2025-05-29T10:00,3540.0,59.0,Sun357,,,
./sched_archive/sched_2025-05-29.txt,2025-05-29T10:01,2025-05-29T11:00,3540.0,59.0,Sun357,,,
./sched_archive/sched_2025-05-29.txt,2025-05-29T11:01,2025-05-29T12:00,3540.0,59.0,Sun357,,,
./sched_archive/sched_2025-05-29.txt,2025-05-29T12:01,2025-05-29T13:00,3540.0,59.0,Sun357,,,
./sched_archive/sched_2025-05-29.txt,2025-05-29T13:01,2025-05-29T14:00,3540.0,59.0,Sun357,,,
./sched_archive/sched_2025-05-29.txt,2025-05-29T14:01,2025-05-29T15:00,3540.0,59.0,Sun357,,,
./sched_archive/sched_2025-05-29.txt,2025-05-29T15:01,2025-05-29T16:00,3540.0,59.0,Sun357,,,
./sched_archive/sched_2025-05-29.txt,2025-05-29T16:01,2025-05-29T17:00,3540.0,59.0,Sun357,,,
./sched_archive/sched_2025-05-29.txt,2025-05-29T17:01,2025-05-29T18:05,3840.0,64.0,Sun357,,,
./sched_archive/sched_2025-05-30.txt,2025-05-30T06:53,2025-05-30T08:00,4020.0,67.0,Sun357,,,
./sched_archive/sched_2025-05-30.txt,2025-05-30T08:01,2025-05-30T09:00,3540.0,59.0,Sun357,,,
./sched_archive/sched_2025-05-30.txt,2025-05-30T09:01,2025-05-30T10:00,3540.0,59.0,Sun357,,,
./sched_archive/sched_2025-05-30.txt,2025-05-30T10:01,2025-05-30T11:00,3540.0,59.0,Sun357,,,
./sched_archive/sched_2025-05-30.txt,2025-05-30T11:01,2025-05-30T12:00,3540.0,59.0,Sun357,,,
./sched_archive/sched_2025-05-30.txt,2025-05-30T12:01,2025-05-30T13:00,3540.0,59.0,Sun357,,,
./sched_archive/sched_2025-05-30.txt,2025-05-30T13:01,2025-05-30T14:00,3540.0,59.0,Sun357,,,
./sched_archive/sched_2025-05-30.txt,2025-05-30T14:01,2025-05-30T15:00,3540.0,59.0,Sun357,,,
./sched_archive/sched_2025-05-30.txt,2025-05-30T15:01,2025-05-30T16:00,3540.0,59.0,Sun357,,,
./sched_archive/sched_2025-05-30.txt,2025-05-30T16:01,2025-05-30T17:00,3540.0,59.0,Sun357,,,
./sched_archive/sched_2025-05-30.txt,2025-05-30T17:01,2025-05-30T18:07,3960.0,66.0,Sun357,,,
./sched_archive/sched_2025-06-01.txt,2025-06-01T06:53,2025-06-01T08:00,4020.0,67.0,Sun357,,,
./sched_archive/sched_2025-06-01.txt,2025-06-01T08:01,2025-06-01T09:00,3540.0,59.0,Sun357,,,
./sched_archive/sched_2025-06-01.txt,2025-06-01T09:01,2025-06-01T10:00,3540.0,59.0,Sun357,,,
./sched_archive/sched_2025-06-01.txt,2025-06-01T10:01,2025-06-01T11:00,3540.0,59.0,Sun357,,,
./sched_archive/sched_2025-06-01.txt,2025-06-01T11:01,2025-06-01T12:00,3540.0,59.0,Sun357,,,
./sched_archive/sched_2025-06-01.txt,2025-06-01T12:01,2025-06-01T13:00,3540.0,59.0,Sun357,,,
./sched_archive/sched_2025-06-01.txt,2025-06-01T13:01,2025-06-01T14:00,3540.0,59.0,Sun357,,,
./sched_archive/sched_2025-06-01.txt,2025-06-01T14:01,2025-06-01T15:00,3540.0,59.0,Sun357,,,
./sched_archive/sched_2025-06-01.txt,2025-06-01T15:01,2025-06-01T16:00,3540.0,59.0,Sun357,,,
./sched_archive/sched_2025-06-01.txt,2025-06-01T16:01,2025-06-01T17:00,3540.0,59.0,Sun357,,,
./sched_archive/sched_2025-06-01.txt,2025-06-01T17:01,2025-06-01T18:07,3960.0,66.0,Sun357,,,
./sched_archive/sched_2025-06-02.txt,2025-06-02T06:53,2025-06-02T08:00,4020.0,67.0,Sun357,,,
./sched_archive/sched_2025-06-02.txt,2025-06-02T08:01,2025-06-02T09:00,3540.0,59.0,Sun357,,,
./sched_archive/sched_2025-06-02.txt,2025-06-02T09:01,2025-06-02T10:00,3540.0,59.0,Sun357,,,
./sched_archive/sched_2025-06-02.txt,2025-06-02T10:01,2025-06-02T11:00,3540.0,59.0,Sun357,,,
./sched_archive/sched_2025-06-02.txt,2025-06-02T11:01,2025-06-02T12:00,3540.0,59.0,Sun357,,,
./sched_archive/sched_2025-06-02.txt,2025-06-02T12:01,2025-06-02T13:00,3540.0,59.0,Sun357,,,
./sched_archive/sched_2025-06-02.txt,2025-06-02T13:01,2025-06-02T14:00,3540.0,59.0,Sun357,,,
./sched_archive/sched_2025-06-02.txt,2025-06-02T14:01,2025-06-02T15:00,3540.0,59.0,Sun357,,,
./sched_archive/sched_2025-06-02.txt,2025-06-02T15:01,2025-06-02T16:00,3540.0,59.0,Sun357,,,
./sched_archive/sched_2025-06-02.txt,2025-06-02T16:01,2025-06-02T17:00,3540.0,59.0,Sun357,,,
./sched_archive/sched_2025-06-02.txt,2025-06-02T17:01,2025-06-02T18:07,3960.0,66.0,Sun357,,,
./sched_archive/sched_2025-06-03.txt,2025-06-03T06:53,2025-06-03T08:00,4020.0,67.0,Sun357,,,
./sched_archive/sched_2025-06-03.txt,2025-06-03T08:01,2025-06-03T09:00,3540.0,59.0,Sun357,,,
./sched_archive/sched_2025-06-03.txt,2025-06-03T09:01,2025-06-03T10:00,3540.0,59.0,Sun357,,,
./sched_archive/sched_2025-06-03.txt,2025-06-03T10:01,2025-06-03T11:00,3540.0,59.0,Sun357,,,
./sched_archive/sched_2025-06-03.txt,2025-06-03T11:01,2025-06-03T12:00,3540.0,59.0,Sun357,,,
./sched_archive/sched_2025-06-03.txt,2025-06-03T12:01,2025-06-03T13:00,3540.0,59.0,Sun357,,,
./sched_archive/sched_2025-06-03.txt,2025-06-03T13:01,2025-06-03T14:00,3540.0,59.0,Sun357,,,
./sched_archive/sched_2025-06-03.txt,2025-06-03T14:01,2025-06-03T15:00,3540.0,59.0,Sun357,,,
./sched_archive/sched_2025-06-03.txt,2025-06-03T15:01,2025-06-03T16:00,3540.0,59.0,Sun357,,,
./sched_archive/sched_2025-06-03.txt,2025-06-03T16:01,2025-06-03T17:00,3540.0,59.0,Sun357,,,
./sched_archive/sched_2025-06-03.txt,2025-06-03T17:01,2025-06-03T18:07,3960.0,66.0,Sun357,,,
./sched_archive/sched_2025-06-04.txt,2025-06-04T06:53,2025-06-04T08:00,4020.0,67.0,Sun357,,,
./sched_archive/sched_2025-06-04.txt,2025-06-04T08:01,2025-06-04T09:00,3540.0,59.0,Sun357,,,
./sched_archive/sched_2025-06-04.txt,2025-06-04T09:01,2025-06-04T10:00,3540.0,59.0,Sun357,,,
./sched_archive/sched_2025-06-04.txt,2025-06-04T10:01,2025-06-04T11:00,3540.0,59.0,Sun357,,,
./sched_archive/sched_2025-06-04.txt,2025-06-04T11:01,2025-06-04T12:00,3540.0,59.0,Sun357,,,
./sched_archive/sched_2025-06-04.txt,2025-06-04T12:01,2025-06-04T13:00,3540.0,59.0,Sun357,,,
./sched_archive/sched_2025-06-04.txt,2025-06-04T13:01,2025-06-04T14:00,3540.0,59.0,Sun357,,,
./sched_archive/sched_2025-06-04.txt,2025-06-04T14:01,2025-06-04T15:00,3540.0,59.0,Sun357,,,
./sched_archive/sched_2025-06-04.txt,2025-06-04T15:01,2025-06-04T16:00,3540.0,59.0,Sun357,,,
./sched_archive/sched_2025-06-04.txt,2025-06-04T16:01,2025-06-04T17:00,3540.0,59.0,Sun357,,,
./sched_archive/sched_2025-06-04.txt,2025-06-04T17:01,2025-06-04T18:07,3960.0,66.0,Sun357,,,
./sched_archive/sched_2025-06-05.txt,2025-06-05T06:53,2025-06-05T08:00,4020.0,67.0,Sun357,,,
./sched_archive/sched_2025-06-05.txt,2025-06-05T08:01,2025-06-05T09:00,3540.0,59.0,Sun357,,,
./sched_archive/sched_2025-06-05.txt,2025-06-05T09:01,2025-06-05T10:00,3540.0,59.0,Sun357,,,
./sched_archive/sched_2025-06-05.txt,2025-06-05T10:01,2025-06-05T11:00,3540.0,59.0,Sun357,,,
./sched_archive/sched_2025-06-05.txt,2025-06-05T11:01,2025-06-05T12:00,3540.0,59.0,Sun357,,,
./sched_archive/sched_2025-06-05.txt,2025-06-05T12:01,2025-06-05T13:00,3540.0,59.0,Sun357,,,
./sched_archive/sched_2025-06-05.txt,2025-06-05T13:01,2025-06-05T14:00,3540.0,59.0,Sun357,,,
./sched_archive/sched_2025-06-05.txt,2025-06-05T14:01,2025-06-05T15:00,3540.0,59.0,Sun357,,,
./sched_archive/sched_2025-06-05.txt,2025-06-05T15:01,2025-06-05T16:00,3540.0,59.0,Sun357,,,
./sched_archive/sched_2025-06-05.txt,2025-06-05T16:01,2025-06-05T17:00,3540.0,59.0,Sun357,,,
./sched_archive/sched_2025-06-05.txt,2025-06-05T17:01,2025-06-05T18:07,3960.0,66.0,Sun357,,,
./sched_archive/sched_2025-06-06.txt,2025-06-06T06:53,2025-06-06T08:00,4020.0,67.0,Sun357,,,
./sched_archive/sched_2025-06-06.txt,2025-06-06T08:01,2025-06-06T09:00,3540.0,59.0,Sun357,,,
./sched_archive/sched_2025-06-06.txt,2025-06-06T09:01,2025-06-06T10:00,3540.0,59.0,Sun357,,,
./sched_archive/sched_2025-06-06.txt,2025-06-06T10:01,2025-06-06T11:00,3540.0,59.0,Sun357,,,
./sched_archive/sched_2025-06-06.txt,2025-06-06T11:01,2025-06-06T12:00,3540.0,59.0,Sun357,,,
./sched_archive/sched_2025-06-06.txt,2025-06-06T12:01,2025-06-06T13:00,3540.0,59.0,Sun357,,,
./sched_archive/sched_2025-06-06.txt,2025-06-06T13:01,2025-06-06T14:00,3540.0,59.0,Sun357,,,
./sched_archive/sched_2025-06-06.txt,2025-06-06T14:01,2025-06-06T15:00,3540.0,59.0,Sun357,,,
./sched_archive/sched_2025-06-06.txt,2025-06-06T15:01,2025-06-06T16:00,3540.0,59.0,Sun357,,,
./sched_archive/sched_2025-06-06.txt,2025-06-06T16:01,2025-06-06T17:00,3540.0,59.0,Sun357,,,
./sched_archive/sched_2025-06-06.txt,2025-06-06T17:01,2025-06-06T18:07,3960.0,66.0,Sun357,,,
./sched_archive/sched_2025-06-07.txt,2025-06-07T06:53,2025-06-07T08:00,4020.0,67.0,Sun357,,,
./sched_archive/sched_2025-06-07.txt,2025-06-07T08:01,2025-06-07T09:00,3540.0,59.0,Sun357,,,
./sched_archive/sched_2025-06-07.txt,2025-06-07T09:01,2025-06-07T10:00,3540.0,59.0,Sun357,,,
./sched_archive/sched_2025-06-07.txt,2025-06-07T10:01,2025-06-07T11:00,3540.0,59.0,Sun357,,,
./sched_archive/sched_2025-06-07.txt,2025-06-07T11:01,2025-06-07T12:00,3540.0,59.0,Sun357,,,
./sched_archive/sched_2025-06-07.txt,2025-06-07T12:01,2025-06-07T13:00,3540.0,59.0,Sun357,,,
./sched_archive/sched_2025-06-07.txt,2025-06-07T13:01,2025-06-07T14:00,3540.0,59.0,Sun357,,,
./sched_archive/sched_2025-06-07.txt,2025-06-07T14:01,2025-06-07T15:00,3540.0,59.0,Sun357,,,
./sched_archive/sched_2025-06-07.txt,2025-06-07T15:01,2025-06-07T16:00,3540.0,59.0,Sun357,,,
./sched_archive/sched_2025-06-07.txt,2025-06-07T16:01,2025-06-07T17:00,3540.0,59.0,Sun357,,,
./sched_archive/sched_2025-06-07.txt,2025-06-07T17:01,2025-06-07T18:07,3960.0,66.0,Sun357,,,
./sched_archive/sched_2025-06-08.txt,2025-06-08T06:53,2025-06-08T08:00,4020.0,67.0,Sun357,,,
./sched_archive/sched_2025-06-08.txt,2025-06-08T08:01,2025-06-08T09:00,3540.0,59.0,Sun357,,,
./sched_archive/sched_2025-06-08.txt,2025-06-08T09:01,2025-06-08T10:00,3540.0,59.0,Sun357,,,
./sched_archive/sched_2025-06-08.txt,2025-06-08T10:01,2025-06-08T11:00,3540.0,59.0,Sun357,,,
./sched_archive/sched_2025-06-08.txt,2025-06-08T11:01,2025-06-08T12:00,3540.0,59.0,Sun357,,,
./sched_archive/sched_2025-06-08.txt,2025-06-08T12:01,2025-06-08T13:00,3540.0,59.0,Sun357,,,
./sched_archive/sched_2025-06-08.txt,2025-06-08T13:01,2025-06-08T14:00,3540.0,59.0,Sun357,,,
./sched_archive/sched_2025-06-08.txt,2025-06-08T14:01,2025-06-08T15:00,3540.0,59.0,Sun357,,,
./sched_archive/sched_2025-06-08.txt,2025-06-08T15:01,2025-06-08T16:00,3540.0,59.0,Sun357,,,
./sched_archive/sched_2025-06-08.txt,2025-06-08T16:01,2025-06-08T17:00,3540.0,59.0,Sun357,,,
./sched_archive/sched_2025-06-08.txt,2025-06-08T17:01,2025-06-08T18:07,3960.0,66.0,Sun357,,,
./sched_archive/sched_2025-06-09.txt,2025-06-09T06:53,2025-06-09T08:00,4020.0,67.0,Sun357,,,
./sched_archive/sched_2025-06-09.txt,2025-06-09T08:01,2025-06-09T09:00,3540.0,59.0,Sun357,,,
./sched_archive/sched_2025-06-09.txt,2025-06-09T09:01,2025-06-09T10:00,3540.0,59.0,Sun357,,,
./sched_archive/sched_2025-06-09.txt,2025-06-09T10:01,2025-06-09T11:00,3540.0,59.0,Sun357,,,
./sched_archive/sched_2025-06-09.txt,2025-06-09T11:01,2025-06-09T12:00,3540.0,59.0,Sun357,,,
./sched_archive/sched_2025-06-09.txt,2025-06-09T12:01,2025-06-09T13:00,3540.0,59.0,Sun357,,,
./sched_archive/sched_2025-06-09.txt,2025-06-09T13:01,2025-06-09T14:00,3540.0,59.0,Sun357,,,
./sched_archive/sched_2025-06-09.txt,2025-06-09T14:01,2025-06-09T15:00,3540.0,59.0,Sun357,,,
./sched_archive/sched_2025-06-09.txt,2025-06-09T15:01,2025-06-09T16:00,3540.0,59.0,Sun357,,,
./sched_archive/sched_2025-06-09.txt,2025-06-09T16:01,2025-06-09T17:00,3540.0,59.0,Sun357,,,
./sched_archive/sched_2025-06-09.txt,2025-06-09T17:01,2025-06-09T18:07,3960.0,66.0,Sun357,,,
./sched_archive/sched_2025-06-10.txt,2025-06-10T06:53,2025-06-10T08:00,4020.0,67.0,Sun357,,,
./sched_archive/sched_2025-06-10.txt,2025-06-10T08:01,2025-06-10T09:00,3540.0,59.0,Sun357,,,
./sched_archive/sched_2025-06-10.txt,2025-06-10T09:01,2025-06-10T10:00,3540.0,59.0,Sun357,,,
./sched_archive/sched_2025-06-10.txt,2025-06-10T10:01,2025-06-10T11:00,3540.0,59.0,Sun357,,,
./sched_archive/sched_2025-06-10.txt,2025-06-10T11:01,2025-06-10T12:00,3540.0,59.0,Sun357,,,
./sched_archive/sched_2025-06-10.txt,2025-06-10T12:01,2025-06-10T13:00,3540.0,59.0,Sun357,,,
./sched_archive/sched_2025-06-10.txt,2025-06-10T13:01,2025-06-10T14:00,3540.0,59.0,Sun357,,,
./sched_archive/sched_2025-06-10.txt,2025-06-10T14:01,2025-06-10T15:00,3540.0,59.0,Sun357,,,
./sched_archive/sched_2025-06-10.txt,2025-06-10T15:01,2025-06-10T16:00,3540.0,59.0,Sun357,,,
./sched_archive/sched_2025-06-10.txt,2025-06-10T16:01,2025-06-10T17:00,3540.0,59.0,Sun357,,,
./sched_archive/sched_2025-06-10.txt,2025-06-10T17:01,2025-06-10T18:07,3960.0,66.0,Sun357,,,
./sched_archive/sched_2025-06-11.txt,2025-06-11T17:01,2025-06-11T18:07,3960.0,66.0,Sun357,,,
./sched_archive/sched_2025-06-12.txt,2025-06-12T06:53,2025-06-12T08:00,4020.0,67.0,Sun357,,,
./sched_archive/sched_2025-06-12.txt,2025-06-12T08:01,2025-06-12T09:00,3540.0,59.0,Sun357,,,
./sched_archive/sched_2025-06-12.txt,2025-06-12T09:01,2025-06-12T10:00,3540.0,59.0,Sun357,,,
./sched_archive/sched_2025-06-12.txt,2025-06-12T10:01,2025-06-12T11:00,3540.0,59.0,Sun357,,,
./sched_archive/sched_2025-06-12.txt,2025-06-12T11:01,2025-06-12T12:00,3540.0,59.0,Sun357,,,
./sched_archive/sched_2025-06-12.txt,2025-06-12T12:01,2025-06-12T13:00,3540.0,59.0,Sun357,,,
./sched_archive/sched_2025-06-12.txt,2025-06-12T13:01,2025-06-12T14:00,3540.0,59.0,Sun357,,,
./sched_archive/sched_2025-06-12.txt,2025-06-12T14:01,2025-06-12T15:00,3540.0,59.0,Sun357,,,
./sched_archive/sched_2025-06-12.txt,2025-06-12T15:01,2025-06-12T16:00,3540.0,59.0,Sun357,,,
./sched_archive/sched_2025-06-12.txt,2025-06-12T16:01,2025-06-12T17:00,3540.0,59.0,Sun357,,,
./sched_archive/sched_2025-06-12.txt,2025-06-12T17:01,2025-06-12T18:07,3960.0,66.0,Sun357,,,
./sched_archive/sched_2025-06-13.txt,2025-06-13T10:01,2025-06-13T11:00,3540.0,59.0,Sun357,,,
./sched_archive/sched_2025-06-13.txt,2025-06-13T11:01,2025-06-13T12:00,3540.0,59.0,Sun357,,,
./sched_archive/sched_2025-06-13.txt,2025-06-13T12:01,2025-06-13T13:00,3540.0,59.0,Sun357,,,
./sched_archive/sched_2025-06-13.txt,2025-06-13T13:01,2025-06-13T14:00,3540.0,59.0,Sun357,,,
./sched_archive/sched_2025-06-13.txt,2025-06-13T14:01,2025-06-13T15:00,3540.0,59.0,Sun357,,,
./sched_archive/sched_2025-06-13.txt,2025-06-13T15:01,2025-06-13T16:00,3540.0,59.0,Sun357,,,
./sched_archive/sched_2025-06-13.txt,2025-06-13T16:01,2025-06-13T17:00,3540.0,59.0,Sun357,,,
./sched_archive/sched_2025-06-13.txt,2025-06-13T17:01,2025-06-13T18:07,3960.0,66.0,Sun357,,,
./sched_archive/sched_2025-06-14.txt,2025-06-14T06:55,2025-06-14T08:00,3900.0,65.0,Sun357,,,
./sched_archive/sched_2025-06-14.txt,2025-06-14T08:01,2025-06-14T09:00,3540.0,59.0,Sun357,,,
./sched_archive/sched_2025-06-14.txt,2025-06-14T09:01,2025-06-14T10:00,3540.0,59.0,Sun357,,,
./sched_archive/sched_2025-06-14.txt,2025-06-14T10:01,2025-06-14T11:00,3540.0,59.0,Sun357,,,
./sched_archive/sched_2025-06-14.txt,2025-06-14T11:01,2025-06-14T12:00,3540.0,59.0,Sun357,,,
./sched_archive/sched_2025-06-14.txt,2025-06-14T12:01,2025-06-14T13:00,3540.0,59.0,Sun357,,,
./sched_archive/sched_2025-06-14.txt,2025-06-14T13:01,2025-06-14T14:00,3540.0,59.0,Sun357,,,
./sched_archive/sched_2025-06-14.txt,2025-06-14T14:01,2025-06-14T15:00,3540.0,59.0,Sun357,,,
./sched_archive/sched_2025-06-14.txt,2025-06-14T15:01,2025-06-14T16:00,3540.0,59.0,Sun357,,,
./sched_archive/sched_2025-06-14.txt,2025-06-14T16:01,2025-06-14T17:00,3540.0,59.0,Sun357,,,
./sched_archive/sched_2025-06-14.txt,2025-06-14T17:01,2025-06-14T18:00,3540.0,59.0,Sun357,,,
./sched_archive/sched_2025-06-15.txt,2025-06-15T07:00,2025-06-15T08:00,3600.0,60.0,Sun357,,,
./sched_archive/sched_2025-06-15.txt,2025-06-15T08:01,2025-06-15T09:00,3540.0,59.0,Sun357,,,
./sched_archive/sched_2025-06-15.txt,2025-06-15T09:01,2025-06-15T10:00,3540.0,59.0,Sun357,,,
./sched_archive/sched_2025-06-15.txt,2025-06-15T10:01,2025-06-15T11:00,3540.0,59.0,Sun357,,,
./sched_archive/sched_2025-06-15.txt,2025-06-15T11:01,2025-06-15T12:00,3540.0,59.0,Sun357,,,
./sched_archive/sched_2025-06-15.txt,2025-06-15T12:01,2025-06-15T13:00,3540.0,59.0,Sun357,,,
./sched_archive/sched_2025-06-15.txt,2025-06-15T13:01,2025-06-15T14:00,3540.0,59.0,Sun357,,,
./sched_archive/sched_2025-06-15.txt,2025-06-15T14:01,2025-06-15T15:00,3540.0,59.0,Sun357,,,
./sched_archive/sched_2025-06-15.txt,2025-06-15T15:01,2025-06-15T16:00,3540.0,59.0,Sun357,,,
./sched_archive/sched_2025-06-15.txt,2025-06-15T16:01,2025-06-15T17:00,3540.0,59.0,Sun357,,,
./sched_archive/sched_2025-06-15.txt,2025-06-15T17:01,2025-06-15T18:00,3540.0,59.0,Sun357,,,
./sched_archive/sched_2025-06-16.txt,2025-06-16T06:55,2025-06-16T08:00,3900.0,65.0,Sun357,,,
./sched_archive/sched_2025-06-16.txt,2025-06-16T08:01,2025-06-16T09:00,3540.0,59.0,Sun357,,,
./sched_archive/sched_2025-06-16.txt,2025-06-16T09:01,2025-06-16T10:00,3540.0,59.0,Sun357,,,
./sched_archive/sched_2025-06-16.txt,2025-06-16T10:01,2025-06-16T11:00,3540.0,59.0,Sun357,,,
./sched_archive/sched_2025-06-16.txt,2025-06-16T11:01,2025-06-16T12:00,3540.0,59.0,Sun357,,,
./sched_archive/sched_2025-06-16.txt,2025-06-16T12:01,2025-06-16T13:00,3540.0,59.0,Sun357,,,
./sched_archive/sched_2025-06-16.txt,2025-06-16T13:01,2025-06-16T14:00,3540.0,59.0,Sun357,,,
./sched_archive/sched_2025-06-16.txt,2025-06-16T14:01,2025-06-16T15:00,3540.0,59.0,Sun357,,,
./sched_archive/sched_2025-06-16.txt,2025-06-16T15:01,2025-06-16T16:00,3540.0,59.0,Sun357,,,
./sched_archive/sched_2025-06-16.txt,2025-06-16T16:01,2025-06-16T17:00,3540.0,59.0,Sun357,,,
./sched_archive/sched_2025-06-16.txt,2025-06-16T17:01,2025-06-16T18:05,3840.0,64.0,Sun357,,,
./sched_archive/sched_2025-06-17.txt,2025-06-17T06:50,2025-06-17T08:00,4200.0,70.0,Sun357,,,
./sched_archive/sched_2025-06-17.txt,2025-06-17T08:01,2025-06-17T09:00,3540.0,59.0,Sun357,,,
./sched_archive/sched_2025-06-17.txt,2025-06-17T09:01,2025-06-17T10:00,3540.0,59.0,Sun357,,,
./sched_archive/sched_2025-06-17.txt,2025-06-17T10:01,2025-06-17T11:00,3540.0,59.0,Sun357,,,
./sched_archive/sched_2025-06-17.txt,2025-06-17T11:01,2025-06-17T12:00,3540.0,59.0,Sun357,,,
./sched_archive/sched_2025-06-17.txt,2025-06-17T12:01,2025-06-17T13:00,3540.0,59.0,Sun357,,,
./sched_archive/sched_2025-06-17.txt,2025-06-17T13:01,2025-06-17T14:00,3540.0,59.0,Sun357,,,
./sched_archive/sched_2025-06-17.txt,2025-06-17T14:01,2025-06-17T15:00,3540.0,59.0,Sun357,,,
./sched_archive/sched_2025-06-17.txt,2025-06-17T15:01,2025-06-17T16:00,3540.0,59.0,Sun357,,,
./sched_archive/sched_2025-06-17.txt,2025-06-17T16:01,2025-06-17T17:00,3540.0,59.0,Sun357,,,
./sched_archive/sched_2025-06-17.txt,2025-06-17T17:01,2025-06-17T18:10,4140.0,69.0,Sun357,,,
./sched_archive/sched_2025-06-18.txt,2025-06-18T06:50,2025-06-18T08:00,4200.0,70.0,Sun357,,,
./sched_archive/sched_2025-06-18.txt,2025-06-18T08:01,2025-06-18T09:00,3540.0,59.0,Sun357,,,
./sched_archive/sched_2025-06-18.txt,2025-06-18T09:01,2025-06-18T10:00,3540.0,59.0,Sun357,,,
./sched_archive/sched_2025-06-18.txt,2025-06-18T10:01,2025-06-18T11:00,3540.0,59.0,Sun357,,,
./sched_archive/sched_2025-06-18.txt,2025-06-18T11:01,2025-06-18T12:00,3540.0,59.0,Sun357,,,
./sched_archive/sched_2025-06-18.txt,2025-06-18T12:01,2025-06-18T13:00,3540.0,59.0,Sun357,,,
./sched_archive/sched_2025-06-18.txt,2025-06-18T13:01,2025-06-18T14:00,3540.0,59.0,Sun357,,,
./sched_archive/sched_2025-06-18.txt,2025-06-18T14:01,2025-06-18T15:00,3540.0,59.0,Sun357,,,
./sched_archive/sched_2025-06-18.txt,2025-06-18T15:01,2025-06-18T16:00,3540.0,59.0,Sun357,,,
./sched_archive/sched_2025-06-18.txt,2025-06-18T16:01,2025-06-18T17:00,3540.0,59.0,Sun357,,,
./sched_archive/sched_2025-06-18.txt,2025-06-18T17:01,2025-06-18T18:10,4140.0,69.0,Sun357,,,
./sched_archive/sched_2025-06-19.txt,2025-06-19T06:50,2025-06-19T08:00,4200.0,70.0,Sun357,,,
./sched_archive/sched_2025-06-19.txt,2025-06-19T08:01,2025-06-19T09:00,3540.0,59.0,Sun357,,,
./sched_archive/sched_2025-06-19.txt,2025-06-19T09:01,2025-06-19T10:00,3540.0,59.0,Sun357,,,
./sched_archive/sched_2025-06-19.txt,2025-06-19T10:01,2025-06-19T11:00,3540.0,59.0,Sun357,,,
./sched_archive/sched_2025-06-19.txt,2025-06-19T11:01,2025-06-19T12:00,3540.0,59.0,Sun357,,,
./sched_archive/sched_2025-06-19.txt,2025-06-19T12:01,2025-06-19T13:00,3540.0,59.0,Sun357,,,
./sched_archive/sched_2025-06-19.txt,2025-06-19T13:01,2025-06-19T14:00,3540.0,59.0,Sun357,,,
./sched_archive/sched_2025-06-19.txt,2025-06-19T14:01,2025-06-19T15:00,3540.0,59.0,Sun357,,,
./sched_archive/sched_2025-06-19.txt,2025-06-19T15:01,2025-06-19T16:00,3540.0,59.0,Sun357,,,
./sched_archive/sched_2025-06-19.txt,2025-06-19T16:01,2025-06-19T17:00,3540.0,59.0,Sun357,,,
./sched_archive/sched_2025-06-19.txt,2025-06-19T17:01,2025-06-19T18:10,4140.0,69.0,Sun357,,,
./sched_archive/sched_2025-06-20.txt,2025-06-20T06:50,2025-06-20T08:00,4200.0,70.0,Sun357,,,
./sched_archive/sched_2025-06-20.txt,2025-06-20T08:01,2025-06-20T09:00,3540.0,59.0,Sun357,,,
./sched_archive/sched_2025-06-20.txt,2025-06-20T09:01,2025-06-20T10:00,3540.0,59.0,Sun357,,,
./sched_archive/sched_2025-06-20.txt,2025-06-20T10:01,2025-06-20T11:00,3540.0,59.0,Sun357,,,
./sched_archive/sched_2025-06-20.txt,2025-06-20T11:01,2025-06-20T12:00,3540.0,59.0,Sun357,,,
./sched_archive/sched_2025-06-20.txt,2025-06-20T12:01,2025-06-20T13:00,3540.0,59.0,Sun357,,,
./sched_archive/sched_2025-06-20.txt,2025-06-20T13:01,2025-06-20T14:00,3540.0,59.0,Sun357,,,
./sched_archive/sched_2025-06-20.txt,2025-06-20T14:01,2025-06-20T15:00,3540.0,59.0,Sun357,,,
./sched_archive/sched_2025-06-20.txt,2025-06-20T15:01,2025-06-20T16:00,3540.0,59.0,Sun357,,,
./sched_archive/sched_2025-06-20.txt,2025-06-20T16:01,2025-06-20T17:00,3540.0,59.0,Sun357,,,
./sched_archive/sched_2025-06-20.txt,2025-06-20T17:01,2025-06-20T18:10,4140.0,69.0,Sun357,,,
./sched_archive/sched_2025-06-21.txt,2025-06-21T06:50,2025-06-21T08:00,4200.0,70.0,Sun357,,,
./sched_archive/sched_2025-06-21.txt,2025-06-21T08:01,2025-06-21T09:00,3540.0,59.0,Sun357,,,
./sched_archive/sched_2025-06-21.txt,2025-06-21T09:01,2025-06-21T10:00,3540.0,59.0,Sun357,,,
./sched_archive/sched_2025-06-21.txt,2025-06-21T10:01,2025-06-21T11:00,3540.0,59.0,Sun357,,,
./sched_archive/sched_2025-06-21.txt,2025-06-21T11:01,2025-06-21T12:00,3540.0,59.0,Sun357,,,
./sched_archive/sched_2025-06-21.txt,2025-06-21T12:01,2025-06-21T13:00,3540.0,59.0,Sun357,,,
./sched_archive/sched_2025-06-21.txt,2025-06-21T13:01,2025-06-21T14:00,3540.0,59.0,Sun357,,,
./sched_archive/sched_2025-06-21.txt,2025-06-21T14:01,2025-06-21T15:00,3540.0,59.0,Sun357,,,
./sched_archive/sched_2025-06-21.txt,2025-06-21T15:01,2025-06-21T16:00,3540.0,59.0,Sun357,,,
./sched_archive/sched_2025-06-21.txt,2025-06-21T16:01,2025-06-21T17:00,3540.0,59.0,Sun357,,,
./sched_archive/sched_2025-06-21.txt,2025-06-21T17:01,2025-06-21T18:10,4140.0,69.0,Sun357,,,
./sched_archive/sched_2025-06-22.txt,2025-06-22T06:50,2025-06-22T08:00,4200.0,70.0,Sun357,,,
./sched_archive/sched_2025-06-22.txt,2025-06-22T08:01,2025-06-22T09:00,3540.0,59.0,Sun357,,,
./sched_archive/sched_2025-06-22.txt,2025-06-22T09:01,2025-06-22T10:00,3540.0,59.0,Sun357,,,
./sched_archive/sched_2025-06-22.txt,2025-06-22T10:01,2025-06-22T11:00,3540.0,59.0,Sun357,,,
./sched_archive/sched_2025-06-22.txt,2025-06-22T11:01,2025-06-22T12:00,3540.0,59.0,Sun357,,,
./sched_archive/sched_2025-06-22.txt,2025-06-22T12:01,2025-06-22T13:00,3540.0,59.0,Sun357,,,
./sched_archive/sched_2025-06-22.txt,2025-06-22T13:01,2025-06-22T14:00,3540.0,59.0,Sun357,,,
./sched_archive/sched_2025-06-22.txt,2025-06-22T14:01,2025-06-22T15:00,3540.0,59.0,Sun357,,,
./sched_archive/sched_2025-06-22.txt,2025-06-22T15:01,2025-06-22T16:00,3540.0,59.0,Sun357,,,
./sched_archive/sched_2025-06-22.txt,2025-06-22T16:01,2025-06-22T17:00,3540.0,59.0,Sun357,,,
./sched_archive/sched_2025-06-22.txt,2025-06-22T17:01,2025-06-22T18:10,4140.0,69.0,Sun357,,,
./sched_archive/sched_2025-06-23.txt,2025-06-23T06:50,2025-06-23T08:00,4200.0,70.0,Sun357,,,
./sched_archive/sched_2025-06-23.txt,2025-06-23T08:01,2025-06-23T09:00,3540.0,59.0,Sun357,,,
./sched_archive/sched_2025-06-23.txt,2025-06-23T09:01,2025-06-23T10:00,3540.0,59.0,Sun357,,,
./sched_archive/sched_2025-06-23.txt,2025-06-23T10:01,2025-06-23T11:00,3540.0,59.0,Sun357,,,
./sched_archive/sched_2025-06-23.txt,2025-06-23T11:01,2025-06-23T12:00,3540.0,59.0,Sun357,,,
./sched_archive/sched_2025-06-23.txt,2025-06-23T12:01,2025-06-23T13:00,3540.0,59.0,Sun357,,,
./sched_archive/sched_2025-06-23.txt,2025-06-23T13:01,2025-06-23T14:00,3540.0,59.0,Sun357,,,
./sched_archive/sched_2025-06-23.txt,2025-06-23T14:01,2025-06-23T15:00,3540.0,59.0,Sun357,,,
./sched_archive/sched_2025-06-23.txt,2025-06-23T15:01,2025-06-23T16:00,3540.0,59.0,Sun357,,,
./sched_archive/sched_2025-06-23.txt,2025-06-23T16:01,2025-06-23T17:00,3540.0,59.0,Sun357,,,
./sched_archive/sched_2025-06-23.txt,2025-06-23T17:01,2025-06-23T18:10,4140.0,69.0,Sun357,,,
./sched_archive/sched_2025-06-24.txt,2025-06-24T06:50,2025-06-24T08:00,4200.0,70.0,Sun357,,,
./sched_archive/sched_2025-06-24.txt,2025-06-24T08:01,2025-06-24T09:00,3540.0,59.0,Sun357,,,
./sched_archive/sched_2025-06-24.txt,2025-06-24T09:01,2025-06-24T10:00,3540.0,59.0,Sun357,,,
./sched_archive/sched_2025-06-24.txt,2025-06-24T10:01,2025-06-24T11:00,3540.0,59.0,Sun357,,,
./sched_archive/sched_2025-06-24.txt,2025-06-24T11:01,2025-06-24T12:00,3540.0,59.0,Sun357,,,
./sched_archive/sched_2025-06-24.txt,2025-06-24T12:01,2025-06-24T13:00,3540.0,59.0,Sun357,,,
./sched_archive/sched_2025-06-24.txt,2025-06-24T13:01,2025-06-24T14:00,3540.0,59.0,Sun357,,,
./sched_archive/sched_2025-06-24.txt,2025-06-24T14:01,2025-06-24T15:00,3540.0,59.0,Sun357,,,
./sched_archive/sched_2025-06-24.txt,2025-06-24T15:01,2025-06-24T16:00,3540.0,59.0,Sun357,,,
./sched_archive/sched_2025-06-24.txt,2025-06-24T16:01,2025-06-24T17:00,3540.0,59.0,Sun357,,,
./sched_archive/sched_2025-06-24.txt,2025-06-24T17:01,2025-06-24T18:10,4140.0,69.0,Sun357,,,
./sched_archive/sched_2025-06-25.txt,2025-06-25T06:50,2025-06-25T08:00,4200.0,70.0,Sun357,,,
./sched_archive/sched_2025-06-25.txt,2025-06-25T08:01,2025-06-25T09:00,3540.0,59.0,Sun357,,,
./sched_archive/sched_2025-06-25.txt,2025-06-25T09:01,2025-06-25T10:00,3540.0,59.0,Sun357,,,
./sched_archive/sched_2025-06-25.txt,2025-06-25T10:01,2025-06-25T11:00,3540.0,59.0,Sun357,,,
./sched_archive/sched_2025-06-25.txt,2025-06-25T11:01,2025-06-25T12:00,3540.0,59.0,Sun357,,,
./sched_archive/sched_2025-06-25.txt,2025-06-25T12:01,2025-06-25T13:00,3540.0,59.0,Sun357,,,
./sched_archive/sched_2025-06-25.txt,2025-06-25T13:01,2025-06-25T14:00,3540.0,59.0,Sun357,,,
./sched_archive/sched_2025-06-25.txt,2025-06-25T14:01,2025-06-25T15:00,3540.0,59.0,Sun357,,,
./sched_archive/sched_2025-06-25.txt,2025-06-25T15:01,2025-06-25T16:00,3540.0,59.0,Sun357,,,
./sched_archive/sched_2025-06-25.txt,2025-06-25T16:01,2025-06-25T17:00,3540.0,59.0,Sun357,,,
./sched_archive/sched_2025-06-25.txt,2025-06-25T17:01,2025-06-25T18:10,4140.0,69.0,Sun357,,,
./sched_archive/sched_2025-06-26.txt,2025-06-26T06:50,2025-06-26T08:00,4200.0,70.0,Sun357,,,
./sched_archive/sched_2025-06-26.txt,2025-06-26T08:01,2025-06-26T09:00,3540.0,59.0,Sun357,,,
./sched_archive/sched_2025-06-26.txt,2025-06-26T09:01,2025-06-26T10:00,3540.0,59.0,Sun357,,,
./sched_archive/sched_2025-06-26.txt,2025-06-26T10:01,2025-06-26T11:00,3540.0,59.0,Sun357,,,
./sched_archive/sched_2025-06-26.txt,2025-06-26T11:01,2025-06-26T12:00,3540.0,59.0,Sun357,,,
./sched_archive/sched_2025-06-26.txt,2025-06-26T12:01,2025-06-26T13:00,3540.0,59.0,Sun357,,,
./sched_archive/sched_2025-06-26.txt,2025-06-26T13:01,2025-06-26T14:00,3540.0,59.0,Sun357,,,
./sched_archive/sched_2025-06-26.txt,2025-06-26T14:01,2025-06-26T15:00,3540.0,59.0,Sun357,,,
./sched_archive/sched_2025-06-26.txt,2025-06-26T15:01,2025-06-26T16:00,3540.0,59.0,Sun357,,,
./sched_archive/sched_2025-06-26.txt,2025-06-26T16:01,2025-06-26T17:00,3540.0,59.0,Sun357,,,
./sched_archive/sched_2025-06-26.txt,2025-06-26T17:01,2025-06-26T18:10,4140.0,69.0,Sun357,,,
./sched_archive/sched_2025-06-27.txt,2025-06-27T06:50,2025-06-27T08:00,4200.0,70.0,Sun357,,,
./sched_archive/sched_2025-06-27.txt,2025-06-27T08:01,2025-06-27T09:00,3540.0,59.0,Sun357,,,
./sched_archive/sched_2025-06-27.txt,2025-06-27T09:01,2025-06-27T10:00,3540.0,59.0,Sun357,,,
./sched_archive/sched_2025-06-27.txt,2025-06-27T10:01,2025-06-27T11:00,3540.0,59.0,Sun357,,,
./sched_archive/sched_2025-06-27.txt,2025-06-27T11:01,2025-06-27T12:00,3540.0,59.0,Sun357,,,
./sched_archive/sched_2025-06-27.txt,2025-06-27T12:01,2025-06-27T13:00,3540.0,59.0,Sun357,,,
./sched_archive/sched_2025-06-27.txt,2025-06-27T13:01,2025-06-27T14:00,3540.0,59.0,Sun357,,,
./sched_archive/sched_2025-06-27.txt,2025-06-27T14:01,2025-06-27T15:00,3540.0,59.0,Sun357,,,
./sched_archive/sched_2025-06-27.txt,2025-06-27T15:01,2025-06-27T16:00,3540.0,59.0,Sun357,,,
./sched_archive/sched_2025-06-27.txt,2025-06-27T16:01,2025-06-27T17:00,3540.0,59.0,Sun357,,,
./sched_archive/sched_2025-06-27.txt,2025-06-27T17:01,2025-06-27T18:10,4140.0,69.0,Sun357,,,
./sched_archive/sched_2025-06-28.txt,2025-06-28T06:50,2025-06-28T08:00,4200.0,70.0,Sun357,,,
./sched_archive/sched_2025-06-28.txt,2025-06-28T08:01,2025-06-28T09:00,3540.0,59.0,Sun357,,,
./sched_archive/sched_2025-06-28.txt,2025-06-28T09:01,2025-06-28T10:00,3540.0,59.0,Sun357,,,
./sched_archive/sched_2025-06-28.txt,2025-06-28T10:01,2025-06-28T11:00,3540.0,59.0,Sun357,,,
./sched_archive/sched_2025-06-28.txt,2025-06-28T11:01,2025-06-28T12:00,3540.0,59.0,Sun357,,,
./sched_archive/sched_2025-06-28.txt,2025-06-28T12:01,2025-06-28T13:00,3540.0,59.0,Sun357,,,
./sched_archive/sched_2025-06-28.txt,2025-06-28T13:01,2025-06-28T14:00,3540.0,59.0,Sun357,,,
./sched_archive/sched_2025-06-28.txt,2025-06-28T14:01,2025-06-28T15:00,3540.0,59.0,Sun357,,,
./sched_archive/sched_2025-06-28.txt,2025-06-28T15:01,2025-06-28T16:00,3540.0,59.0,Sun357,,,
./sched_archive/sched_2025-06-28.txt,2025-06-28T16:01,2025-06-28T17:00,3540.0,59.0,Sun357,,,
./sched_archive/sched_2025-06-28.txt,2025-06-28T17:01,2025-06-28T18:10,4140.0,69.0,Sun357,,,
./sched_archive/sched_2025-06-29.txt,2025-06-29T06:50,2025-06-29T08:00,4200.0,70.0,Sun357,,,
./sched_archive/sched_2025-06-29.txt,2025-06-29T08:01,2025-06-29T09:00,3540.0,59.0,Sun357,,,
./sched_archive/sched_2025-06-29.txt,2025-06-29T09:01,2025-06-29T10:00,3540.0,59.0,Sun357,,,
./sched_archive/sched_2025-06-29.txt,2025-06-29T10:01,2025-06-29T11:00,3540.0,59.0,Sun357,,,
./sched_archive/sched_2025-06-29.txt,2025-06-29T11:01,2025-06-29T12:00,3540.0,59.0,Sun357,,,
./sched_archive/sched_2025-06-29.txt,2025-06-29T12:01,2025-06-29T13:00,3540.0,59.0,Sun357,,,
./sched_archive/sched_2025-06-29.txt,2025-06-29T13:01,2025-06-29T14:00,3540.0,59.0,Sun357,,,
./sched_archive/sched_2025-06-29.txt,2025-06-29T14:01,2025-06-29T15:00,3540.0,59.0,Sun357,,,
./sched_archive/sched_2025-06-29.txt,2025-06-29T15:01,2025-06-29T16:00,3540.0,59.0,Sun357,,,
./sched_archive/sched_2025-06-29.txt,2025-06-29T16:01,2025-06-29T17:00,3540.0,59.0,Sun357,,,
./sched_archive/sched_2025-06-29.txt,2025-06-29T17:01,2025-06-29T18:10,4140.0,69.0,Sun357,,,
./sched_archive/sched_2025-06-30.txt,2025-06-30T06:50,2025-06-30T08:00,4200.0,70.0,Sun357,,,
./sched_archive/sched_2025-06-30.txt,2025-06-30T08:01,2025-06-30T09:00,3540.0,59.0,Sun357,,,
./sched_archive/sched_2025-06-30.txt,2025-06-30T09:01,2025-06-30T10:00,3540.0,59.0,Sun357,,,
./sched_archive/sched_2025-06-30.txt,2025-06-30T10:01,2025-06-30T11:00,3540.0,59.0,Sun357,,,
./sched_archive/sched_2025-06-30.txt,2025-06-30T11:01,2025-06-30T12:00,3540.0,59.0,Sun357,,,
./sched_archive/sched_2025-06-30.txt,2025-06-30T12:01,2025-06-30T13:00,3540.0,59.0,Sun357,,,
./sched_archive/sched_2025-06-30.txt,2025-06-30T13:01,2025-06-30T14:00,3540.0,59.0,Sun357,,,
./sched_archive/sched_2025-06-30.txt,2025-06-30T14:01,2025-06-30T15:00,3540.0,59.0,Sun357,,,
./sched_archive/sched_2025-06-30.txt,2025-06-30T15:01,2025-06-30T16:00,3540.0,59.0,Sun357,,,
./sched_archive/sched_2025-06-30.txt,2025-06-30T16:01,2025-06-30T17:00,3540.0,59.0,Sun357,,,
./sched_archive/sched_2025-06-30.txt,2025-06-30T17:01,2025-06-30T18:10,4140.0,69.0,Sun357,,,
./sched_archive/sched_2025-07-01.txt,2025-07-01T06:50,2025-07-01T08:00,4200.0,70.0,Sun357,,,
./sched_archive/sched_2025-07-01.txt,2025-07-01T08:01,2025-07-01T09:00,3540.0,59.0,Sun357,,,
./sched_archive/sched_2025-07-01.txt,2025-07-01T09:01,2025-07-01T10:00,3540.0,59.0,Sun357,,,
./sched_archive/sched_2025-07-01.txt,2025-07-01T10:01,2025-07-01T11:00,3540.0,59.0,Sun357,,,
./sched_archive/sched_2025-07-01.txt,2025-07-01T11:01,2025-07-01T12:00,3540.0,59.0,Sun357,,,
./sched_archive/sched_2025-07-01.txt,2025-07-01T12:01,2025-07-01T13:00,3540.0,59.0,Sun357,,,
./sched_archive/sched_2025-07-01.txt,2025-07-01T13:01,2025-07-01T14:00,3540.0,59.0,Sun357,,,
./sched_archive/sched_2025-07-01.txt,2025-07-01T14:01,2025-07-01T15:00,3540.0,59.0,Sun357,,,
./sched_archive/sched_2025-07-01.txt,2025-07-01T15:01,2025-07-01T16:00,3540.0,59.0,Sun357,,,
./sched_archive/sched_2025-07-01.txt,2025-07-01T16:01,2025-07-01T17:00,3540.0,59.0,Sun357,,,
./sched_archive/sched_2025-07-01.txt,2025-07-01T17:01,2025-07-01T18:10,4140.0,69.0,Sun357,,,
./sched_archive/sched_2025-07-02.txt,2025-07-02T06:50,2025-07-02T08:00,4200.0,70.0,Sun357,,,
./sched_archive/sched_2025-07-02.txt,2025-07-02T08:01,2025-07-02T09:00,3540.0,59.0,Sun357,,,
./sched_archive/sched_2025-07-02.txt,2025-07-02T09:01,2025-07-02T10:00,3540.0,59.0,Sun357,,,
./sched_archive/sched_2025-07-02.txt,2025-07-02T10:01,2025-07-02T11:00,3540.0,59.0,Sun357,,,
./sched_archive/sched_2025-07-02.txt,2025-07-02T11:01,2025-07-02T12:00,3540.0,59.0,Sun357,,,
./sched_archive/sched_2025-07-02.txt,2025-07-02T12:01,2025-07-02T13:00,3540.0,59.0,Sun357,,,
./sched_archive/sched_2025-07-02.txt,2025-07-02T13:01,2025-07-02T14:00,3540.0,59.0,Sun357,,,
./sched_archive/sched_2025-07-02.txt,2025-07-02T14:01,2025-07-02T15:00,3540.0,59.0,Sun357,,,
./sched_archive/sched_2025-07-02.txt,2025-07-02T15:01,2025-07-02T16:00,3540.0,59.0,Sun357,,,
./sched_archive/sched_2025-07-02.txt,2025-07-02T16:01,2025-07-02T17:00,3540.0,59.0,Sun357,,,
./sched_archive/sched_2025-07-02.txt,2025-07-02T17:01,2025-07-02T18:10,4140.0,69.0,Sun357,,,
./sched_archive/sched_2025-07-03.txt,2025-07-03T06:50,2025-07-03T08:00,4200.0,70.0,Sun357,,,
./sched_archive/sched_2025-07-03.txt,2025-07-03T08:01,2025-07-03T09:00,3540.0,59.0,Sun357,,,
./sched_archive/sched_2025-07-03.txt,2025-07-03T09:01,2025-07-03T10:00,3540.0,59.0,Sun357,,,
./sched_archive/sched_2025-07-03.txt,2025-07-03T10:01,2025-07-03T11:00,3540.0,59.0,Sun357,,,
./sched_archive/sched_2025-07-03.txt,2025-07-03T11:01,2025-07-03T12:00,3540.0,59.0,Sun357,,,
./sched_archive/sched_2025-07-03.txt,2025-07-03T12:01,2025-07-03T13:00,3540.0,59.0,Sun357,,,
./sched_archive/sched_2025-07-03.txt,2025-07-03T13:01,2025-07-03T14:00,3540.0,59.0,Sun357,,,
./sched_archive/sched_2025-07-03.txt,2025-07-03T14:01,2025-07-03T15:00,3540.0,59.0,Sun357,,,
./sched_archive/sched_2025-07-03.txt,2025-07-03T15:01,2025-07-03T16:00,3540.0,59.0,Sun357,,,
./sched_archive/sched_2025-07-03.txt,2025-07-03T16:01,2025-07-03T17:00,3540.0,59.0,Sun357,,,
./sched_archive/sched_2025-07-03.txt,2025-07-03T17:01,2025-07-03T18:10,4140.0,69.0,Sun357,,,
./sched_archive/sched_2025-07-04.txt,2025-07-04T06:50,2025-07-04T08:00,4200.0,70.0,Sun357,,,
./sched_archive/sched_2025-07-04.txt,2025-07-04T08:01,2025-07-04T09:00,3540.0,59.0,Sun357,,,
./sched_archive/sched_2025-07-04.txt,2025-07-04T09:01,2025-07-04T10:00,3540.0,59.0,Sun357,,,
./sched_archive/sched_2025-07-04.txt,2025-07-04T10:01,2025-07-04T11:00,3540.0,59.0,Sun357,,,
./sched_archive/sched_2025-07-04.txt,2025-07-04T11:01,2025-07-04T12:00,3540.0,59.0,Sun357,,,
./sched_archive/sched_2025-07-04.txt,2025-07-04T12:01,2025-07-04T13:00,3540.0,59.0,Sun357,,,
./sched_archive/sched_2025-07-04.txt,2025-07-04T13:01,2025-07-04T14:00,3540.0,59.0,Sun357,,,
./sched_archive/sched_2025-07-04.txt,2025-07-04T14:01,2025-07-04T15:00,3540.0,59.0,Sun357,,,
./sched_archive/sched_2025-07-04.txt,2025-07-04T15:01,2025-07-04T16:00,3540.0,59.0,Sun357,,,
./sched_archive/sched_2025-07-04.txt,2025-07-04T16:01,2025-07-04T17:00,3540.0,59.0,Sun357,,,
./sched_archive/sched_2025-07-04.txt,2025-07-04T17:01,2025-07-04T18:10,4140.0,69.0,Sun357,,,
./sched_archive/sched_2025-07-05.txt,2025-07-05T06:45,2025-07-05T08:00,4500.0,75.0,Sun357,,,
./sched_archive/sched_2025-07-05.txt,2025-07-05T08:01,2025-07-05T09:00,3540.0,59.0,Sun357,,,
./sched_archive/sched_2025-07-05.txt,2025-07-05T09:01,2025-07-05T10:00,3540.0,59.0,Sun357,,,
./sched_archive/sched_2025-07-05.txt,2025-07-05T10:01,2025-07-05T11:00,3540.0,59.0,Sun357,,,
./sched_archive/sched_2025-07-05.txt,2025-07-05T11:01,2025-07-05T12:00,3540.0,59.0,Sun357,,,
./sched_archive/sched_2025-07-05.txt,2025-07-05T12:01,2025-07-05T13:00,3540.0,59.0,Sun357,,,
./sched_archive/sched_2025-07-05.txt,2025-07-05T13:01,2025-07-05T14:00,3540.0,59.0,Sun357,,,
./sched_archive/sched_2025-07-05.txt,2025-07-05T14:01,2025-07-05T15:00,3540.0,59.0,Sun357,,,
./sched_archive/sched_2025-07-05.txt,2025-07-05T15:01,2025-07-05T16:00,3540.0,59.0,Sun357,,,
./sched_archive/sched_2025-07-05.txt,2025-07-05T16:01,2025-07-05T17:00,3540.0,59.0,Sun357,,,
./sched_archive/sched_2025-07-05.txt,2025-07-05T17:01,2025-07-05T18:15,4440.0,74.0,Sun357,,,
./sched_archive/sched_2025-07-06.txt,2025-07-06T06:40,2025-07-06T08:00,4800.0,80.0,Sun357,,,
./sched_archive/sched_2025-07-06.txt,2025-07-06T08:01,2025-07-06T09:00,3540.0,59.0,Sun357,,,
./sched_archive/sched_2025-07-06.txt,2025-07-06T09:01,2025-07-06T10:00,3540.0,59.0,Sun357,,,
./sched_archive/sched_2025-07-06.txt,2025-07-06T10:01,2025-07-06T11:00,3540.0,59.0,Sun357,,,
./sched_archive/sched_2025-07-06.txt,2025-07-06T11:01,2025-07-06T12:00,3540.0,59.0,Sun357,,,
./sched_archive/sched_2025-07-06.txt,2025-07-06T12:01,2025-07-06T13:00,3540.0,59.0,Sun357,,,
./sched_archive/sched_2025-07-06.txt,2025-07-06T13:01,2025-07-06T14:00,3540.0,59.0,Sun357,,,
./sched_archive/sched_2025-07-06.txt,2025-07-06T14:01,2025-07-06T15:00,3540.0,59.0,Sun357,,,
./sched_archive/sched_2025-07-06.txt,2025-07-06T15:01,2025-07-06T16:00,3540.0,59.0,Sun357,,,
./sched_archive/sched_2025-07-06.txt,2025-07-06T16:01,2025-07-06T17:00,3540.0,59.0,Sun357,,,
./sched_archive/sched_2025-07-06.txt,2025-07-06T17:01,2025-07-06T18:20,4740.0,79.0,Sun357,,,
./sched_archive/sched_2025-07-07.txt,2025-07-07T06:40,2025-07-07T08:00,4800.0,80.0,Sun357,,,
./sched_archive/sched_2025-07-07.txt,2025-07-07T08:01,2025-07-07T09:00,3540.0,59.0,Sun357,,,
./sched_archive/sched_2025-07-07.txt,2025-07-07T09:01,2025-07-07T10:00,3540.0,59.0,Sun357,,,
./sched_archive/sched_2025-07-07.txt,2025-07-07T10:01,2025-07-07T11:00,3540.0,59.0,Sun357,,,
./sched_archive/sched_2025-07-07.txt,2025-07-07T11:01,2025-07-07T12:00,3540.0,59.0,Sun357,,,
./sched_archive/sched_2025-07-07.txt,2025-07-07T12:01,2025-07-07T13:00,3540.0,59.0,Sun357,,,
./sched_archive/sched_2025-07-07.txt,2025-07-07T13:01,2025-07-07T14:00,3540.0,59.0,Sun357,,,
./sched_archive/sched_2025-07-07.txt,2025-07-07T14:01,2025-07-07T15:00,3540.0,59.0,Sun357,,,
./sched_archive/sched_2025-07-07.txt,2025-07-07T15:01,2025-07-07T16:00,3540.0,59.0,Sun357,,,
./sched_archive/sched_2025-07-07.txt,2025-07-07T16:01,2025-07-07T17:00,3540.0,59.0,Sun357,,,
./sched_archive/sched_2025-07-07.txt,2025-07-07T17:01,2025-07-07T18:30,5340.0,89.0,Sun357,,,
./sched_archive/sched_2025-07-08.txt,2025-07-08T06:35,2025-07-08T08:00,5100.0,85.0,Sun357,,,
./sched_archive/sched_2025-07-08.txt,2025-07-08T08:01,2025-07-08T09:00,3540.0,59.0,Sun357,,,
./sched_archive/sched_2025-07-08.txt,2025-07-08T09:01,2025-07-08T10:00,3540.0,59.0,Sun357,,,
./sched_archive/sched_2025-07-08.txt,2025-07-08T10:01,2025-07-08T11:00,3540.0,59.0,Sun357,,,
./sched_archive/sched_2025-07-08.txt,2025-07-08T11:01,2025-07-08T12:00,3540.0,59.0,Sun357,,,
./sched_archive/sched_2025-07-08.txt,2025-07-08T12:01,2025-07-08T13:00,3540.0,59.0,Sun357,,,
./sched_archive/sched_2025-07-08.txt,2025-07-08T13:01,2025-07-08T14:00,3540.0,59.0,Sun357,,,
./sched_archive/sched_2025-07-08.txt,2025-07-08T14:01,2025-07-08T15:00,3540.0,59.0,Sun357,,,
./sched_archive/sched_2025-07-08.txt,2025-07-08T15:01,2025-07-08T16:00,3540.0,59.0,Sun357,,,
./sched_archive/sched_2025-07-08.txt,2025-07-08T16:01,2025-07-08T17:00,3540.0,59.0,Sun357,,,
./sched_archive/sched_2025-07-08.txt,2025-07-08T17:01,2025-07-08T18:35,5640.0,94.0,Sun357,,,
./sched_archive/sched_2025-07-12-1.txt,2025-07-12T06:18,2025-07-12T07:10,3120.0,52.0,Sun357,,,
./sched_archive/sched_2025-07-12-1.txt,2025-07-12T07:11,2025-07-12T08:10,3540.0,59.0,Sun357,,,
./sched_archive/sched_2025-07-12-1.txt,2025-07-12T08:11,2025-07-12T09:10,3540.0,59.0,Sun357,,,
./sched_archive/sched_2025-07-12-1.txt,2025-07-12T09:11,2025-07-12T10:10,3540.0,59.0,Sun357,,,
./sched_archive/sched_2025-07-12-1.txt,2025-07-12T10:11,2025-07-12T11:10,3540.0,59.0,Sun357,,,
./sched_archive/sched_2025-07-12-1.txt,2025-07-12T11:11,2025-07-12T12:10,3540.0,59.0,Sun357,,,
./sched_archive/sched_2025-07-12-1.txt,2025-07-12T12:11,2025-07-12T13:10,3540.0,59.0,Sun357,,,
./sched_archive/sched_2025-07-12-1.txt,2025-07-12T13:11,2025-07-12T14:10,3540.0,59.0,Sun357,,,
./sched_archive/sched_2025-07-12-1.txt,2025-07-12T14:11,2025-07-12T15:10,3540.0,59.0,Sun357,,,
./sched_archive/sched_2025-07-12-1.txt,2025-07-12T15:11,2025-07-12T16:10,3540.0,59.0,Sun357,,,
./sched_archive/sched_2025-07-12-1.txt,2025-07-12T16:11,2025-07-12T17:10,3540.0,59.0,Sun357,,,
./sched_archive/sched_2025-07-12-1.txt,2025-07-12T17:11,2025-07-12T18:21,4200.0,70.0,Sun357,,,
./sched_archive/sched_2025-07-12.txt,2025-07-12T05:11,2025-07-12T06:10,3540.0,59.0,Sun357,,,
./sched_archive/sched_2025-07-12.txt,2025-07-12T06:11,2025-07-12T07:10,3540.0,59.0,Sun357,,,
./sched_archive/sched_2025-07-12.txt,2025-07-12T07:11,2025-07-12T08:10,3540.0,59.0,Sun357,,,
./sched_archive/sched_2025-07-12.txt,2025-07-12T08:11,2025-07-12T09:10,3540.0,59.0,Sun357,,,
./sched_archive/sched_2025-07-12.txt,2025-07-12T09:11,2025-07-12T10:10,3540.0,59.0,Sun357,,,
./sched_archive/sched_2025-07-12.txt,2025-07-12T10:11,2025-07-12T11:10,3540.0,59.0,Sun357,,,
./sched_archive/sched_2025-07-12.txt,2025-07-12T11:11,2025-07-12T12:10,3540.0,59.0,Sun357,,,
./sched_archive/sched_2025-07-12.txt,2025-07-12T12:11,2025-07-12T13:10,3540.0,59.0,Sun357,,,
./sched_archive/sched_2025-07-12.txt,2025-07-12T13:11,2025-07-12T14:10,3540.0,59.0,Sun357,,,
./sched_archive/sched_2025-07-12.txt,2025-07-12T14:11,2025-07-12T15:10,3540.0,59.0,Sun357,,,
./sched_archive/sched_2025-07-12.txt,2025-07-12T15:11,2025-07-12T16:10,3540.0,59.0,Sun357,,,
./sched_archive/sched_2025-07-12.txt,2025-07-12T16:11,2025-07-12T17:10,3540.0,59.0,Sun357,,,
./sched_archive/sched_2025-07-12.txt,2025-07-12T17:11,2025-07-12T18:10,3540.0,59.0,Sun357,,,
./sched_archive/sched_2025-07-12.txt,2025-07-12T18:11,2025-07-12T19:10,3540.0,59.0,Sun357,,,
./sched_archive/sched_2025-07-12.txt,2025-07-12T19:11,2025-07-12T19:50,2340.0,39.0,Sun357,,,
./sched_archive/sched_2025-07-13.txt,2025-07-13T06:18,2025-07-13T07:10,3120.0,52.0,Sun357,,,
./sched_archive/sched_2025-07-13.txt,2025-07-13T07:11,2025-07-13T08:10,3540.0,59.0,Sun357,,,
./sched_archive/sched_2025-07-13.txt,2025-07-13T08:11,2025-07-13T09:10,3540.0,59.0,Sun357,,,
./sched_archive/sched_2025-07-13.txt,2025-07-13T09:11,2025-07-13T10:10,3540.0,59.0,Sun357,,,
./sched_archive/sched_2025-07-13.txt,2025-07-13T10:11,2025-07-13T11:10,3540.0,59.0,Sun357,,,
./sched_archive/sched_2025-07-13.txt,2025-07-13T11:11,2025-07-13T12:10,3540.0,59.0,Sun357,,,
./sched_archive/sched_2025-07-13.txt,2025-07-13T12:11,2025-07-13T13:10,3540.0,59.0,Sun357,,,
./sched_archive/sched_2025-07-13.txt,2025-07-13T13:11,2025-07-13T14:10,3540.0,59.0,Sun357,,,
./sched_archive/sched_2025-07-13.txt,2025-07-13T14:11,2025-07-13T15:10,3540.0,59.0,Sun357,,,
./sched_archive/sched_2025-07-13.txt,2025-07-13T15:11,2025-07-13T16:10,3540.0,59.0,Sun357,,,
./sched_archive/sched_2025-07-13.txt,2025-07-13T16:11,2025-07-13T17:10,3540.0,59.0,Sun357,,,
./sched_archive/sched_2025-07-13.txt,2025-07-13T17:11,2025-07-13T18:20,4140.0,69.0,Sun357,,,
./sched_archive/sched_2025-07-14.txt,2025-07-14T06:18,2025-07-14T07:10,3120.0,52.0,Sun357,,,
./sched_archive/sched_2025-07-14.txt,2025-07-14T07:11,2025-07-14T08:10,3540.0,59.0,Sun357,,,
./sched_archive/sched_2025-07-14.txt,2025-07-14T08:11,2025-07-14T09:10,3540.0,59.0,Sun357,,,
./sched_archive/sched_2025-07-14.txt,2025-07-14T09:11,2025-07-14T10:10,3540.0,59.0,Sun357,,,
./sched_archive/sched_2025-07-14.txt,2025-07-14T10:11,2025-07-14T11:10,3540.0,59.0,Sun357,,,
./sched_archive/sched_2025-07-14.txt,2025-07-14T11:11,2025-07-14T12:10,3540.0,59.0,Sun357,,,
./sched_archive/sched_2025-07-14.txt,2025-07-14T12:11,2025-07-14T13:10,3540.0,59.0,Sun357,,,
./sched_archive/sched_2025-07-14.txt,2025-07-14T13:11,2025-07-14T14:10,3540.0,59.0,Sun357,,,
./sched_archive/sched_2025-07-14.txt,2025-07-14T14:11,2025-07-14T15:10,3540.0,59.0,Sun357,,,
./sched_archive/sched_2025-07-14.txt,2025-07-14T15:11,2025-07-14T16:10,3540.0,59.0,Sun357,,,
./sched_archive/sched_2025-07-14.txt,2025-07-14T16:11,2025-07-14T17:10,3540.0,59.0,Sun357,,,
./sched_archive/sched_2025-07-14.txt,2025-07-14T17:11,2025-07-14T18:21,4200.0,70.0,Sun357,,,
./sched_archive/sched_2025-07-15.txt,2025-07-15T07:11,2025-07-15T08:10,3540.0,59.0,Sun357,,,
./sched_archive/sched_2025-07-15.txt,2025-07-15T08:11,2025-07-15T09:10,3540.0,59.0,Sun357,,,
./sched_archive/sched_2025-07-15.txt,2025-07-15T09:11,2025-07-15T10:10,3540.0,59.0,Sun357,,,
./sched_archive/sched_2025-07-15.txt,2025-07-15T10:11,2025-07-15T11:10,3540.0,59.0,Sun357,,,
./sched_archive/sched_2025-07-15.txt,2025-07-15T11:11,2025-07-15T12:10,3540.0,59.0,Sun357,,,
./sched_archive/sched_2025-07-15.txt,2025-07-15T12:11,2025-07-15T13:10,3540.0,59.0,Sun357,,,
./sched_archive/sched_2025-07-15.txt,2025-07-15T13:11,2025-07-15T14:10,3540.0,59.0,Sun357,,,
./sched_archive/sched_2025-07-15.txt,2025-07-15T14:11,2025-07-15T15:10,3540.0,59.0,Sun357,,,
./sched_archive/sched_2025-07-15.txt,2025-07-15T15:11,2025-07-15T16:10,3540.0,59.0,Sun357,,,
./sched_archive/sched_2025-07-15.txt,2025-07-15T16:11,2025-07-15T17:10,3540.0,59.0,Sun357,,,
./sched_archive/sched_2025-07-15.txt,2025-07-15T17:11,2025-07-15T18:21,4200.0,70.0,Sun357,,,
./sched_archive/sched_2025-07-17-1.txt,2025-07-17T06:18,2025-07-17T07:10,3120.0,52.0,Sun357,,,
./sched_archive/sched_2025-07-17-1.txt,2025-07-17T07:11,2025-07-17T08:10,3540.0,59.0,Sun357,,,
./sched_archive/sched_2025-07-17-1.txt,2025-07-17T08:11,2025-07-17T09:10,3540.0,59.0,Sun357,,,
./sched_archive/sched_2025-07-17-1.txt,2025-07-17T09:11,2025-07-17T10:10,3540.0,59.0,Sun357,,,
./sched_archive/sched_2025-07-17-1.txt,2025-07-17T10:11,2025-07-17T11:10,3540.0,59.0,Sun357,,,
./sched_archive/sched_2025-07-17-1.txt,2025-07-17T11:11,2025-07-17T12:10,3540.0,59.0,Sun357,,,
./sched_archive/sched_2025-07-17-1.txt,2025-07-17T12:11,2025-07-17T13:10,3540.0,59.0,Sun357,,,
./sched_archive/sched_2025-07-17-1.txt,2025-07-17T13:11,2025-07-17T14:10,3540.0,59.0,Sun357,,,
./sched_archive/sched_2025-07-17-1.txt,2025-07-17T14:11,2025-07-17T15:10,3540.0,59.0,Sun357,,,
./sched_archive/sched_2025-07-17-1.txt,2025-07-17T15:11,2025-07-17T16:10,3540.0,59.0,Sun357,,,
./sched_archive/sched_2025-07-17-1.txt,2025-07-17T16:11,2025-07-17T17:10,3540.0,59.0,Sun357,,,
./sched_archive/sched_2025-07-17-1.txt,2025-07-17T17:11,2025-07-17T18:21,4200.0,70.0,Sun357,,,
./sched_archive/sched_2025-07-17.txt,2025-07-17T06:18,2025-07-17T07:10,3120.0,52.0,Sun357,,,
./sched_archive/sched_2025-07-17.txt,2025-07-17T07:11,2025-07-17T08:10,3540.0,59.0,Sun357,,,
./sched_archive/sched_2025-07-17.txt,2025-07-17T08:11,2025-07-17T09:10,3540.0,59.0,Sun357,,,
./sched_archive/sched_2025-07-17.txt,2025-07-17T09:01,2025-07-17T10:10,4140.0,69.0,Sun357,,,
./sched_archive/sched_2025-07-17.txt,2025-07-17T10:11,2025-07-17T11:10,3540.0,59.0,Sun357,,,
./sched_archive/sched_2025-07-17.txt,2025-07-17T11:11,2025-07-17T12:10,3540.0,59.0,Sun357,,,
./sched_archive/sched_2025-07-17.txt,2025-07-17T12:11,2025-07-17T13:10,3540.0,59.0,Sun357,,,
./sched_archive/sched_2025-07-17.txt,2025-07-17T13:11,2025-07-17T14:10,3540.0,59.0,Sun357,,,
./sched_archive/sched_2025-07-17.txt,2025-07-17T14:11,2025-07-17T15:10,3540.0,59.0,Sun357,,,
./sched_archive/sched_2025-07-17.txt,2025-07-17T15:11,2025-07-17T16:10,3540.0,59.0,Sun357,,,
./sched_archive/sched_2025-07-17.txt,2025-07-17T16:11,2025-07-17T17:10,3540.0,59.0,Sun357,,,
./sched_archive/sched_2025-07-17.txt,2025-07-17T17:11,2025-07-17T18:21,4200.0,70.0,Sun357,,,
./sched_archive/sched_2025-07-18.txt,2025-07-18T13:50,2025-07-18T14:10,1200.0,20.0,Sun357,,,
./sched_archive/sched_2025-07-18.txt,2025-07-18T14:11,2025-07-18T15:10,3540.0,59.0,Sun357,,,
./sched_archive/sched_2025-07-18.txt,2025-07-18T15:11,2025-07-18T16:10,3540.0,59.0,Sun357,,,
./sched_archive/sched_2025-07-18.txt,2025-07-18T16:11,2025-07-18T17:10,3540.0,59.0,Sun357,,,
./sched_archive/sched_2025-07-18.txt,2025-07-18T17:11,2025-07-18T18:21,4200.0,70.0,Sun357,,,
./sched_archive/sched_2025-07-20.txt,2025-07-20T10:01,2025-07-20T11:00,3540.0,59.0,Sun357,,,
./sched_archive/sched_2025-07-20.txt,2025-07-20T11:01,2025-07-20T12:00,3540.0,59.0,Sun357,,,
./sched_archive/sched_2025-07-20.txt,2025-07-20T12:01,2025-07-20T13:00,3540.0,59.0,Sun357,,,
./sched_archive/sched_2025-07-20.txt,2025-07-20T13:01,2025-07-20T14:00,3540.0,59.0,Sun357,,,
./sched_archive/sched_2025-07-20.txt,2025-07-20T14:01,2025-07-20T15:00,3540.0,59.0,Sun357,,,
./sched_archive/sched_2025-07-20.txt,2025-07-20T15:01,2025-07-20T16:00,3540.0,59.0,Sun357,,,
./sched_archive/sched_2025-07-20.txt,2025-07-20T16:01,2025-07-20T17:00,3540.0,59.0,Sun357,,,
./sched_archive/sched_2025-07-20.txt,2025-07-20T17:01,2025-07-20T18:10,4140.0,69.0,Sun357,,,
./sched_archive/sched_2025-07-21.txt,2025-07-21T06:50,2025-07-21T08:00,4200.0,70.0,Sun357,,,
./sched_archive/sched_2025-07-21.txt,2025-07-21T08:01,2025-07-21T09:00,3540.0,59.0,Sun357,,,
./sched_archive/sched_2025-07-21.txt,2025-07-21T09:01,2025-07-21T10:00,3540.0,59.0,Sun357,,,
./sched_archive/sched_2025-07-21.txt,2025-07-21T10:01,2025-07-21T11:00,3540.0,59.0,Sun357,,,
./sched_archive/sched_2025-07-21.txt,2025-07-21T11:01,2025-07-21T12:00,3540.0,59.0,Sun357,,,
./sched_archive/sched_2025-07-21.txt,2025-07-21T12:01,2025-07-21T13:00,3540.0,59.0,Sun357,,,
./sched_archive/sched_2025-07-21.txt,2025-07-21T13:01,2025-07-21T14:00,3540.0,59.0,Sun357,,,
./sched_archive/sched_2025-07-21.txt,2025-07-21T14:01,2025-07-21T15:00,3540.0,59.0,Sun357,,,
./sched_archive/sched_2025-07-21.txt,2025-07-21T15:01,2025-07-21T16:00,3540.0,59.0,Sun357,,,
./sched_archive/sched_2025-07-21.txt,2025-07-21T16:01,2025-07-21T17:00,3540.0,59.0,Sun357,,,
./sched_archive/sched_2025-07-21.txt,2025-07-21T17:01,2025-07-21T18:10,4140.0,69.0,Sun357,,,
./sched_archive/sched_2025-07-22.txt,2025-07-22T06:50,2025-07-22T08:00,4200.0,70.0,Sun357,,,
./sched_archive/sched_2025-07-22.txt,2025-07-22T08:01,2025-07-22T09:00,3540.0,59.0,Sun357,,,
./sched_archive/sched_2025-07-22.txt,2025-07-22T09:01,2025-07-22T10:00,3540.0,59.0,Sun357,,,
./sched_archive/sched_2025-07-22.txt,2025-07-22T10:01,2025-07-22T11:00,3540.0,59.0,Sun357,,,
./sched_archive/sched_2025-07-22.txt,2025-07-22T11:01,2025-07-22T12:00,3540.0,59.0,Sun357,,,
./sched_archive/sched_2025-07-22.txt,2025-07-22T12:01,2025-07-22T13:00,3540.0,59.0,Sun357,,,
./sched_archive/sched_2025-07-22.txt,2025-07-22T13:01,2025-07-22T14:00,3540.0,59.0,Sun357,,,
./sched_archive/sched_2025-07-22.txt,2025-07-22T14:01,2025-07-22T15:00,3540.0,59.0,Sun357,,,
./sched_archive/sched_2025-07-22.txt,2025-07-22T15:01,2025-07-22T16:00,3540.0,59.0,Sun357,,,
./sched_archive/sched_2025-07-22.txt,2025-07-22T16:01,2025-07-22T16:59,3480.0,58.0,Sun357,,,
./sched_archive/sched_2025-07-22.txt,2025-07-22T17:00,2025-07-22T18:00,3600.0,60.0,"FRB20240114A  [5.61849411485, 0.0755647106435, 'J2000'",,,
./sched_archive/sched_2025-07-23.txt,2025-07-23T01:00,2025-07-23T02:00,3600.0,60.0,FRB20240114A,5.61849411485,0.0755647106435,J2000
./sched_archive/sched_2025-07-23.txt,2025-07-23T06:50,2025-07-23T08:00,4200.0,70.0,Sun357,,,
./sched_archive/sched_2025-07-23.txt,2025-07-23T08:01,2025-07-23T09:00,3540.0,59.0,Sun357,,,
./sched_archive/sched_2025-07-23.txt,2025-07-23T09:01,2025-07-23T10:00,3540.0,59.0,Sun357,,,
./sched_archive/sched_2025-07-23.txt,2025-07-23T10:01,2025-07-23T11:00,3540.0,59.0,Sun357,,,
./sched_archive/sched_2025-07-23.txt,2025-07-23T11:01,2025-07-23T12:00,3540.0,59.0,Sun357,,,
./sched_archive/sched_2025-07-23.txt,2025-07-23T12:01,2025-07-23T13:00,3540.0,59.0,Sun357,,,
./sched_archive/sched_2025-07-23.txt,2025-07-23T13:01,2025-07-23T14:00,3540.0,59.0,Sun357,,,
./sched_archive/sched_2025-07-23.txt,2025-07-23T14:01,2025-07-23T15:00,3540.0,59.0,Sun357,,,
./sched_archive/sched_2025-07-23.txt,2025-07-23T15:01,2025-07-23T16:00,3540.0,59.0,Sun357,,,
./sched_archive/sched_2025-07-23.txt,2025-07-23T16:01,2025-07-23T16:59,3480.0,58.0,Sun357,,,
./sched_archive/sched_2025-07-24.txt,2025-07-24T06:50,2025-07-24T08:00,4200.0,70.0,Sun357,,,
./sched_archive/sched_2025-07-24.txt,2025-07-24T08:01,2025-07-24T09:00,3540.0,59.0,Sun357,,,
./sched_archive/sched_2025-07-24.txt,2025-07-24T09:01,2025-07-24T10:00,3540.0,59.0,Sun357,,,
./sched_archive/sched_2025-07-24.txt,2025-07-24T10:01,2025-07-24T11:00,3540.0,59.0,Sun357,,,
./sched_archive/sched_2025-07-24.txt,2025-07-24T11:01,2025-07-24T12:00,3540.0,59.0,Sun357,,,
./sched_archive/sched_2025-07-24.txt,2025-07-24T12:01,2025-07-24T13:00,3540.0,59.0,Sun357,,,
./sched_archive/sched_2025-07-24.txt,2025-07-24T13:01,2025-07-24T14:00,3540.0,59.0,Sun357,,,
./sched_archive/sched_2025-07-24.txt,2025-07-24T14:01,2025-07-24T15:00,3540.0,59.0,Sun357,,,
./sched_archive/sched_2025-07-24.txt,2025-07-24T15:01,2025-07-24T16:00,3540.0,59.0,Sun357,,,
./sched_archive/sched_2025-07-24.txt,2025-07-24T16:01,2025-07-24T16:59,3480.0,58.0,Sun357,,,
./sched_archive/sched_2025-07-24.txt,2025-07-24T17:00,2025-07-24T18:00,3600.0,60.0,Sun357,,,
./sched_archive/sched_2025-07-25.txt,2025-07-25T02:00,2025-07-25T03:00,3600.0,60.0,FRB20240114A,5.61849411485,0.0755647106435,J2000
./sched_archive/sched_2025-07-25.txt,2025-07-25T06:50,2025-07-25T08:00,4200.0,70.0,Sun357,,,
./sched_archive/sched_2025-07-25.txt,2025-07-25T08:01,2025-07-25T09:00,3540.0,59.0,Sun357,,,
./sched_archive/sched_2025-07-25.txt,2025-07-25T09:01,2025-07-25T10:00,3540.0,59.0,Sun357,,,
./sched_archive/sched_2025-07-25.txt,2025-07-25T10:01,2025-07-25T11:00,3540.0,59.0,Sun357,,,
./sched_archive/sched_2025-07-25.txt,2025-07-25T11:01,2025-07-25T12:00,3540.0,59.0,Sun357,,,
./sched_archive/sched_2025-07-25.txt,2025-07-25T12:01,2025-07-25T13:00,3540.0,59.0,Sun357,,,
./sched_archive/sched_2025-07-25.txt,2025-07-25T13:01,2025-07-25T14:00,3540.0,59.0,Sun357,,,
./sched_archive/sched_2025-07-25.txt,2025-07-25T14:01,2025-07-25T15:00,3540.0,59.0,Sun357,,,
./sched_archive/sched_2025-07-26.txt,2025-07-26T02:00,2025-07-26T03:00,3600.0,60.0,FRB20240114A,5.61849411485,0.0755647106435,J2000
./sched_archive/sched_2025-07-26.txt,2025-07-26T09:00,2025-07-26T10:00,3600.0,60.0,Sun357,,,
./sched_archive/sched_2025-07-26.txt,2025-07-26T10:01,2025-07-26T11:00,3540.0,59.0,Sun357,,,
./sched_archive/sched_2025-07-26.txt,2025-07-26T11:01,2025-07-26T12:00,3540.0,59.0,Sun357,,,
./sched_archive/sched_2025-07-26.txt,2025-07-26T12:01,2025-07-26T13:00,3540.0,59.0,Sun357,,,
./sched_archive/sched_2025-07-26.txt,2025-07-26T13:01,2025-07-26T14:00,3540.0,59.0,Sun357,,,
./sched_archive/sched_2025-07-26.txt,2025-07-26T14:01,2025-07-26T15:00,3540.0,59.0,Sun357,,,
./sched_archive/sched_2025-07-26.txt,2025-07-26T15:01,2025-07-26T16:00,3540.0,59.0,Sun357,,,
./sched_archive/sched_2025-07-26.txt,2025-07-26T16:01,2025-07-26T17:00,3540.0,59.0,Sun357,,,
./sched_archive/sched_2025-07-27.txt,2025-07-27T02:00,2025-07-27T03:00,3600.0,60.0,FRB20240114A,5.61849411485,0.0755647106435,J2000
./sched_archive/sched_2025-07-27.txt,2025-07-27T07:00,2025-07-27T08:00,3600.0,60.0,Sun357,,,
./sched_archive/sched_2025-07-27.txt,2025-07-27T08:01,2025-07-27T09:00,3540.0,59.0,Sun357,,,
./sched_archive/sched_2025-07-27.txt,2025-07-27T09:01,2025-07-27T10:00,3540.0,59.0,Sun357,,,
./sched_archive/sched_2025-07-27.txt,2025-07-27T10:01,2025-07-27T11:00,3540.0,59.0,Sun357,,,
./sched_archive/sched_2025-07-27.txt,2025-07-27T11:01,2025-07-27T12:00,3540.0,59.0,Sun357,,,
./sched_archive/sched_2025-07-27.txt,2025-07-27T12:01,2025-07-27T13:00,3540.0,59.0,Sun357,,,
./sched_archive/sched_2025-07-27.txt,2025-07-27T13:01,2025-07-27T14:00,3540.0,59.0,Sun357,,,
./sched_archive/sched_2025-07-27.txt,2025-07-27T14:01,2025-07-27T15:00,3540.0,59.0,Sun357,,,
./sched_archive/sched_2025-07-27.txt,2025-07-27T15:01,2025-07-27T16:00,3540.0,59.0,Sun357,,,
./sched_archive/sched_2025-07-27.txt,2025-07-27T16:01,2025-07-27T17:00,3540.0,59.0,Sun357,,,
./sched_archive/sched_2025-07-28.txt,2025-07-28T07:00,2025-07-28T08:00,3600.0,60.0,Sun357,,,
./sched_archive/sched_2025-07-28.txt,2025-07-28T08:01,2025-07-28T09:00,3540.0,59.0,Sun357,,,
./sched_archive/sched_2025-07-28.txt,2025-07-28T09:01,2025-07-28T10:00,3540.0,59.0,Sun357,,,
./sched_archive/sched_2025-07-28.txt,2025-07-28T10:01,2025-07-28T11:00,3540.0,59.0,Sun357,,,
./sched_archive/sched_2025-07-28.txt,2025-07-28T11:01,2025-07-28T12:00,3540.0,59.0,Sun357,,,
./sched_archive/sched_2025-07-28.txt,2025-07-28T12:01,2025-07-28T13:00,3540.0,59.0,Sun357,,,
./sched_archive/sched_2025-07-28.txt,2025-07-28T13:01,2025-07-28T14:00,3540.0,59.0,Sun357,,,
./sched_archive/sched_2025-07-28.txt,2025-07-28T14:01,2025-07-28T15:00,3540.0,59.0,Sun357,,,
./sched_archive/sched_2025-07-28.txt,2025-07-28T15:01,2025-07-28T16:00,3540.0,59.0,Sun357,,,
./sched_archive/sched_2025-07-29.txt,2025-07-29T07:00,2025-07-29T08:00,3600.0,60.0,Sun357,,,
./sched_archive/sched_2025-07-29.txt,2025-07-29T08:01,2025-07-29T09:00,3540.0,59.0,Sun357,,,
./sched_archive/sched_2025-07-29.txt,2025-07-29T09:01,2025-07-29T10:00,3540.0,59.0,Sun357,,,
./sched_archive/sched_2025-07-29.txt,2025-07-29T10:01,2025-07-29T11:00,3540.0,59.0,Sun357,,,
./sched_archive/sched_2025-07-29.txt,2025-07-29T11:01,2025-07-29T12:00,3540.0,59.0,Sun357,,,
./sched_archive/sched_2025-07-29.txt,2025-07-29T12:01,2025-07-29T13:00,3540.0,59.0,Sun357,,,
./sched_archive/sched_2025-07-29.txt,2025-07-29T13:01,2025-07-29T14:00,3540.0,59.0,Sun357,,,
./sched_archive/sched_2025-07-29.txt,2025-07-29T14:01,2025-07-29T15:00,3540.0,59.0,Sun357,,,
./sched_archive/sched_2025-07-29.txt,2025-07-29T15:01,2025-07-29T16:00,3540.0,59.0,Sun357,,,
./sched_archive/sched_2025-08-05.txt,2025-08-05T10:01,2025-08-05T11:00,3540.0,59.0,Sun357,,,
./sched_archive/sched_2025-08-05.txt,2025-08-05T11:01,2025-08-05T12:00,3540.0,59.0,Sun357,,,
./sched_archive/sched_2025-08-05.txt,2025-08-05T12:01,2025-08-05T13:00,3540.0,59.0,Sun357,,,
./sched_archive/sched_2025-08-05.txt,2025-08-05T13:01,2025-08-05T14:00,3540.0,59.0,Sun357,,,
./sched_archive/sched_2025-08-05.txt,2025-08-05T14:01,2025-08-05T15:00,3540.0,59.0,Sun357,,,
./sched_archive/sched_2025-08-05.txt,2025-08-05T15:01,2025-08-05T16:00,3540.0,59.0,Sun357,,,
./sched_archive/sched_2025-08-05.txt,2025-08-05T16:01,2025-08-05T17:00,3540.0,59.0,Sun357,,,
./sched_archive/sched_2025-08-15.txt,2025-08-14T04:00,2025-08-14T06:00,7200.0,120.0,J0311+1402,0.834747,0.245027,J2000
./sched_archive/sched_2025-08-30_1_of_3.txt,2025-08-30T07:00,2025-08-30T08:00,3600.0,60.0,Sun357,,,
./sched_archive/sched_2025-08-30_1_of_3.txt,2025-08-30T08:01,2025-08-30T09:00,3540.0,59.0,Sun357,,,
./sched_archive/sched_2025-08-30_2_of_3.txt,2025-08-30T11:00,2025-08-30T12:00,3600.0,60.0,Sun357,,,
./sched_archive/sched_2025-08-30_2_of_3.txt,2025-08-30T12:01,2025-08-30T13:00,3540.0,59.0,Sun357,,,
./sched_archive/sched_2025-08-30_3_of_3.txt,2025-08-30T15:00,2025-08-30T16:00,3600.0,60.0,Sun357,,,
./sched_archive/sched_2025-08-30_3_of_3.txt,2025-08-30T16:01,2025-08-30T17:00,3540.0,59.0,Sun357,,,
./sched_archive/sched_2025-08-31_1_of_3.txt,2025-08-31T08:00,2025-08-31T09:00,3600.0,60.0,Sun357,,,
./sched_archive/sched_2025-08-31_1_of_3.txt,2025-08-31T09:01,2025-08-31T10:00,3540.0,59.0,Sun357,,,
./sched_archive/sched_2025-08-31_2_of_3.txt,2025-08-31T12:00,2025-08-31T13:00,3600.0,60.0,Sun357,,,
./sched_archive/sched_2025-08-31_2_of_3.txt,2025-08-31T13:01,2025-08-31T14:00,3540.0,59.0,Sun357,,,
./sched_archive/sched_2025-08-31_3_of_3.txt,2025-08-31T16:00,2025-08-31T17:00,3600.0,60.0,Sun357,,,
./sched_archive/sched_2025-08-31_3_of_3.txt,2025-08-31T17:01,2025-08-31T18:00,3540.0,59.0,Sun357,,,
./sched_archive/sched_2025-09-01.txt,2025-09-01T09:00,2025-09-01T10:00,3600.0,60.0,Sun357,,,
./sched_archive/sched_2025-09-01.txt,2025-09-01T10:01,2025-09-01T11:00,3540.0,59.0,Sun357,,,
./sched_archive/sched_2025-09-01.txt,2025-09-01T11:01,2025-09-01T12:00,3540.0,59.0,Sun357,,,
./sched_archive/sched_2025-09-01.txt,2025-09-01T12:01,2025-09-01T13:00,3540.0,59.0,Sun357,,,
./sched_archive/sched_2025-09-01.txt,2025-09-01T13:01,2025-09-01T14:00,3540.0,59.0,Sun357,,,
./sched_archive/sched_2025-09-01.txt,2025-09-01T14:01,2025-09-01T15:00,3540.0,59.0,Sun357,,,
./sched_archive/sched_2025-09-01.txt,2025-09-01T15:01,2025-09-01T16:00,3540.0,59.0,Sun357,,,
./sched_archive/sched_2025-09-01.txt,2025-09-01T16:01,2025-09-01T17:00,3540.0,59.0,Sun357,,,
./sched_archive/sched_2025-09-03.txt,2025-09-03T13:40,2025-09-03T15:00,4800.0,80.0,Sun357,,,
./sched_archive/sched_2025-09-03.txt,2025-09-03T15:01,2025-09-03T16:00,3540.0,59.0,Sun357,,,
./sched_archive/sched_2025-09-03.txt,2025-09-03T16:01,2025-09-03T17:00,3540.0,59.0,Sun357,,,
./sched_archive/sched_2025-09-03.txt,2025-09-03T17:01,2025-09-03T18:00,3540.0,59.0,Sun357,,,
./sched_archive/sched_2025-09-04.txt,2025-09-04T08:00,2025-09-04T09:00,3600.0,60.0,Sun357,,,
./sched_archive/sched_2025-09-04.txt,2025-09-04T09:01,2025-09-04T10:00,3540.0,59.0,Sun357,,,
./sched_archive/sched_2025-09-04.txt,2025-09-04T10:01,2025-09-04T11:00,3540.0,59.0,Sun357,,,
./sched_archive/sched_2025-09-04.txt,2025-09-04T11:01,2025-09-04T12:00,3540.0,59.0,Sun357,,,
./sched_archive/sched_2025-09-04.txt,2025-09-04T12:01,2025-09-04T13:00,3540.0,59.0,Sun357,,,
./sched_archive/sched_2025-09-04.txt,2025-09-04T13:01,2025-09-04T14:00,3540.0,59.0,Sun357,,,
./sched_archive/sched_2025-09-04.txt,2025-09-04T14:01,2025-09-04T15:00,3540.0,59.0,Sun357,,,
./sched_archive/sched_2025-09-04.txt,2025-09-04T15:01,2025-09-04T16:00,3540.0,59.0,Sun357,,,
./sched_archive/sched_2025-09-04.txt,2025-09-04T16:01,2025-09-04T17:00,3540.0,59.0,Sun357,,,
./sched_archive/sched_2025-09-05.txt,2025-09-05T08:00,2025-09-05T09:00,3600.0,60.0,Sun357,,,
./sched_archive/sched_2025-09-05.txt,2025-09-05T09:01,2025-09-05T10:00,3540.0,59.0,Sun357,,,
./sched_archive/sched_2025-09-05.txt,2025-09-05T10:01,2025-09-05T11:00,3540.0,59.0,Sun357,,,
./sched_archive/sched_2025-09-05.txt,2025-09-05T11:01,2025-09-05T12:00,3540.0,59.0,Sun357,,,
./sched_archive/sched_2025-09-05.txt,2025-09-05T12:01,2025-09-05T13:00,3540.0,59.0,Sun357,,,
./sched_archive/sched_2025-09-05.txt,2025-09-05T13:01,2025-09-05T14:00,3540.0,59.0,Sun357,,,
./sched_archive/sched_2025-09-05.txt,2025-09-05T14:01,2025-09-05T15:00,3540.0,59.0,Sun357,,,
./sched_archive/sched_2025-09-05.txt,2025-09-05T15:01,2025-09-05T16:00,3540.0,59.0,Sun357,,,
./sched_archive/sched_2025-09-05.txt,2025-09-05T16:01,2025-09-05T17:00,3540.0,59.0,Sun357,,,
./sched_archive/sched_2025-09-06.txt,2025-09-06T08:15,2025-09-06T09:00,2700.0,45.0,Sun357,,,
./sched_archive/sched_2025-09-06.txt,2025-09-06T09:01,2025-09-06T10:00,3540.0,59.0,Sun357,,,
./sched_archive/sched_2025-09-06.txt,2025-09-06T10:01,2025-09-06T11:00,3540.0,59.0,Sun357,,,
./sched_archive/sched_2025-09-06.txt,2025-09-06T11:01,2025-09-06T12:00,3540.0,59.0,Sun357,,,
./sched_archive/sched_2025-09-06.txt,2025-09-06T12:01,2025-09-06T13:00,3540.0,59.0,Sun357,,,
./sched_archive/sched_2025-09-06.txt,2025-09-06T13:01,2025-09-06T14:00,3540.0,59.0,Sun357,,,
./sched_archive/sched_2025-09-06.txt,2025-09-06T14:01,2025-09-06T15:00,3540.0,59.0,Sun357,,,
./sched_archive/sched_2025-09-06.txt,2025-09-06T15:01,2025-09-06T16:00,3540.0,59.0,Sun357,,,
./sched_archive/sched_2025-09-06.txt,2025-09-06T16:01,2025-09-06T17:15,4440.0,74.0,Sun357,,,
./sched_archive/sched_2025-09-07.txt,2025-09-07T08:00,2025-09-07T09:00,3600.0,60.0,Sun357,,,
./sched_archive/sched_2025-09-07.txt,2025-09-07T09:01,2025-09-07T10:00,3540.0,59.0,Sun357,,,
./sched_archive/sched_2025-09-07.txt,2025-09-07T10:01,2025-09-07T11:00,3540.0,59.0,Sun357,,,
./sched_archive/sched_2025-09-07.txt,2025-09-07T11:01,2025-09-07T12:00,3540.0,59.0,Sun357,,,
./sched_archive/sched_2025-09-07.txt,2025-09-07T12:01,2025-09-07T13:00,3540.0,59.0,Sun357,,,
./sched_archive/sched_2025-09-07.txt,2025-09-07T13:01,2025-09-07T14:00,3540.0,59.0,Sun357,,,
./sched_archive/sched_2025-09-07.txt,2025-09-07T14:01,2025-09-07T15:00,3540.0,59.0,Sun357,,,
./sched_archive/sched_2025-09-07.txt,2025-09-07T15:01,2025-09-07T16:00,3540.0,59.0,Sun357,,,
./sched_archive/sched_2025-09-07.txt,2025-09-07T16:01,2025-09-07T17:00,3540.0,59.0,Sun357,,,
./sched_archive/sched_2025-09-08.txt,2025-09-08T08:00,2025-09-08T09:00,3600.0,60.0,Sun357,,,
./sched_archive/sched_2025-09-08.txt,2025-09-08T09:01,2025-09-08T10:00,3540.0,59.0,Sun357,,,
./sched_archive/sched_2025-09-08.txt,2025-09-08T10:01,2025-09-08T11:00,3540.0,59.0,Sun357,,,
./sched_archive/sched_2025-09-08.txt,2025-09-08T11:01,2025-09-08T12:00,3540.0,59.0,Sun357,,,
./sched_archive/sched_2025-09-08.txt,2025-09-08T12:01,2025-09-08T13:00,3540.0,59.0,Sun357,,,
./sched_archive/sched_2025-09-08.txt,2025-09-08T13:01,2025-09-08T14:00,3540.0,59.0,Sun357,,,
./sched_archive/sched_2025-09-08.txt,2025-09-08T14:01,2025-09-08T15:00,3540.0,59.0,Sun357,,,
./sched_archive/sched_2025-09-08.txt,2025-09-08T15:01,2025-09-08T16:00,3540.0,59.0,Sun357,,,
./sched_archive/sched_2025-09-08.txt,2025-09-08T16:01,2025-09-08T17:00,3540.0,59.0,Sun357,,,
./sched_archive/sched_2025-09-09.txt,2025-09-09T08:00,2025-09-09T09:00,3600.0,60.0,Sun357,,,
./sched_archive/sched_2025-09-09.txt,2025-09-09T09:01,2025-09-09T10:00,3540.0,59.0,Sun357,,,
./sched_archive/sched_2025-09-09.txt,2025-09-09T10:01,2025-09-09T11:00,3540.0,59.0,Sun357,,,
./sched_archive/sched_2025-09-09.txt,2025-09-09T11:01,2025-09-09T12:00,3540.0,59.0,Sun357,,,
./sched_archive/sched_2025-09-09.txt,2025-09-09T12:01,2025-09-09T13:00,3540.0,59.0,Sun357,,,
./sched_archive/sched_2025-09-09.txt,2025-09-09T13:01,2025-09-09T14:00,3540.0,59.0,Sun357,,,
./sched_archive/sched_2025-09-09.txt,2025-09-09T14:01,2025-09-09T15:00,3540.0,59.0,Sun357,,,
./sched_archive/sched_2025-09-09.txt,2025-09-09T15:01,2025-09-09T16:00,3540.0,59.0,Sun357,,,
./sched_archive/sched_2025-09-09.txt,2025-09-09T16:01,2025-09-09T17:00,3540.0,59.0,Sun357,,,
./sched_archive/sched_2025-09-10.txt,2025-09-10T08:00,2025-09-10T09:00,3600.0,60.0,Sun357,,,
./sched_archive/sched_2025-09-10.txt,2025-09-10T09:01,2025-09-10T10:00,3540.0,59.0,Sun357,,,
./sched_archive/sched_2025-09-10.txt,2025-09-10T10:01,2025-09-10T11:00,3540.0,59.0,Sun357,,,
./sched_archive/sched_2025-09-10.txt,2025-09-10T11:01,2025-09-10T12:00,3540.0,59.0,Sun357,,,
./sched_archive/sched_2025-09-10.txt,2025-09-10T12:01,2025-09-10T13:00,3540.0,59.0,Sun357,,,
./sched_archive/sched_2025-09-10.txt,2025-09-10T13:01,2025-09-10T14:00,3540.0,59.0,Sun357,,,
./sched_archive/sched_2025-09-10.txt,2025-09-10T14:01,2025-09-10T15:00,3540.0,59.0,Sun357,,,
./sched_archive/sched_2025-09-10.txt,2025-09-10T15:01,2025-09-10T16:00,3540.0,59.0,Sun357,,,
./sched_archive/sched_2025-09-10.txt,2025-09-10T16:01,2025-09-10T17:00,3540.0,59.0,Sun357,,,
./sched_archive/sched_2025-09-11.txt,2025-09-11T08:45,2025-09-11T10:00,4500.0,75.0,Sun357,,,
./sched_archive/sched_2025-09-11.txt,2025-09-11T10:01,2025-09-11T11:00,3540.0,59.0,Sun357,,,
./sched_archive/sched_2025-09-11.txt,2025-09-11T11:01,2025-09-11T12:00,3540.0,59.0,Sun357,,,
./sched_archive/sched_2025-09-11.txt,2025-09-11T12:01,2025-09-11T13:00,3540.0,59.0,Sun357,,,
./sched_archive/sched_2025-09-11.txt,2025-09-11T13:01,2025-09-11T14:00,3540.0,59.0,Sun357,,,
./sched_archive/sched_2025-09-11.txt,2025-09-11T14:01,2025-09-11T15:00,3540.0,59.0,Sun357,,,
./sched_archive/sched_2025-09-11.txt,2025-09-11T15:01,2025-09-11T16:00,3540.0,59.0,Sun357,,,
./sched_archive/sched_2025-09-11.txt,2025-09-11T16:01,2025-09-11T17:00,3540.0,59.0,Sun357,,,
./sched_archive/sched_2025-09-12.txt,2025-09-12T08:00,2025-09-12T09:00,3600.0,60.0,Sun357,,,
./sched_archive/sched_2025-09-12.txt,2025-09-12T09:01,2025-09-12T10:00,3540.0,59.0,Sun357,,,
./sched_archive/sched_2025-09-12.txt,2025-09-12T10:01,2025-09-12T11:00,3540.0,59.0,Sun357,,,
./sched_archive/sched_2025-09-12.txt,2025-09-12T11:01,2025-09-12T12:00,3540.0,59.0,Sun357,,,
./sched_archive/sched_2025-09-12.txt,2025-09-12T12:01,2025-09-12T13:00,3540.0,59.0,Sun357,,,
./sched_archive/sched_2025-09-12.txt,2025-09-12T13:01,2025-09-12T14:00,3540.0,59.0,Sun357,,,
./sched_archive/sched_2025-09-12.txt,2025-09-12T14:01,2025-09-12T15:00,3540.0,59.0,Sun357,,,
./sched_archive/sched_2025-09-12.txt,2025-09-12T15:01,2025-09-12T16:00,3540.0,59.0,Sun357,,,
./sched_archive/sched_2025-09-12.txt,2025-09-12T16:01,2025-09-12T17:00,3540.0,59.0,Sun357,,,
./sched_archive/sched_2025-09-13.txt,2025-09-13T08:15,2025-09-13T10:00,6300.0,105.0,Sun357,,,
./sched_archive/sched_2025-09-13.txt,2025-09-13T10:01,2025-09-13T11:00,3540.0,59.0,Sun357,,,
./sched_archive/sched_2025-09-13.txt,2025-09-13T11:01,2025-09-13T12:00,3540.0,59.0,Sun357,,,
./sched_archive/sched_2025-09-13.txt,2025-09-13T12:01,2025-09-13T13:00,3540.0,59.0,Sun357,,,
./sched_archive/sched_2025-09-13.txt,2025-09-13T13:01,2025-09-13T14:00,3540.0,59.0,Sun357,,,
./sched_archive/sched_2025-09-13.txt,2025-09-13T14:01,2025-09-13T15:00,3540.0,59.0,Sun357,,,
./sched_archive/sched_2025-09-13.txt,2025-09-13T15:01,2025-09-13T16:00,3540.0,59.0,Sun357,,,
./sched_archive/sched_2025-09-13.txt,2025-09-13T16:01,2025-09-13T16:45,2640.0,44.0,Sun357,,,
./sched_archive/sched_2025-09-14.txt,2025-09-14T08:15,2025-09-14T10:00,6300.0,105.0,Sun357,,,
./sched_archive/sched_2025-09-14.txt,2025-09-14T10:01,2025-09-14T11:00,3540.0,59.0,Sun357,,,
./sched_archive/sched_2025-09-14.txt,2025-09-14T11:01,2025-09-14T12:00,3540.0,59.0,Sun357,,,
./sched_archive/sched_2025-09-14.txt,2025-09-14T12:01,2025-09-14T13:00,3540.0,59.0,Sun357,,,
./sched_archive/sched_2025-09-14.txt,2025-09-14T13:01,2025-09-14T14:00,3540.0,59.0,Sun357,,,
./sched_archive/sched_2025-09-14.txt,2025-09-14T14:01,2025-09-14T15:00,3540.0,59.0,Sun357,,,
./sched_archive/sched_2025-09-14.txt,2025-09-14T15:01,2025-09-14T16:00,3540.0,59.0,Sun357,,,
./sched_archive/sched_2025-09-14.txt,2025-09-14T16:01,2025-09-14T16:45,2640.0,44.0,Sun357,,,
./sched_archive/sched_2025-09-15.txt,2025-09-15T08:15,2025-09-15T10:00,6300.0,105.0,Sun357,,,
./sched_archive/sched_2025-09-15.txt,2025-09-15T10:01,2025-09-15T11:00,3540.0,59.0,Sun357,,,
./sched_archive/sched_2025-09-15.txt,2025-09-15T11:01,2025-09-15T12:00,3540.0,59.0,Sun357,,,
./sched_archive/sched_2025-09-15.txt,2025-09-15T12:01,2025-09-15T13:00,3540.0,59.0,Sun357,,,
./sched_archive/sched_2025-09-15.txt,2025-09-15T13:01,2025-09-15T14:00,3540.0,59.0,Sun357,,,
./sched_archive/sched_2025-09-15.txt,2025-09-15T14:01,2025-09-15T15:00,3540.0,59.0,Sun357,,,
./sched_archive/sched_2025-09-15.txt,2025-09-15T15:01,2025-09-15T16:00,3540.0,59.0,Sun357,,,
./sched_archive/sched_2025-09-15.txt,2025-09-15T16:01,2025-09-15T16:45,2640.0,44.0,Sun357,,,
./sched_archive/sched_2025-09-16.txt,2025-09-16T08:01,2025-09-16T09:00,3540.0,59.0,Sun357,,,
./sched_archive/sched_2025-09-16.txt,2025-09-16T09:01,2025-09-16T10:00,3540.0,59.0,Sun357,,,
./sched_archive/sched_2025-09-16.txt,2025-09-16T10:01,2025-09-16T11:00,3540.0,59.0,Sun357,,,
./sched_archive/sched_2025-09-16.txt,2025-09-16T11:01,2025-09-16T12:00,3540.0,59.0,Sun357,,,
./sched_archive/sched_2025-09-16.txt,2025-09-16T12:01,2025-09-16T13:00,3540.0,59.0,Sun357,,,
./sched_archive/sched_2025-09-16.txt,2025-09-16T13:01,2025-09-16T14:00,3540.0,59.0,Sun357,,,
./sched_archive/sched_2025-09-16.txt,2025-09-16T14:01,2025-09-16T15:00,3540.0,59.0,Sun357,,,
./sched_archive/sched_2025-09-16.txt,2025-09-16T15:01,2025-09-16T16:00,3540.0,59.0,Sun357,,,
./sched_archive/sched_2025-09-17.txt,2025-09-17T08:01,2025-09-17T09:00,3540.0,59.0,Sun357,,,
./sched_archive/sched_2025-09-17.txt,2025-09-17T09:01,2025-09-17T10:00,3540.0,59.0,Sun357,,,
./sched_archive/sched_2025-09-17.txt,2025-09-17T10:01,2025-09-17T11:00,3540.0,59.0,Sun357,,,
./sched_archive/sched_2025-09-17.txt,2025-09-17T11:01,2025-09-17T12:00,3540.0,59.0,Sun357,,,
./sched_archive/sched_2025-09-17.txt,2025-09-17T12:01,2025-09-17T13:00,3540.0,59.0,Sun357,,,
./sched_archive/sched_2025-09-17.txt,2025-09-17T13:01,2025-09-17T14:00,3540.0,59.0,Sun357,,,
./sched_archive/sched_2025-09-17.txt,2025-09-17T14:01,2025-09-17T15:00,3540.0,59.0,Sun357,,,
./sched_archive/sched_2025-09-17.txt,2025-09-17T15:01,2025-09-17T16:00,3540.0,59.0,Sun357,,,
./sched_archive/sched_2025-09-17.txt,2025-09-17T16:01,2025-09-17T17:00,3540.0,59.0,Sun357,,,
./sched_archive/sched_2025-09-18.txt,2025-09-18T13:30,2025-09-18T14:00,1800.0,30.0,Sun357,,,
./sched_archive/sched_2025-09-18.txt,2025-09-18T14:01,2025-09-18T15:00,3540.0,59.0,Sun357,,,
./sched_archive/sched_2025-09-18.txt,2025-09-18T15:01,2025-09-18T16:00,3540.0,59.0,Sun357,,,
./sched_archive/sched_2025-09-18.txt,2025-09-18T16:01,2025-09-18T17:00,3540.0,59.0,Sun357,,,
./sched_archive/sched_2025-09-19.txt,2025-09-19T11:01,2025-09-19T12:00,3540.0,59.0,Sun357,,,
./sched_archive/sched_2025-09-19.txt,2025-09-19T12:01,2025-09-19T13:00,3540.0,59.0,Sun357,,,
./sched_archive/sched_2025-09-19.txt,2025-09-19T13:01,2025-09-19T14:00,3540.0,59.0,Sun357,,,
./sched_archive/sched_2025-09-19.txt,2025-09-19T14:01,2025-09-19T15:00,3540.0,59.0,Sun357,,,
./sched_archive/sched_2025-09-19.txt,2025-09-19T15:01,2025-09-19T16:00,3540.0,59.0,Sun357,,,
./sched_archive/sched_2025-09-21.txt,2025-09-21T10:01,2025-09-21T11:00,3540.0,59.0,Sun357,,,
./sched_archive/sched_2025-09-21.txt,2025-09-21T11:01,2025-09-21T12:00,3540.0,59.0,Sun357,,,
./sched_archive/sched_2025-09-21.txt,2025-09-21T12:01,2025-09-21T13:00,3540.0,59.0,Sun357,,,
./sched_archive/sched_2025-09-21.txt,2025-09-21T13:01,2025-09-21T14:00,3540.0,59.0,Sun357,,,
./sched_archive/sched_2025-09-21.txt,2025-09-21T14:01,2025-09-21T15:00,3540.0,59.0,Sun357,,,
./sched_archive/sched_2025-09-21.txt,2025-09-21T15:01,2025-09-21T16:00,3540.0,59.0,Sun357,,,
./sched_archive/sched_2025-09-24.txt,2025-09-24T10:01,2025-09-24T11:00,3540.0,59.0,Sun357,,,
./sched_archive/sched_2025-09-24.txt,2025-09-24T11:01,2025-09-24T12:00,3540.0,59.0,Sun357,,,
./sched_archive/sched_2025-09-24.txt,2025-09-24T12:01,2025-09-24T13:00,3540.0,59.0,Sun357,,,
./sched_archive/sched_2025-09-24.txt,2025-09-24T13:01,2025-09-24T14:00,3540.0,59.0,Sun357,,,
./sched_archive/sched_2025-09-24.txt,2025-09-24T14:01,2025-09-24T15:00,3540.0,59.0,Sun357,,,
./sched_archive/sched_2025-09-24.txt,2025-09-24T15:01,2025-09-24T16:00,3540.0,59.0,Sun357,,,
./sched_archive/sched_2025-09-26.txt,2025-09-26T09:01,2025-09-26T10:00,3540.0,59.0,Sun357,,,
./sched_archive/sched_2025-09-26.txt,2025-09-26T10:01,2025-09-26T11:00,3540.0,59.0,Sun357,,,
./sched_archive/sched_2025-09-26.txt,2025-09-26T11:01,2025-09-26T12:00,3540.0,59.0,Sun357,,,
./sched_archive/sched_2025-09-26.txt,2025-09-26T12:01,2025-09-26T13:00,3540.0,59.0,Sun357,,,
./sched_archive/sched_2025-09-26.txt,2025-09-26T13:01,2025-09-26T14:00,3540.0,59.0,Sun357,,,
./sched_archive/sched_2025-09-26.txt,2025-09-26T14:01,2025-09-26T15:00,3540.0,59.0,Sun357,,,
./sched_archive/sched_2025-09-27.txt,2025-09-27T09:01,2025-09-27T10:00,3540.0,59.0,Sun357,,,
./sched_archive/sched_2025-09-27.txt,2025-09-27T10:01,2025-09-27T11:00,3540.0,59.0,Sun357,,,
./sched_archive/sched_2025-09-27.txt,2025-09-27T11:01,2025-09-27T12:00,3540.0,59.0,Sun357,,,
./sched_archive/sched_2025-09-27.txt,2025-09-27T12:01,2025-09-27T13:00,3540.0,59.0,Sun357,,,
./sched_archive/sched_2025-09-27.txt,2025-09-27T13:01,2025-09-27T14:00,3540.0,59.0,Sun357,,,
./sched_archive/sched_2025-09-27.txt,2025-09-27T14:01,2025-09-27T15:30,5340.0,89.0,Sun357,,,
./sched_archive/sched_2025-09-28.txt,2025-09-28T09:00,2025-09-28T10:00,3600.0,60.0,Sun357,,,
./sched_archive/sched_2025-09-28.txt,2025-09-28T10:01,2025-09-28T11:00,3540.0,59.0,Sun357,,,
./sched_archive/sched_2025-09-28.txt,2025-09-28T11:01,2025-09-28T12:00,3540.0,59.0,Sun357,,,
./sched_archive/sched_2025-09-28.txt,2025-09-28T12:01,2025-09-28T13:00,3540.0,59.0,Sun357,,,
./sched_archive/sched_2025-09-28.txt,2025-09-28T13:01,2025-09-28T14:00,3540.0,59.0,Sun357,,,
./sched_archive/sched_2025-09-28.txt,2025-09-28T14:01,2025-09-28T15:30,5340.0,89.0,Sun357,,,
./sched_archive/sched_2025-09-29.txt,2025-09-29T09:00,2025-09-29T10:00,3600.0,60.0,Sun357,,,
./sched_archive/sched_2025-09-29.txt,2025-09-29T10:01,2025-09-29T11:00,3540.0,59.0,Sun357,,,
./sched_archive/sched_2025-09-29.txt,2025-09-29T11:01,2025-09-29T12:00,3540.0,59.0,Sun357,,,
./sched_archive/sched_2025-09-29.txt,2025-09-29T12:01,2025-09-29T13:00,3540.0,59.0,Sun357,,,
./sched_archive/sched_2025-09-29.txt,2025-09-29T13:01,2025-09-29T14:00,3540.0,59.0,Sun357,,,
./sched_archive/sched_2025-09-29.txt,2025-09-29T14:01,2025-09-29T15:30,5340.0,89.0,Sun357,,,
./sched_archive/sched_2025-09-30.txt,2025-09-30T09:00,2025-09-30T10:00,3600.0,60.0,Sun357,,,
./sched_archive/sched_2025-09-30.txt,2025-09-30T10:01,2025-09-30T11:00,3540.0,59.0,Sun357,,,
./sched_archive/sched_2025-09-30.txt,2025-09-30T11:01,2025-09-30T12:00,3540.0,59.0,Sun357,,,
./sched_archive/sched_2025-09-30.txt,2025-09-30T12:01,2025-09-30T13:00,3540.0,59.0,Sun357,,,
./sched_archive/sched_2025-09-30.txt,2025-09-30T13:01,2025-09-30T14:00,3540.0,59.0,Sun357,,,
./sched_archive/sched_2025-09-30.txt,2025-09-30T14:01,2025-09-30T15:30,5340.0,89.0,Sun357,,,
./sched_archive/sched_2025-10-01.txt,2025-10-01T08:50,2025-10-01T10:00,4200.0,70.0,Sun357,,,
./sched_archive/sched_2025-10-01.txt,2025-10-01T10:01,2025-10-01T11:00,3540.0,59.0,Sun357,,,
./sched_archive/sched_2025-10-01.txt,2025-10-01T11:01,2025-10-01T12:00,3540.0,59.0,Sun357,,,
./sched_archive/sched_2025-10-01.txt,2025-10-01T12:01,2025-10-01T13:10,4140.0,69.0,Sun357,,,
./sched_archive/sched_2025-10-02.txt,2025-10-02T08:50,2025-10-02T10:00,4200.0,70.0,Sun357,,,
./sched_archive/sched_2025-10-02.txt,2025-10-02T10:01,2025-10-02T11:00,3540.0,59.0,Sun357,,,
./sched_archive/sched_2025-10-02.txt,2025-10-02T11:01,2025-10-02T12:00,3540.0,59.0,Sun357,,,
./sched_archive/sched_2025-10-02.txt,2025-10-02T12:01,2025-10-02T13:10,4140.0,69.0,Sun357,,,
./sched_archive/sched_2025-10-03.txt,2025-10-03T08:50,2025-10-03T10:00,4200.0,70.0,Sun357,,,
./sched_archive/sched_2025-10-03.txt,2025-10-03T10:01,2025-10-03T11:00,3540.0,59.0,Sun357,,,
./sched_archive/sched_2025-10-03.txt,2025-10-03T11:01,2025-10-03T12:00,3540.0,59.0,Sun357,,,
./sched_archive/sched_2025-10-03.txt,2025-10-03T12:01,2025-10-03T13:10,4140.0,69.0,Sun357,,,
./sched_archive/sched_2025-10-06.txt,2025-10-06T08:50,2025-10-06T10:00,4200.0,70.0,Sun357,,,
./sched_archive/sched_2025-10-06.txt,2025-10-06T10:01,2025-10-06T11:00,3540.0,59.0,Sun357,,,
./sched_archive/sched_2025-10-06.txt,2025-10-06T11:01,2025-10-06T12:00,3540.0,59.0,Sun357,,,
./sched_archive/sched_2025-10-06.txt,2025-10-06T12:01,2025-10-06T13:10,4140.0,69.0,Sun357,,,
./sched_archive/sched_2025-10-07.txt,2025-10-07T09:00,2025-10-07T10:00,3600.0,60.0,Sun357,,,
./sched_archive/sched_2025-10-07.txt,2025-10-07T10:01,2025-10-07T11:00,3540.0,59.0,Sun357,,,
./sched_archive/sched_2025-10-07.txt,2025-10-07T11:01,2025-10-07T12:00,3540.0,59.0,Sun357,,,
./sched_archive/sched_2025-10-07.txt,2025-10-07T12:01,2025-10-07T13:00,3540.0,59.0,Sun357,,,
./sched_archive/sched_2025-10-07.txt,2025-10-07T13:01,2025-10-07T14:00,3540.0,59.0,Sun357,,,
./sched_archive/sched_2025-10-07.txt,2025-10-07T14:01,2025-10-07T15:00,3540.0,59.0,Sun357,,,
./sched_archive/sched_2025-10-08.txt,2025-10-08T09:00,2025-10-08T10:00,3600.0,60.0,Sun357,,,
./sched_archive/sched_2025-10-08.txt,2025-10-08T10:01,2025-10-08T11:00,3540.0,59.0,Sun357,,,
./sched_archive/sched_2025-10-08.txt,2025-10-08T11:01,2025-10-08T12:00,3540.0,59.0,Sun357,,,
./sched_archive/sched_2025-10-08.txt,2025-10-08T12:01,2025-10-08T13:00,3540.0,59.0,Sun357,,,
./sched_archive/sched_2025-10-08.txt,2025-10-08T13:01,2025-10-08T14:00,3540.0,59.0,Sun357,,,
./sched_archive/sched_2025-10-08.txt,2025-10-08T14:01,2025-10-08T15:00,3540.0,59.0,Sun357,,,
./sched_archive/sched_2025-10-10.txt,2025-10-10T09:00,2025-10-10T10:00,3600.0,60.0,Sun357,,,
./sched_archive/sched_2025-10-10.txt,2025-10-10T10:01,2025-10-10T11:00,3540.0,59.0,Sun357,,,
./sched_archive/sched_2025-10-10.txt,2025-10-10T11:01,2025-10-10T12:00,3540.0,59.0,Sun357,,,
./sched_archive/sched_2025-10-10.txt,2025-10-10T12:01,2025-10-10T13:00,3540.0,59.0,Sun357,,,
./sched_archive/sched_2025-10-10.txt,2025-10-10T13:01,2025-10-10T14:00,3540.0,59.0,Sun357,,,
./sched_archive/sched_2025-10-10.txt,2025-10-10T14:01,2025-10-10T15:00,3540.0,59.0,Sun357,,,
./sched_archive/sched_2025-10-11.txt,2025-10-11T09:10,2025-10-11T10:00,3000.0,50.0,Sun357,,,
./sched_archive/sched_2025-10-11.txt,2025-10-11T10:01,2025-10-11T11:00,3540.0,59.0,Sun357,,,
./sched_archive/sched_2025-10-11.txt,2025-10-11T11:01,2025-10-11T12:00,3540.0,59.0,Sun357,,,
./sched_archive/sched_2025-10-11.txt,2025-10-11T12:01,2025-10-11T13:00,3540.0,59.0,Sun357,,,
./sched_archive/sched_2025-10-11.txt,2025-10-11T13:01,2025-10-11T14:00,3540.0,59.0,Sun357,,,
./sched_archive/sched_2025-10-11.txt,2025-10-11T14:01,2025-10-11T15:00,3540.0,59.0,Sun357,,,
./sched_archive/sched_2025-10-12.txt,2025-10-12T09:00,2025-10-12T10:00,3600.0,60.0,Sun357,,,
./sched_archive/sched_2025-10-12.txt,2025-10-12T10:01,2025-10-12T11:00,3540.0,59.0,Sun357,,,
./sched_archive/sched_2025-10-12.txt,2025-10-12T11:01,2025-10-12T12:00,3540.0,59.0,Sun357,,,
./sched_archive/sched_2025-10-12.txt,2025-10-12T12:01,2025-10-12T13:00,3540.0,59.0,Sun357,,,
./sched_archive/sched_2025-10-12.txt,2025-10-12T13:01,2025-10-12T14:00,3540.0,59.0,Sun357,,,
./sched_archive/sched_2025-10-12.txt,2025-10-12T14:01,2025-10-12T15:00,3540.0,59.0,Sun357,,,
./sched_archive/sched_2025-10-13.txt,2025-10-13T09:15,2025-10-13T10:00,2700.0,45.0,Sun357,,,
./sched_archive/sched_2025-10-13.txt,2025-10-13T10:01,2025-10-13T11:00,3540.0,59.0,Sun357,,,
./sched_archive/sched_2025-10-13.txt,2025-10-13T11:01,2025-10-13T12:00,3540.0,59.0,Sun357,,,
./sched_archive/sched_2025-10-13.txt,2025-10-13T12:01,2025-10-13T13:00,3540.0,59.0,Sun357,,,
./sched_archive/sched_2025-10-13.txt,2025-10-13T13:01,2025-10-13T14:00,3540.0,59.0,Sun357,,,
./sched_archive/sched_2025-10-13.txt,2025-10-13T14:01,2025-10-13T15:00,3540.0,59.0,Sun357,,,
./sched_archive/sched_2025-11-08.txt,2025-11-08T10:01,2025-11-08T11:00,3540.0,59.0,Sun357,,,
./sched_archive/sched_2025-11-08.txt,2025-11-08T11:01,2025-11-08T12:00,3540.0,59.0,Sun357,,,
./sched_archive/sched_2025-11-08.txt,2025-11-08T12:01,2025-11-08T13:00,3540.0,59.0,Sun357,,,
./sched_archive/sched_2025-11-08.txt,2025-11-08T13:01,2025-11-08T14:00,3540.0,59.0,Sun357,,,
./sched_archive/sched_2025-11-08.txt,2025-11-08T14:01,2025-11-08T14:30,1740.0,29.0,Sun357,,,
./sched_archive/sched_2025-11-09.txt,2025-11-09T10:01,2025-11-09T11:00,3540.0,59.0,Sun357,,,
./sched_archive/sched_2025-11-09.txt,2025-11-09T11:01,2025-11-09T12:00,3540.0,59.0,Sun357,,,
./sched_archive/sched_2025-11-09.txt,2025-11-09T12:01,2025-11-09T13:00,3540.0,59.0,Sun357,,,
./sched_archive/sched_2025-11-09.txt,2025-11-09T13:01,2025-11-09T14:00,3540.0,59.0,Sun357,,,
./sched_archive/sched_2025-11-09.txt,2025-11-09T14:01,2025-11-09T14:30,1740.0,29.0,Sun357,,,
./sched_archive/sched_2025-11-10.txt,2025-11-10T10:00,2025-11-10T11:00,3600.0,60.0,Sun357,,,
./sched_archive/sched_2025-11-10.txt,2025-11-10T11:01,2025-11-10T12:00,3540.0,59.0,Sun357,,,
./sched_archive/sched_2025-11-10.txt,2025-11-10T12:01,2025-11-10T13:00,3540.0,59.0,Sun357,,,
./sched_archive/sched_2025-11-10.txt,2025-11-10T13:01,2025-11-10T14:00,3540.0,59.0,Sun357,,,
./sched_archive/sched_2025-11-11.txt,2025-11-11T10:00,2025-11-11T11:00,3600.0,60.0,Sun357,,,
./sched_archive/sched_2025-11-11.txt,2025-11-11T11:01,2025-11-11T12:00,3540.0,59.0,Sun357,,,
./sched_archive/sched_2025-11-11.txt,2025-11-11T12:01,2025-11-11T13:00,3540.0,59.0,Sun357,,,
./sched_archive/sched_2025-11-11.txt,2025-11-11T13:01,2025-11-11T14:00,3540.0,59.0,Sun357,,,
./sched_archive/sched_2025-11-12.txt,2025-11-12T09:30,2025-11-12T11:00,5400.0,90.0,Sun357,,,
./sched_archive/sched_2025-11-12.txt,2025-11-12T11:01,2025-11-12T12:00,3540.0,59.0,Sun357,,,
./sched_archive/sched_2025-11-12.txt,2025-11-12T12:01,2025-11-12T13:00,3540.0,59.0,Sun357,,,
./sched_archive/sched_2025-11-12.txt,2025-11-12T13:01,2025-11-12T14:00,3540.0,59.0,Sun357,,,
./sched_archive/sched_2025-11-12.txt,2025-11-12T14:01,2025-11-12T15:00,3540.0,59.0,Sun357,,,
./sched_archive/sched_2025-11-13.txt,2025-11-13T09:30,2025-11-13T11:00,5400.0,90.0,Sun357,,,
./sched_archive/sched_2025-11-13.txt,2025-11-13T11:01,2025-11-13T12:00,3540.0,59.0,Sun357,,,
./sched_archive/sched_2025-11-13.txt,2025-11-13T12:01,2025-11-13T13:00,3540.0,59.0,Sun357,,,
./sched_archive/sched_2025-11-13.txt,2025-11-13T13:01,2025-11-13T14:30,5340.0,89.0,Sun357,,,
./sched_archive/sched_2025-11-14.txt,2025-11-14T09:30,2025-11-14T11:00,5400.0,90.0,Sun357,,,
./sched_archive/sched_2025-11-14.txt,2025-11-14T11:01,2025-11-14T12:00,3540.0,59.0,Sun357,,,
./sched_archive/sched_2025-11-14.txt,2025-11-14T12:01,2025-11-14T13:00,3540.0,59.0,Sun357,,,
./sched_archive/sched_2025-11-14.txt,2025-11-14T13:01,2025-11-14T14:30,5340.0,89.0,Sun357,,,
./sched_archive/sched_2025-11-15.txt,2025-11-15T09:30,2025-11-15T11:00,5400.0,90.0,Sun357,,,
./sched_archive/sched_2025-11-15.txt,2025-11-15T11:01,2025-11-15T12:00,3540.0,59.0,Sun357,,,
./sched_archive/sched_2025-11-15.txt,2025-11-15T12:01,2025-11-15T13:00,3540.0,59.0,Sun357,,,
./sched_archive/sched_2025-11-15.txt,2025-11-15T13:01,2025-11-15T14:30,5340.0,89.0,Sun357,,,
./sched_archive/sched_2025-11-16.txt,2025-11-16T09:30,2025-11-16T11:00,5400.0,90.0,Sun357,,,
./sched_archive/sched_2025-11-16.txt,2025-11-16T11:01,2025-11-16T12:00,3540.0,59.0,Sun357,,,
./sched_archive/sched_2025-11-16.txt,2025-11-16T12:01,2025-11-16T13:00,3540.0,59.0,Sun357,,,
./sched_archive/sched_2025-11-16.txt,2025-11-16T13:01,2025-11-16T14:30,5340.0,89.0,Sun357,,,
./sched_archive/sched_2025-11-17.txt,2025-11-17T09:35,2025-11-17T11:00,5100.0,85.0,Sun357,,,
./sched_archive/sched_2025-11-17.txt,2025-11-17T11:01,2025-11-17T12:00,3540.0,59.0,Sun357,,,
./sched_archive/sched_2025-11-17.txt,2025-11-17T12:01,2025-11-17T13:00,3540.0,59.0,Sun357,,,
./sched_archive/sched_2025-11-17.txt,2025-11-17T13:01,2025-11-17T14:40,5940.0,99.0,Sun357,,,
./sched_archive/sched_2025-11-18.txt,2025-11-18T09:35,2025-11-18T11:00,5100.0,85.0,Sun357,,,
./sched_archive/sched_2025-11-18.txt,2025-11-18T11:01,2025-11-18T12:00,3540.0,59.0,Sun357,,,
./sched_archive/sched_2025-11-18.txt,2025-11-18T12:01,2025-11-18T13:00,3540.0,59.0,Sun357,,,
./sched_archive/sched_2025-11-18.txt,2025-11-18T13:01,2025-11-18T14:45,6240.0,104.0,Sun357,,,
./sched_archive/sched_2025-11-19.txt,2025-11-19T09:45,2025-11-19T11:00,4500.0,75.0,Sun357,,,
./sched_archive/sched_2025-11-19.txt,2025-11-19T11:01,2025-11-19T12:00,3540.0,59.0,Sun357,,,
./sched_archive/sched_2025-11-19.txt,2025-11-19T12:01,2025-11-19T13:00,3540.0,59.0,Sun357,,,
./sched_archive/sched_2025-11-19.txt,2025-11-19T13:01,2025-11-19T14:45,6240.0,104.0,Sun357,,,
./sched_archive/sched_2025-11-20.txt,2025-11-20T09:40,2025-11-20T11:00,4800.0,80.0,Sun357,,,
./sched_archive/sched_2025-11-20.txt,2025-11-20T11:01,2025-11-20T12:00,3540.0,59.0,Sun357,,,
./sched_archive/sched_2025-11-20.txt,2025-11-20T12:01,2025-11-20T13:00,3540.0,59.0,Sun357,,,
./sched_archive/sched_2025-11-20.txt,2025-11-20T13:01,2025-11-20T14:55,6840.0,114.0,Sun357,,,
./sched_archive/sched_2025-11-21.txt,2025-11-21T10:40,2025-11-21T11:00,1200.0,20.0,Sun357,,,
./sched_archive/sched_2025-11-21.txt,2025-11-21T11:01,2025-11-21T12:00,3540.0,59.0,Sun357,,,
./sched_archive/sched_2025-11-21.txt,2025-11-21T12:01,2025-11-21T13:00,3540.0,59.0,Sun357,,,
./sched_archive/sched_2025-11-21.txt,2025-11-21T13:01,2025-11-21T14:50,6540.0,109.0,Sun357,,,
./sched_archive/sched_2025-11-22.txt,2025-11-22T09:45,2025-11-22T11:00,4500.0,75.0,Sun357,,,
./sched_archive/sched_2025-11-22.txt,2025-11-22T11:01,2025-11-22T12:00,3540.0,59.0,Sun357,,,
./sched_archive/sched_2025-11-22.txt,2025-11-22T12:01,2025-11-22T13:00,3540.0,59.0,Sun357,,,
./sched_archive/sched_2025-11-22.txt,2025-11-22T13:01,2025-11-22T14:50,6540.0,109.0,Sun357,,,
./sched_archive/sched_2025-11-23.txt,2025-11-23T09:50,2025-11-23T11:00,4200.0,70.0,Sun357,,,
./sched_archive/sched_2025-11-23.txt,2025-11-23T11:01,2025-11-23T12:00,3540.0,59.0,Sun357,,,
./sched_archive/sched_2025-11-23.txt,2025-11-23T12:01,2025-11-23T13:00,3540.0,59.0,Sun357,,,
./sched_archive/sched_2025-11-23.txt,2025-11-23T13:01,2025-11-23T14:45,6240.0,104.0,Sun357,,,
./sched_archive/sched_2025-11-24.txt,2025-11-24T09:50,2025-11-24T11:00,4200.0,70.0,Sun357,,,
./sched_archive/sched_2025-11-24.txt,2025-11-24T11:01,2025-11-24T12:00,3540.0,59.0,Sun357,,,
./sched_archive/sched_2025-11-24.txt,2025-11-24T12:01,2025-11-24T13:00,3540.0,59.0,Sun357,,,
./sched_archive/sched_2025-11-24.txt,2025-11-24T13:01,2025-11-24T14:45,6240.0,104.0,Sun357,,,
./sched_archive/sched_2025-11-25.txt,2025-11-25T09:55,2025-11-25T11:00,3900.0,65.0,Sun357,,,
./sched_archive/sched_2025-11-25.txt,2025-11-25T11:01,2025-11-25T12:00,3540.0,59.0,Sun357,,,
./sched_archive/sched_2025-11-25.txt,2025-11-25T12:01,2025-11-25T13:00,3540.0,59.0,Sun357,,,
./sched_archive/sched_2025-11-25.txt,2025-11-25T13:01,2025-11-25T14:45,6240.0,104.0,Sun357,,,
./sched_archive/sched_2025-11-29.txt,2025-11-29T11:00,2025-11-29T12:00,3600.0,60.0,Sun357,,,
./sched_archive/sched_2025-11-29.txt,2025-11-29T12:01,2025-11-29T13:00,3540.0,59.0,Sun357,,,
./sched_archive/sched_2025-11-29.txt,2025-11-29T13:01,2025-11-29T14:00,3540.0,59.0,Sun357,,,
./sched_archive/sched_2025-11-30.txt,2025-11-30T11:00,2025-11-30T12:00,3600.0,60.0,Sun357,,,
./sched_archive/sched_2025-11-30.txt,2025-11-30T12:01,2025-11-30T13:00,3540.0,59.0,Sun357,,,
./sched_archive/sched_2025-11-30.txt,2025-11-30T13:01,2025-11-30T14:00,3540.0,59.0,Sun357,,,
./sched_archive/sched_2025-12-01.txt,2025-12-01T11:00,2025-12-01T12:00,3600.0,60.0,Sun357,,,
./sched_archive/sched_2025-12-01.txt,2025-12-01T12:01,2025-12-01T13:00,3540.0,59.0,Sun357,,,
./sched_archive/sched_2025-12-01.txt,2025-12-01T13:01,2025-12-01T14:00,3540.0,59.0,Sun357,,,
./sched_archive/sched_2025-12-02.txt,2025-12-02T11:00,2025-12-02T12:00,3600.0,60.0,Sun357,,,
./sched_archive/sched_2025-12-02.txt,2025-12-02T12:01,2025-12-02T13:00,3540.0,59.0,Sun357,,,
./sched_archive/sched_2025-12-02.txt,2025-12-02T13:01,2025-12-02T14:00,3540.0,59.0,Sun357,,,
./sched_archive/sched_2025-12-03.txt,2025-12-03T11:00,2025-12-03T12:00,3600.0,60.0,Sun357,,,
./sched_archive/sched_2025-12-03.txt,2025-12-03T12:01,2025-12-03T13:00,3540.0,59.0,Sun357,,,
./sched_archive/sched_2025-12-03.txt,2025-12-03T13:01,2025-12-03T14:00,3540.0,59.0,Sun357,,,
./sched_archive/sched_2025-12-04.txt,2025-12-04T11:00,2025-12-04T12:00,3600.0,60.0,Sun357,,,
./sched_archive/sched_2025-12-04.txt,2025-12-04T12:01,2025-12-04T13:00,3540.0,59.0,Sun357,,,
./sched_archive/sched_2025-12-04.txt,2025-12-04T13:01,2025-12-04T14:00,3540.0,59.0,Sun357,,,
./sched_archive/sched_2025-12-05.txt,2025-12-05T11:00,2025-12-05T12:00,3600.0,60.0,Sun357,,,
./sched_archive/sched_2025-12-05.txt,2025-12-05T12:01,2025-12-05T13:00,3540.0,59.0,Sun357,,,
./sched_archive/sched_2025-12-05.txt,2025-12-05T13:01,2025-12-05T14:00,3540.0,59.0,Sun357,,,
./sched_archive/sched_2025-12-06.txt,2025-12-06T10:16,2025-12-06T11:00,2640.0,44.0,Sun357,,,
./sched_archive/sched_2025-12-06.txt,2025-12-06T11:01,2025-12-06T12:00,3540.0,59.0,Sun357,,,
./sched_archive/sched_2025-12-06.txt,2025-12-06T12:01,2025-12-06T13:00,3540.0,59.0,Sun357,,,
./sched_archive/sched_2025-12-06.txt,2025-12-06T13:01,2025-12-06T14:29,5280.0,88.0,Sun357,,,
./sched_archive/sched_2025-12-07.txt,2025-12-07T10:20,2025-12-07T11:00,2400.0,40.0,Sun357,,,
./sched_archive/sched_2025-12-07.txt,2025-12-07T11:01,2025-12-07T12:00,3540.0,59.0,Sun357,,,
./sched_archive/sched_2025-12-07.txt,2025-12-07T12:01,2025-12-07T13:00,3540.0,59.0,Sun357,,,
./sched_archive/sched_2025-12-07.txt,2025-12-07T13:01,2025-12-07T14:20,4740.0,79.0,Sun357,,,
./sched_archive/sched_2025-12-08.txt,2025-12-08T10:20,2025-12-08T11:00,2400.0,40.0,Sun357,,,
./sched_archive/sched_2025-12-08.txt,2025-12-08T11:01,2025-12-08T12:00,3540.0,59.0,Sun357,,,
./sched_archive/sched_2025-12-08.txt,2025-12-08T12:01,2025-12-08T13:00,3540.0,59.0,Sun357,,,
./sched_archive/sched_2025-12-08.txt,2025-12-08T13:01,2025-12-08T14:20,4740.0,79.0,Sun357,,,
./sched_archive/sched_2025-12-09.txt,2025-12-09T10:25,2025-12-09T11:00,2100.0,35.0,Sun357,,,
./sched_archive/sched_2025-12-09.txt,2025-12-09T11:01,2025-12-09T12:00,3540.0,59.0,Sun357,,,
./sched_archive/sched_2025-12-09.txt,2025-12-09T12:01,2025-12-09T13:00,3540.0,59.0,Sun357,,,
./sched_archive/sched_2025-12-09.txt,2025-12-09T13:01,2025-12-09T14:15,4440.0,74.0,Sun357,,,
./sched_archive/sched_2025-12-10.txt,2025-12-10T10:25,2025-12-10T11:00,2100.0,35.0,Sun357,,,
./sched_archive/sched_2025-12-10.txt,2025-12-10T11:01,2025-12-10T12:00,3540.0,59.0,Sun357,,,
./sched_archive/sched_2025-12-10.txt,2025-12-10T12:01,2025-12-10T13:00,3540.0,59.0,Sun357,,,
./sched_archive/sched_2025-12-10.txt,2025-12-10T13:01,2025-12-10T14:15,4440.0,74.0,Sun357,,,
./sched_archive/sched_2025-12-11.txt,2025-12-11T11:05,2025-12-11T12:00,3300.0,55.0,Sun357,,,
./sched_archive/sched_2025-12-11.txt,2025-12-11T12:01,2025-12-11T13:00,3540.0,59.0,Sun357,,,
./sched_archive/sched_2025-12-11.txt,2025-12-11T13:01,2025-12-11T14:15,4440.0,74.0,Sun357,,,
./sched_archive/sched_2025-12-12.txt,2025-12-12T10:30,2025-12-12T11:00,1800.0,30.0,Sun357,,,
./sched_archive/sched_2025-12-12.txt,2025-12-12T11:01,2025-12-12T12:00,3540.0,59.0,Sun357,,,
./sched_archive/sched_2025-12-12.txt,2025-12-12T12:01,2025-12-12T13:00,3540.0,59.0,Sun357,,,
./sched_archive/sched_2025-12-12.txt,2025-12-12T13:01,2025-12-12T14:15,4440.0,74.0,Sun357,,,
./sched_archive/sched_2025-12-16.txt,2025-12-26T10:40,2025-12-26T11:00,1200.0,20.0,Sun357,,,
./sched_archive/sched_2025-12-16.txt,2025-12-26T11:01,2025-12-26T12:00,3540.0,59.0,Sun357,,,
./sched_archive/sched_2025-12-16.txt,2025-12-26T12:01,2025-12-26T13:00,3540.0,59.0,Sun357,,,
./sched_archive/sched_2025-12-16.txt,2025-12-26T13:01,2025-12-26T13:30,1740.0,29.0,Sun357,,,
./sched_archive/sched_2025-12-19.txt,2025-12-20T10:45,2025-12-20T11:00,900.0,15.0,Sun357,,,
./sched_archive/sched_2025-12-19.txt,2025-12-20T11:01,2025-12-20T12:00,3540.0,59.0,Sun357,,,
./sched_archive/sched_2025-12-19.txt,2025-12-20T12:01,2025-12-20T13:00,3540.0,59.0,Sun357,,,
./sched_archive/sched_2025-12-19.txt,2025-12-20T13:01,2025-12-20T13:30,1740.0,29.0,Sun357,,,
./sched_archive/sched_2025-12-21.txt,2025-12-21T10:45,2025-12-21T11:00,900.0,15.0,Sun357,,,
./sched_archive/sched_2025-12-21.txt,2025-12-21T11:01,2025-12-21T12:00,3540.0,59.0,Sun357,,,
./sched_archive/sched_2025-12-21.txt,2025-12-21T12:01,2025-12-21T13:00,3540.0,59.0,Sun357,,,
./sched_archive/sched_2025-12-21.txt,2025-12-21T13:01,2025-12-21T13:30,1740.0,29.0,Sun357,,,
./sched_archive/sched_2025-12-22.txt,2025-12-22T10:45,2025-12-22T11:00,900.0,15.0,Sun357,,,
./sched_archive/sched_2025-12-22.txt,2025-12-22T11:01,2025-12-22T12:00,3540.0,59.0,Sun357,,,
./sched_archive/sched_2025-12-22.txt,2025-12-22T12:01,2025-12-22T13:00,3540.0,59.0,Sun357,,,
./sched_archive/sched_2025-12-22.txt,2025-12-22T13:01,2025-12-22T13:30,1740.0,29.0,Sun357,,,
./sched_archive/sched_2025-12-23.txt,2025-12-23T10:45,2025-12-23T11:00,900.0,15.0,Sun357,,,
./sched_archive/sched_2025-12-23.txt,2025-12-23T11:01,2025-12-23T12:00,3540.0,59.0,Sun357,,,
./sched_archive/sched_2025-12-23.txt,2025-12-23T12:01,2025-12-23T13:00,3540.0,59.0,Sun357,,,
./sched_archive/sched_2025-12-23.txt,2025-12-23T13:01,2025-12-23T13:30,1740.0,29.0,Sun357,,,
./sched_archive/sched_2025-12-24.txt,2025-12-24T10:45,2025-12-24T11:00,900.0,15.0,Sun357,,,
./sched_archive/sched_2025-12-24.txt,2025-12-24T11:01,2025-12-24T12:00,3540.0,59.0,Sun357,,,
./sched_archive/sched_2025-12-24.txt,2025-12-24T12:01,2025-12-24T13:00,3540.0,59.0,Sun357,,,
./sched_archive/sched_2025-12-24.txt,2025-12-24T13:01,2025-12-24T13:30,1740.0,29.0,Sun357,,,
./sched_archive/sched_2025-12-25.txt,2025-12-25T09:30,2025-12-25T11:00,5400.0,90.0,Sun357,,,
./sched_archive/sched_2025-12-25.txt,2025-12-25T11:01,2025-12-25T12:00,3540.0,59.0,Sun357,,,
./sched_archive/sched_2025-12-25.txt,2025-12-25T12:01,2025-12-25T13:00,3540.0,59.0,Sun357,,,
./sched_archive/sched_2025-12-25.txt,2025-12-25T13:01,2025-12-25T15:30,8940.0,149.0,Sun357,,,
./sched_archive/sched_2025-12-27.txt,2025-12-27T10:40,2025-12-27T11:00,1200.0,20.0,Sun357,,,
./sched_archive/sched_2025-12-27.txt,2025-12-27T11:01,2025-12-27T12:00,3540.0,59.0,Sun357,,,
./sched_archive/sched_2025-12-27.txt,2025-12-27T12:01,2025-12-27T13:00,3540.0,59.0,Sun357,,,
./sched_archive/sched_2025-12-27.txt,2025-12-27T13:01,2025-12-27T13:30,1740.0,29.0,Sun357,,,
./sched_archive/sched_2025-12-28.txt,2025-12-28T10:40,2025-12-28T11:00,1200.0,20.0,Sun357,,,
./sched_archive/sched_2025-12-28.txt,2025-12-28T11:01,2025-12-28T12:00,3540.0,59.0,Sun357,,,
./sched_archive/sched_2025-12-28.txt,2025-12-28T12:01,2025-12-28T13:00,3540.0,59.0,Sun357,,,
./sched_archive/sched_2025-12-28.txt,2025-12-28T13:01,2025-12-28T13:30,1740.0,29.0,Sun357,,,
./sched_archive/sched_2025-12-29.txt,2025-12-29T10:40,2025-12-29T11:00,1200.0,20.0,Sun357,,,
./sched_archive/sched_2025-12-29.txt,2025-12-29T11:01,2025-12-29T12:00,3540.0,59.0,Sun357,,,
./sched_archive/sched_2025-12-29.txt,2025-12-29T12:01,2025-12-29T13:00,3540.0,59.0,Sun357,,,
./sched_archive/sched_2025-12-29.txt,2025-12-29T13:01,2025-12-29T13:30,1740.0,29.0,Sun357,,,
./sched_archive/sched_2025-12-30.txt,2025-12-30T10:40,2025-12-30T11:00,1200.0,20.0,Sun357,,,
./sched_archive/sched_2025-12-30.txt,2025-12-30T11:01,2025-12-30T12:00,3540.0,59.0,Sun357,,,
./sched_archive/sched_2025-12-30.txt,2025-12-30T12:01,2025-12-30T13:00,3540.0,59.0,Sun357,,,
./sched_archive/sched_2025-12-30.txt,2025-12-30T13:01,2025-12-30T13:30,1740.0,29.0,Sun357,,,
./sched_archive/sched_2025-12-31.txt,2025-12-31T10:40,2025-12-31T11:00,1200.0,20.0,Sun357,,,
./sched_archive/sched_2025-12-31.txt,2025-12-31T11:01,2025-12-31T12:00,3540.0,59.0,Sun357,,,
./sched_archive/sched_2025-12-31.txt,2025-12-31T12:01,2025-12-31T13:00,3540.0,59.0,Sun357,,,
./sched_archive/sched_2025-12-31.txt,2025-12-31T13:01,2025-12-31T13:30,1740.0,29.0,Sun357,,,
./sched_archive/sched_2025_01_15.txt,2025-01-15T14:40,2025-01-15T16:40,7200.0,120.0,MTP0015,5.923487,0.497048,J2000
./sched_archive/sched_2025_01_17.txt,2025-01-17T14:40,2025-01-17T15:39,3540.0,59.0,MTP0044,5.83982077,0.5069987,J2000
./sched_archive/sched_2025_01_17.txt,2025-01-17T15:40,2025-01-17T16:40,3600.0,60.0,MTP0015,5.923487,0.497048,J2000
./sched_archive/sched_2025_02_07.txt,2025-02-07T15:49,2025-02-07T15:59,600.0,10.0,B0329+54_PSR,0.9293420000000001,0.9525790000000001,J2000
./sched_archive/sched_2025_02_07.txt,2025-02-07T16:00,2025-02-07T18:10,7800.0,130.0,GJ687,4.609553,1.192743,J2000
./sched_archive/sched_2025_02_10.txt,2025-02-10T12:30,2025-02-10T12:59,1740.0,29.0,J2145-0750_PSR,5.697805941281582,-0.1368075848974223,J2000
./sched_archive/sched_2025_02_10.txt,2025-02-10T13:00,2025-02-10T14:59,7140.0,119.0,Sun357,,,
./sched_archive/sched_2025_02_10.txt,2025-02-10T15:00,2025-02-10T15:29,1740.0,29.0,J0034-0534_PSR,0.1499403707045897,-0.09733420048376587,J2000
./sched_archive/sched_2025_02_11.txt,2025-02-11T12:30,2025-02-11T13:00,1800.0,30.0,J2145-0750_PSR,5.697805941281582,-0.1368075848974223,J2000
./sched_archive/sched_2025_02_11.txt,2025-02-11T14:15,2025-02-11T14:45,1800.0,30.0,"J0034-0534_PSR [0.1499403707045897, -0.09733420048376587, 'J2000'",,,
./sched_archive/sched_2025_02_12.txt,2025-02-12T12:30,2025-02-12T13:00,1800.0,30.0,J2145-0750_PSR,5.697805941281582,-0.1368075848974223,J2000
./sched_archive/sched_2025_02_12.txt,2025-02-12T14:15,2025-02-12T14:45,1800.0,30.0,"J0034-0534_PSR [0.1499403707045897, -0.09733420048376587, 'J2000'",,,
./sched_archive/sched_2025_02_12_B1508_test.txt,2025-02-12T15:45,2025-02-12T15:50,300.0,5.0,"B1508+55 [3.968125, 0.969106, 'J2000'",,,
./sched_archive/sched_2025_02_13.txt,2025-02-13T11:01,2025-02-13T12:00,3540.0,59.0,B1508+55,3.968125,0.969106,J2000
./sched_archive/sched_2025_02_13.txt,2025-02-13T12:01,2025-02-13T13:00,3540.0,59.0,B1508+55,3.968125,0.969106,J2000
./sched_archive/sched_2025_02_13.txt,2025-02-13T13:01,2025-02-13T14:00,3540.0,59.0,"B1508+55 [3.968125, 0.969106, 'J2000'",,,
./sched_archive/sched_2025_02_13.txt,2025-02-13T14:01,2025-02-13T15:00,3540.0,59.0,"B1508+55 [3.968125, 0.969106, 'J2000'",,,
./sched_archive/sched_2025_02_13.txt,2025-02-13T15:01,2025-02-13T16:00,3540.0,59.0,"B1508+55 [3.968125, 0.969106, 'J2000'",,,
./sched_archive/sched_2025_02_13.txt,2025-02-13T16:01,2025-02-13T17:00,3540.0,59.0,"B1508+55 [3.968125, 0.969106, 'J2000'",,,
./sched_archive/sched_2025_02_13.txt,2025-02-13T17:01,2025-02-13T18:00,3540.0,59.0,"B1508+55 [3.968125, 0.969106, 'J2000'",,,
./sched_archive/sched_2025_02_13.txt,2025-02-13T18:01,2025-02-13T19:00,3540.0,59.0,"B1508+55 [3.968125, 0.969106, 'J2000'",,,
./sched_archive/sched_2025_02_13.txt,2025-02-13T19:01,2025-02-13T20:00,3540.0,59.0,"B1508+55 [3.968125, 0.969106, 'J2000'",,,
./sched_archive/sched_2025_02_13.txt,2025-02-13T20:01,2025-02-13T21:00,3540.0,59.0,"B1508+55 [3.968125, 0.969106, 'J2000'",,,
./sched_archive/sched_2025_02_13.txt,2025-02-13T21:01,2025-02-13T22:00,3540.0,59.0,"B1508+55 [3.968125, 0.969106, 'J2000'",,,
./sched_archive/sched_2025_02_13.txt,2025-02-13T22:01,2025-02-13T23:00,3540.0,59.0,"B1508+55 [3.968125, 0.969106, 'J2000'",,,
./sched_archive/sched_2025_02_13.txt,2025-02-13T23:01,2025-02-14T00:00,3540.0,59.0,"B1508+55 [3.968125, 0.969106, 'J2000'",,,
./sched_archive/sched_2025_02_13.txt,2025-02-14T00:01,2025-02-14T01:00,3540.0,59.0,B1508+55,3.968125,0.969106,J2000
./sched_archive/sched_2025_02_13.txt,2025-02-14T01:01,2025-02-14T02:00,3540.0,59.0,B1508+55,3.968125,0.969106,J2000
./sched_archive/sched_2025_02_13.txt,2025-02-14T02:01,2025-02-14T03:00,3540.0,59.0,B1508+55,3.968125,0.969106,J2000
./sched_archive/sched_2025_02_13.txt,2025-02-14T03:01,2025-02-14T04:00,3540.0,59.0,B1508+55,3.968125,0.969106,J2000
./sched_archive/sched_2025_02_13.txt,2025-02-14T04:01,2025-02-14T05:00,3540.0,59.0,B1508+55,3.968125,0.969106,J2000
./sched_archive/sched_2025_02_13.txt,2025-02-14T05:01,2025-02-14T06:00,3540.0,59.0,B1508+55,3.968125,0.969106,J2000
./sched_archive/sched_2025_02_13.txt,2025-02-14T06:01,2025-02-14T07:00,3540.0,59.0,B1508+55,3.968125,0.969106,J2000
./sched_archive/sched_2025_02_13.txt,2025-02-14T07:01,2025-02-14T08:00,3540.0,59.0,B1508+55,3.968125,0.969106,J2000
./sched_archive/sched_2025_02_13.txt,2025-02-14T08:01,2025-02-14T09:00,3540.0,59.0,B1508+55,3.968125,0.969106,J2000
./sched_archive/sched_2025_02_13.txt,2025-02-14T09:01,2025-02-14T10:00,3540.0,59.0,B1508+55,3.968125,0.969106,J2000
./sched_archive/sched_2025_02_13.txt,2025-02-14T10:01,2025-02-14T11:00,3540.0,59.0,B1508+55,3.968125,0.969106,J2000
./sched_archive/sched_2025_02_13.txt,2025-02-14T12:30,2025-02-14T13:00,1800.0,30.0,"J2145-0750_PSR [5.697805941281582, -0.1368075848974223, 'J2000'",,,
./sched_archive/sched_2025_02_13.txt,2025-02-14T14:15,2025-02-14T14:45,1800.0,30.0,"J0034-0534_PSR [0.1499403707045897, -0.09733420048376587, 'J2000'",,,
./sched_archive/sched_2025_02_18.txt,2025-02-18T12:00,2025-02-18T12:29,1740.0,29.0,J2145-0750_PSR,5.697805941281582,-0.1368075848974223,J2000
./sched_archive/sched_2025_02_18.txt,2025-02-18T12:30,2025-02-18T13:30,3600.0,60.0,Sun357,,,
./sched_archive/sched_2025_02_18.txt,2025-02-18T14:45,2025-02-18T15:15,1800.0,30.0,"J0034-0534_PSR [0.1499403707045897, -0.09733420048376587, 'J2000'",,,
./sched_archive/sched_2025_02_18_v3.txt,2025-02-18T14:45,2025-02-18T15:15,1800.0,30.0,J0034-0534_PSR,0.1499403707045897,-0.09733420048376587,J2000
./sched_archive/sched_2025_02_19.txt,2025-02-19T09:55,2025-02-19T11:59,7440.0,124.0,J1908+2105_PSR,5.013261,0.367987,J2000
./sched_archive/sched_2025_02_19.txt,2025-02-19T12:00,2025-02-19T12:30,1800.0,30.0,J2145-0750_PSR,5.697805941281582,-0.1368075848974223,J2000
./sched_archive/sched_2025_02_19.txt,2025-02-19T12:31,2025-02-19T13:29,3480.0,58.0,Sun357,,,
./sched_archive/sched_2025_02_19.txt,2025-02-19T14:45,2025-02-19T15:15,1800.0,30.0,"J0034-0534_PSR [0.1499403707045897, -0.09733420048376587, 'J2000'",,,
./sched_archive/sched_2025_02_20.txt,2025-02-20T09:55,2025-02-20T11:59,7440.0,124.0,J1908+2105_PSR,5.013261,0.367987,J2000
./sched_archive/sched_2025_02_20.txt,2025-02-20T12:00,2025-02-20T12:30,1800.0,30.0,J2145-0750_PSR,5.697805941281582,-0.1368075848974223,J2000
./sched_archive/sched_2025_02_20.txt,2025-02-20T12:31,2025-02-20T13:29,3480.0,58.0,Sun357,,,
./sched_archive/sched_2025_02_20.txt,2025-02-20T14:45,2025-02-20T15:15,1800.0,30.0,"J0034-0534_PSR [0.1499403707045897, -0.09733420048376587, 'J2000'",,,
./sched_archive/sched_2025_02_21.txt,2025-02-21T09:00,2025-02-21T10:00,3600.0,60.0,J1908+2105_PSR,5.013261,0.367987,J2000
./sched_archive/sched_2025_02_21.txt,2025-02-21T12:00,2025-02-21T12:30,1800.0,30.0,"J2145-0750_PSR [5.697805941281582, -0.1368075848974223, 'J2000'",,,
./sched_archive/sched_2025_02_21.txt,2025-02-21T12:31,2025-02-21T13:29,3480.0,58.0,Sun357,,,
./sched_archive/sched_2025_02_21.txt,2025-02-21T14:45,2025-02-21T15:15,1800.0,30.0,"J0034-0534_PSR [0.1499403707045897, -0.09733420048376587, 'J2000'",,,
./sched_archive/sched_2025_02_22.txt,2025-02-22T12:00,2025-02-22T12:30,1800.0,30.0,"J2145-0750_PSR [5.697805941281582, -0.1368075848974223, 'J2000'",,,
./sched_archive/sched_2025_02_22.txt,2025-02-22T12:31,2025-02-22T13:29,3480.0,58.0,Sun357,,,
./sched_archive/sched_2025_02_22.txt,2025-02-22T14:45,2025-02-22T15:15,1800.0,30.0,"J0034-0534_PSR [0.1499403707045897, -0.09733420048376587, 'J2000'",,,
./sched_archive/sched_2025_12_17.txt,2025-12-18T04:30,2025-12-18T06:30,7200.0,120.0,J1101+5521,2.887829,0.966135,J2000
./sched_archive/sched_2026-01-02.txt,2026-01-02T10:40,2026-01-02T11:00,1200.0,20.0,Sun357,,,
./sched_archive/sched_2026-01-02.txt,2026-01-02T11:01,2026-01-02T12:00,3540.0,59.0,Sun357,,,
./sched_archive/sched_2026-01-02.txt,2026-01-02T12:01,2026-01-02T13:00,3540.0,59.0,Sun357,,,
./sched_archive/sched_2026-01-02.txt,2026-01-02T13:01,2026-01-02T13:30,1740.0,29.0,Sun357,,,
./sched_archive/sched_2026-01-03.txt,2026-01-03T10:40,2026-01-03T11:00,1200.0,20.0,Sun357,,,
./sched_archive/sched_2026-01-03.txt,2026-01-03T11:01,2026-01-03T12:00,3540.0,59.0,Sun357,,,
./sched_archive/sched_2026-01-03.txt,2026-01-03T12:01,2026-01-03T13:00,3540.0,59.0,Sun357,,,
./sched_archive/sched_2026-01-03.txt,2026-01-03T13:01,2026-01-03T13:30,1740.0,29.0,Sun357,,,
./sched_archive/sched_2026-01-04.txt,2026-01-04T10:40,2026-01-04T11:00,1200.0,20.0,Sun357,,,
./sched_archive/sched_2026-01-04.txt,2026-01-04T11:01,2026-01-04T12:00,3540.0,59.0,Sun357,,,
./sched_archive/sched_2026-01-04.txt,2026-01-04T12:01,2026-01-04T13:00,3540.0,59.0,Sun357,,,
./sched_archive/sched_2026-01-04.txt,2026-01-04T13:01,2026-01-04T13:30,1740.0,29.0,Sun357,,,
./sched_archive/sched_2026-01-05.txt,2026-01-05T10:35,2026-01-05T11:00,1500.0,25.0,Sun357,,,
./sched_archive/sched_2026-01-05.txt,2026-01-05T11:01,2026-01-05T12:00,3540.0,59.0,Sun357,,,
./sched_archive/sched_2026-01-05.txt,2026-01-05T12:01,2026-01-05T13:00,3540.0,59.0,Sun357,,,
./sched_archive/sched_2026-01-05.txt,2026-01-05T13:01,2026-01-05T13:40,2340.0,39.0,Sun357,,,
./sched_archive/sched_2026-01-05_part2.txt,2026-01-05T14:00,2026-01-05T14:30,1800.0,30.0,Sun357,,,
./sched_archive/sched_2026-01-06.txt,2026-01-06T10:30,2026-01-06T11:00,1800.0,30.0,Sun357,,,
./sched_archive/sched_2026-01-06.txt,2026-01-06T11:01,2026-01-06T12:00,3540.0,59.0,Sun357,,,
./sched_archive/sched_2026-01-06.txt,2026-01-06T12:01,2026-01-06T13:00,3540.0,59.0,Sun357,,,
./sched_archive/sched_2026-01-06.txt,2026-01-06T13:01,2026-01-06T14:30,5340.0,89.0,Sun357,,,
./sched_archive/sched_2026-01-07.txt,2026-01-07T10:30,2026-01-07T11:00,1800.0,30.0,Sun357,,,
./sched_archive/sched_2026-01-07.txt,2026-01-07T11:01,2026-01-07T12:00,3540.0,59.0,Sun357,,,
./sched_archive/sched_2026-01-07.txt,2026-01-07T12:01,2026-01-07T13:00,3540.0,59.0,Sun357,,,
./sched_archive/sched_2026-01-07.txt,2026-01-07T13:01,2026-01-07T14:30,5340.0,89.0,Sun357,,,
./sched_archive/sched_2026-01-08.txt,2026-01-08T10:30,2026-01-08T11:00,1800.0,30.0,Sun357,,,
./sched_archive/sched_2026-01-08.txt,2026-01-08T11:01,2026-01-08T12:00,3540.0,59.0,Sun357,,,
./sched_archive/sched_2026-01-08.txt,2026-01-08T12:01,2026-01-08T13:00,3540.0,59.0,Sun357,,,
./sched_archive/sched_2026-01-08.txt,2026-01-08T13:01,2026-01-08T14:30,5340.0,89.0,Sun357,,,
./sched_archive/sched_2026-01-09.txt,2026-01-09T10:30,2026-01-09T11:00,1800.0,30.0,Sun357,,,
./sched_archive/sched_2026-01-09.txt,2026-01-09T11:01,2026-01-09T12:00,3540.0,59.0,Sun357,,,
./sched_archive/sched_2026-01-09.txt,2026-01-09T12:01,2026-01-09T13:00,3540.0,59.0,Sun357,,,
./sched_archive/sched_2026-01-09.txt,2026-01-09T13:01,2026-01-09T14:30,5340.0,89.0,Sun357,,,
./sched_archive/sched_2026-01-19.txt,2026-01-19T10:30,2026-01-19T11:30,3600.0,60.0,Sun357,,,
./sched_archive/sched_2026-01-19.txt,2026-01-19T11:31,2026-01-19T12:30,3540.0,59.0,Sun357,,,
./sched_archive/sched_2026-01-19.txt,2026-01-19T12:31,2026-01-19T13:30,3540.0,59.0,Sun357,,,
./sched_archive/sched_2026-01-19.txt,2026-01-19T13:31,2026-01-19T14:30,3540.0,59.0,Sun357,,,
./sched_archive/sched_2026-01-20.txt,2026-01-20T10:30,2026-01-20T11:30,3600.0,60.0,Sun357,,,
./sched_archive/sched_2026-01-20.txt,2026-01-20T11:31,2026-01-20T12:30,3540.0,59.0,Sun357,,,
./sched_archive/sched_2026-01-20.txt,2026-01-20T12:31,2026-01-20T13:30,3540.0,59.0,Sun357,,,
./sched_archive/sched_2026-01-20.txt,2026-01-20T13:31,2026-01-20T14:30,3540.0,59.0,Sun357,,,
./sched_archive/sched_2026-01-21.txt,2026-01-21T10:30,2026-01-21T11:30,3600.0,60.0,Sun357,,,
./sched_archive/sched_2026-01-21.txt,2026-01-21T11:31,2026-01-21T12:30,3540.0,59.0,Sun357,,,
./sched_archive/sched_2026-01-21.txt,2026-01-21T12:31,2026-01-21T13:30,3540.0,59.0,Sun357,,,
./sched_archive/sched_2026-01-21.txt,2026-01-21T13:31,2026-01-21T14:30,3540.0,59.0,Sun357,,,
./sched_archive/sched_2026-01-22.txt,2026-01-22T11:00,2026-01-22T12:00,3600.0,60.0,Sun357,,,
./sched_archive/sched_2026-01-22.txt,2026-01-22T12:01,2026-01-22T13:00,3540.0,59.0,Sun357,,,
./sched_archive/sched_2026-01-22.txt,2026-01-22T13:01,2026-01-22T14:00,3540.0,59.0,Sun357,,,
./sched_archive/sched_2026-01-23.txt,2026-01-23T11:00,2026-01-23T12:00,3600.0,60.0,Sun357,,,
./sched_archive/sched_2026-01-23.txt,2026-01-23T12:01,2026-01-23T13:00,3540.0,59.0,Sun357,,,
./sched_archive/sched_2026-01-23.txt,2026-01-23T13:01,2026-01-23T14:00,3540.0,59.0,Sun357,,,
./sched_archive/sched_2026-01-25.txt,2026-01-25T11:00,2026-01-25T12:00,3600.0,60.0,Sun357,,,
./sched_archive/sched_2026-01-25.txt,2026-01-25T12:01,2026-01-25T13:00,3540.0,59.0,Sun357,,,
./sched_archive/sched_2026-01-25.txt,2026-01-25T13:01,2026-01-25T14:00,3540.0,59.0,Sun357,,,
./sched_archive/sched_2026-01-26.txt,2026-01-26T11:00,2026-01-26T12:00,3600.0,60.0,Sun357,,,
./sched_archive/sched_2026-01-26.txt,2026-01-26T12:01,2026-01-26T13:00,3540.0,59.0,Sun357,,,
./sched_archive/sched_2026-01-26.txt,2026-01-26T13:01,2026-01-26T14:00,3540.0,59.0,Sun357,,,
./sched_archive/sched_2026-01-27.txt,2026-01-27T11:00,2026-01-27T12:00,3600.0,60.0,Sun357,,,
./sched_archive/sched_2026-01-27.txt,2026-01-27T12:01,2026-01-27T13:00,3540.0,59.0,Sun357,,,
./sched_archive/sched_2026-01-27.txt,2026-01-27T13:01,2026-01-27T14:00,3540.0,59.0,Sun357,,,
./sched_archive/sched_20260114.txt,2026-01-14T10:30,2026-01-14T11:30,3600.0,60.0,Sun357,,,
./sched_archive/sched_20260114.txt,2026-01-14T11:31,2026-01-14T12:00,1740.0,29.0,Sun357,,,
./sched_archive/sched_20260114.txt,2026-01-14T12:01,2026-01-14T13:00,3540.0,59.0,Sun357,,,
./sched_archive/sched_20260114.txt,2026-01-14T13:01,2026-01-14T14:30,5340.0,89.0,Sun357,,,
./sched_archive/sched_20260115.txt,2026-01-15T10:30,2026-01-15T11:30,3600.0,60.0,Sun357,,,
./sched_archive/sched_20260115.txt,2026-01-15T11:31,2026-01-15T12:00,1740.0,29.0,Sun357,,,
./sched_archive/sched_20260115.txt,2026-01-15T12:01,2026-01-15T13:00,3540.0,59.0,Sun357,,,
./sched_archive/sched_20260115.txt,2026-01-15T13:01,2026-01-15T14:30,5340.0,89.0,Sun357,,,
./sched_archive/sched_20260116.txt,2026-01-16T10:30,2026-01-16T11:30,3600.0,60.0,Sun357,,,
./sched_archive/sched_20260116.txt,2026-01-16T11:31,2026-01-16T12:00,1740.0,29.0,Sun357,,,
./sched_archive/sched_20260116.txt,2026-01-16T12:01,2026-01-16T13:00,3540.0,59.0,Sun357,,,
./sched_archive/sched_20260116.txt,2026-01-16T13:01,2026-01-16T14:30,5340.0,89.0,Sun357,,,
./sched_archive/sched_2026_01_12.txt,2026-01-12T11:30,2026-01-12T12:00,1800.0,30.0,Sun357,,,
./sched_archive/sched_2026_01_12.txt,2026-01-12T12:01,2026-01-12T13:00,3540.0,59.0,Sun357,,,
./sched_archive/sched_2026_01_12.txt,2026-01-12T13:01,2026-01-12T14:30,5340.0,89.0,Sun357,,,
./sched_archive/sched_23-10-2023_monday.txt,2023-10-23T07:00,2023-10-23T08:19,4740.0,79.0,J0939+45,2.528618475878951,0.7897614865274342,J2000
./sched_archive/sched_23-10-2023_monday.txt,2023-10-23T13:36,2023-10-23T13:59,1380.0,23.0,Sun357,,,
./sched_archive/sched_23_12_27.txt,2023-12-27T07:01,2023-12-27T08:38,5820.0,97.0,J1136+1551_PSR,3.0370963006143885,0.2767098326392434,J2000
./sched_archive/sched_23_12_27.txt,2023-12-27T13:11,2023-12-27T15:10,7140.0,119.0,J1832+27_PSR,4.853397545724514,0.48566769083230454,J2000
./sched_archive/sched_23_12_27.txt,2023-12-27T16:32,2023-12-27T17:00,1680.0,28.0,RRAT_J1931+4229,5.110286484688845,0.741570367301345,J2000
./sched_archive/sched_23_12_27.txt,2023-12-27T17:01,2023-12-27T18:00,3540.0,59.0,RRAT_J2215+45,5.828447029215017,0.7925890604631511,J2000
./sched_archive/sched_23_12_27.txt,2023-12-27T18:01,2023-12-27T18:30,1740.0,29.0,RRAT_J0103+54,0.27472465292560155,0.9413712871956963,J2000
./sched_archive/sched_23_12_27.txt,2023-12-27T18:31,2023-12-27T19:19,2880.0,48.0,RRAT_J0139+3310,0.43613087285590374,0.5867200623795394,J2000
./sched_archive/sched_23_12_27.txt,2023-12-27T19:20,2023-12-27T20:20,3600.0,60.0,J0250+5854_PSR,0.7430579243673451,1.0280052300632598,J2000
./sched_archive/sched_24-10-2023.txt,2023-10-24T07:00,2023-10-24T08:14,4440.0,74.0,J0939+45,2.528618475878951,0.7897614865274342,J2000
./sched_archive/sched_24-10-2023.txt,2023-10-24T11:00,2023-10-24T14:49,13740.0,229.0,Sun357,,,
./sched_archive/sched_24-10-2023.txt,2023-10-24T15:08,2023-10-24T16:09,3660.0,61.0,J1720+19_PSR,4.541710323950077,0.3446346533535248,J2000
./sched_archive/sched_24-10-2023.txt,2023-10-24T16:10,2023-10-24T17:19,4140.0,69.0,J1956+35,5.221152457341036,0.621574772413725,J2000
./sched_archive/sched_24-10-2023.txt,2023-10-24T17:20,2023-10-24T18:19,3540.0,59.0,J2005+14,5.258895202415413,0.2551089589998378,J2000
./sched_archive/sched_24-10-2023.txt,2023-10-24T18:20,2023-10-24T19:36,4560.0,76.0,J2105+1917_PSR,5.52181942364699,0.33411815900110764,J2000
./sched_archive/sched_24-10-2023.txt,2023-10-24T20:30,2023-10-24T21:29,3540.0,59.0,J2239+42,5.9298288557029,0.7433551209716294,J2000
./sched_archive/sched_24-10-2023.txt,2023-10-24T21:30,2023-10-24T22:36,3960.0,66.0,J2341+60,6.202172941066182,1.0559872232351137,J2000
./sched_archive/sched_24-10-2023.txt,2023-10-24T23:23,2023-10-25T00:39,4560.0,76.0,J0115+88,0.32855823168793247,1.5404615347678727,J2000
./sched_archive/sched_24-10-2023.txt,2023-10-25T02:00,2023-10-25T03:24,5040.0,84.0,J0318+1341,0.8635016474241944,0.23532856081056874,J2000
./sched_archive/sched_24-10-2023.txt,2023-10-25T07:00,2023-10-25T07:59,3540.0,59.0,J1005+3015,2.6466867899922453,0.5281851241238283,J2000
./sched_archive/sched_24-10-2023.txt,2023-10-25T11:50,2023-10-25T13:59,7740.0,129.0,Sun357,,,
./sched_archive/sched_241110.txt,2024-11-10T02:01,2024-11-10T03:00,3540.0,59.0,"J1012+5307   [2.6727854681111443, 0.9270716946783638, 'J2000'",,,
./sched_archive/sched_241110.txt,2024-11-10T03:01,2024-11-10T04:00,3540.0,59.0,FRB20180301A,1.62712,0.0815253,J2000
./sched_archive/sched_241110.txt,2024-11-10T04:01,2024-11-10T05:30,5340.0,89.0,Crab_PSR,1.4596732110242794,0.3842252837309499,J2000
./sched_archive/sched_241110.txt,2024-11-10T05:31,2024-11-10T07:00,5340.0,89.0,J1022+1001,2.718204102295288,0.17508037680814184,J2000
./sched_archive/sched_241110.txt,2024-11-10T07:01,2024-11-10T09:30,8940.0,149.0,FRB20240318,2.62604,0.656482,J2000
./sched_archive/sched_241110.txt,2024-11-10T09:31,2024-11-10T11:30,7140.0,119.0,Sun357,,,
./sched_archive/sched_241110.txt,2024-11-10T11:31,2024-11-10T13:30,7140.0,119.0,Sun357,,,
./sched_archive/sched_241110.txt,2024-11-10T13:31,2024-11-10T15:00,5340.0,89.0,Sun357,,,
./sched_archive/sched_241110.txt,2024-11-10T15:01,2024-11-10T16:00,3540.0,59.0,"ASKAPJ1832] [4.855535795031435, -0.16035610053794921 , 'J2000'",,,
./sched_archive/sched_241110.txt,2024-11-10T16:01,2024-11-10T17:00,3540.0,59.0,ASKAPJ1839,4.886223773883325,-0.1386342950127128,J2000
./sched_archive/sched_241110.txt,2024-11-10T17:01,2024-11-10T18:00,3540.0,59.0,"FRB20240114A]  [5.61849411485, 0.0755647106435, 'J2000'",,,
./sched_archive/sched_241110.txt,2024-11-10T18:01,2024-11-10T19:00,3540.0,59.0,FRB20220912A,6.061012165605924,0.8500984883962404,J2000
./sched_archive/sched_241110.txt,2024-11-10T19:01,2024-11-10T20:00,3540.0,59.0,"J2145-0750  [5.697805941281582, -0.1368075848974223, 'J2000'",,,
./sched_archive/sched_241110.txt,2024-11-10T20:01,2024-11-10T21:00,3540.0,59.0,J2347+02_PSR,6.229691731776413,0.05242886577094988,J2000
./sched_archive/sched_241110.txt,2024-11-10T21:01,2024-11-10T22:00,3540.0,59.0,J0030+0451,0.13289398273383768,0.08484101392961867,J2000
./sched_archive/sched_241110.txt,2024-11-10T22:01,2024-11-10T23:00,3540.0,59.0,FRB20201124A,1.34416,0.454845,J2000
./sched_archive/sched_241110.txt,2024-11-10T23:01,2024-11-11T02:00,10740.0,179.0,J0311+1402,0.83486428505,0.24507040691,J2000
./sched_archive/sched_241110.txt,2024-11-11T02:01,2024-11-11T03:00,3540.0,59.0,"J1012+5307   [2.6727854681111443, 0.9270716946783638, 'J2000'",,,
./sched_archive/sched_241110.txt,2024-11-11T03:01,2024-11-11T04:00,3540.0,59.0,FRB20180301A,1.62712,0.0815253,J2000
./sched_archive/sched_241110.txt,2024-11-11T04:01,2024-11-11T05:30,5340.0,89.0,Crab_PSR,1.4596732110242794,0.3842252837309499,J2000
./sched_archive/sched_241110.txt,2024-11-11T05:31,2024-11-11T07:00,5340.0,89.0,J1022+1001,2.718204102295288,0.17508037680814184,J2000
./sched_archive/sched_241111.txt,2024-11-11T12:00,2024-11-11T13:30,5400.0,90.0,Sun357,,,
./sched_archive/sched_241111.txt,2024-11-11T13:31,2024-11-11T15:00,5340.0,89.0,Sun357,,,
./sched_archive/sched_241111.txt,2024-11-11T15:01,2024-11-11T16:00,3540.0,59.0,"ASKAPJ1832] [4.855535795031435, -0.16035610053794921 , 'J2000'",,,
./sched_archive/sched_241111.txt,2024-11-11T16:01,2024-11-11T17:00,3540.0,59.0,ASKAPJ1839,4.886223773883325,-0.1386342950127128,J2000
./sched_archive/sched_241111b.txt,2024-11-11T23:01,2024-11-12T02:00,10740.0,179.0,J0311+1402,0.83486428505,0.24507040691,J2000
./sched_archive/sched_241111b.txt,2024-11-12T02:01,2024-11-12T03:00,3540.0,59.0,"J1012+5307   [2.6727854681111443, 0.9270716946783638, 'J2000'",,,
./sched_archive/sched_241112.txt,2024-11-12T11:01,2024-11-12T13:00,7140.0,119.0,Sun357,,,
./sched_archive/sched_241112.txt,2024-11-12T13:01,2024-11-12T15:00,7140.0,119.0,Sun357,,,
./sched_archive/sched_241112.txt,2024-11-12T15:01,2024-11-12T16:00,3540.0,59.0,"ASKAPJ1832] [4.855535795031435, -0.16035610053794921 , 'J2000'",,,
./sched_archive/sched_28-08-2023.txt,2023-08-29T05:00,2023-08-29T06:29,5340.0,89.0,J0250+5854_PSR,0.7430579243673451,1.0280052300632598,J2000
./sched_archive/sched_28-08-2023.txt,2023-08-29T06:30,2023-08-29T07:59,5340.0,89.0,J0320+56,0.8729555142058305,0.9814034865332226,J2000
./sched_archive/sched_28-08-2023.txt,2023-08-29T08:00,2023-08-29T08:30,1800.0,30.0,Crab_PSR,1.459673210956037,0.38422528370197745,J2000
./sched_archive/sched_28-08-2023.txt,2023-08-29T08:31,2023-08-29T10:19,6480.0,108.0,J0549+34,1.5253450441908774,0.5936107192873269,J2000
./sched_archive/sched_28-08-2023.txt,2023-08-29T10:20,2023-08-29T10:40,1200.0,20.0,J0826+2637_PSR,2.2115817443598504,0.4646590067584504,J2000
./sched_archive/sched_28-08-2023.txt,2023-08-29T12:07,2023-08-29T13:10,3780.0,63.0,J1022+1001_PSR,2.718205665819409,0.17508003705071412,J2000
./sched_archive/sched_28-08-2023.txt,2023-08-29T13:11,2023-08-29T18:15,18240.0,304.0,Sun357,,,
./sched_archive/sched_28-08-2023.txt,2023-08-29T18:16,2023-08-29T18:55,2340.0,39.0,J1645-0317_PSR,4.3852875895096295,-0.05758229049395671,J2000
./sched_archive/sched_28-08-2023.txt,2023-08-29T18:56,2023-08-29T20:56,7200.0,120.0,J1732+54,4.593124814831744,0.9489742994038057,J2000
./sched_archive/sched_28-08-2023.txt,2023-08-29T20:57,2023-08-29T23:19,8520.0,142.0,J1956+35,5.221152457341036,0.621574772413725,J2000
./sched_archive/sched_28-08-2023.txt,2023-08-29T23:20,2023-08-30T00:10,3000.0,50.0,J2145-0750_PSR,5.697805941281582,-0.1368075848974223,J2000
./sched_archive/sched_28-08-2023.txt,2023-08-30T00:11,2023-08-30T01:07,3360.0,56.0,J2100+50,5.502150466912123,0.8888719473566565,J2000
./sched_archive/sched_28-08-2023.txt,2023-08-30T01:08,2023-08-30T02:06,3480.0,58.0,J2239+42,5.9298288557029,0.7433551209716294,J2000
./sched_archive/sched_28-08-2023.txt,2023-08-30T02:07,2023-08-30T02:52,2700.0,45.0,J0034-0534_PSR,0.1499403707045897,-0.09733420048376587,J2000
./sched_archive/sched_28-08-2023.txt,2023-08-30T02:53,2023-08-30T04:53,7200.0,120.0,J0115+88,0.32855823168793247,1.5404615347678727,J2000
./sched_archive/sched_28-08-2023.txt,2023-08-30T04:54,2023-08-30T06:29,5700.0,95.0,J0209+58,0.565571080488881,1.012224498588882,J2000
./sched_archive/sched_28-08-2023.txt,2023-08-30T06:30,2023-08-30T08:00,5400.0,90.0,J0348+79,0.9961466705757633,1.3841721483885918,J2000
./sched_archive/sched_28-08-2023.txt,2023-08-30T08:01,2023-08-30T13:21,19200.0,320.0,Sun357,,,
./sched_archive/sched_28-08-2023.txt,2023-08-30T13:22,2023-08-30T13:59,2220.0,37.0,J1136+1551_PSR,3.0370963006143885,0.2767098326392434,J2000
./sched_archive/sched_28_10_2024_morning.txt,2024-10-28T09:15,2024-10-28T10:14,3540.0,59.0,J1218+47,3.230943057,0.824859043,J2000
./sched_archive/sched_28_10_2024_morning.txt,2024-10-28T10:15,2024-10-28T11:15,3600.0,60.0,J1541+47,4.106468842,0.821206502,J2000
./sched_archive/sched_28_10_2024_morning.txt,2024-10-28T13:16,2024-10-28T15:00,6240.0,104.0,J1548+09,4.137884768,0.1710859,J2000
./sched_archive/sched_28_10_2024_morning.txt,2024-10-28T15:01,2024-10-28T16:00,3540.0,59.0,J1836+51_PSR,4.877558323,0.906481216,J2000
./sched_archive/sched_28_10_2024_morning.txt,2024-10-28T16:01,2024-10-28T17:00,3540.0,59.0,J1931+4229,5.110286485,0.741570367,J2000
./sched_archive/sched_28_10_2024_morning.txt,2024-10-28T17:01,2024-10-28T18:59,7080.0,118.0,J2153+44,5.730934043,0.78444308,J2000
./sched_archive/sched_28_10_2024_morning.txt,2024-10-28T19:00,2024-10-28T20:30,5400.0,90.0,J2215+45,5.828447029,0.79258906,J2000
./sched_archive/sched_28_10_2024_morning.txt,2024-10-28T20:31,2024-10-28T22:00,5340.0,89.0,J0103+54,0.274724653,0.941371287,J2000
./sched_archive/sched_30_01_2024.txt,2024-01-30T07:30,2024-01-30T08:39,4140.0,69.0,J1645-0317_PSR,4.3852875895096295,-0.05758229049395671,J2000
./sched_archive/sched_30_01_2024.txt,2024-01-30T08:40,2024-01-30T10:29,6540.0,109.0,B1951+32_PSR,5.20531221260202,0.5738302241353217,J2000
./sched_archive/sched_30_01_2024.txt,2024-01-30T10:30,2024-01-30T13:21,10260.0,171.0,Sun357,,,
./sched_archive/sched_30_01_2024.txt,2024-01-30T14:08,2024-01-30T14:59,3060.0,51.0,J2202+2147_PSR,5.7695475851821545,0.37657387473532433,J2000
./sched_archive/sched_30_01_2024.txt,2024-01-30T15:00,2024-01-30T16:06,3960.0,66.0,J2347+02_PSR,6.229691731776413,0.05242886577094988,J2000
./sched_archive/sched_30_01_2024.txt,2024-01-30T20:30,2024-01-30T21:54,5040.0,84.0,J0608+16_PSR,1.6094590360379197,0.2894513057573071,J2000
./sched_archive/sched_30_01_2024.txt,2024-01-30T21:55,2024-01-31T00:04,7740.0,129.0,B0656+14_PSR,1.831737303548451,0.2485125840158764,J2000
./sched_archive/sched_30_01_2024.txt,2024-01-31T00:26,2024-01-31T01:51,5100.0,85.0,J0845-03_PSR,2.290744643242557,-0.06248278722139699,J2000
./sched_archive/sched_30_01_2024.txt,2024-01-31T02:38,2024-01-31T04:29,6660.0,111.0,J1136+1551_PSR,3.0370963006143885,0.2767098326392434,J2000
./sched_archive/sched_30_01_2024.txt,2024-01-31T04:30,2024-01-31T05:53,4980.0,83.0,J1300+1240_PSR,3.4036180252242274,0.22134243757176436,J2000
./sched_archive/sched_30_01_2024.txt,2024-01-31T05:54,2024-01-31T06:54,3600.0,60.0,J1400-1431_PSR,3.667882641082645,-0.2535921745047398,J2000
./sched_archive/sched_30_01_2024.txt,2024-01-31T06:55,2024-01-31T08:29,5640.0,94.0,J1536+1749_PSR,4.086562773788104,0.31398134159841284,J2000
./sched_archive/sched_30_01_2024.txt,2024-01-31T08:30,2024-01-31T10:25,6900.0,115.0,J1832+27_PSR,4.853397545724514,0.48566769083230454,J2000
./sched_archive/sched_30_01_2024.txt,2024-01-31T10:26,2024-01-31T14:59,16380.0,273.0,Sun357,,,
./sched_archive/sched_LOFTS_2024-10-02.txt,2024-10-01T19:35,2024-10-01T20:47,4320.0,72.0,LOFTS0021,5.509741954105606,1.0017989193583472,J2000
./sched_archive/sched_LOFTS_2024-10-02.txt,2024-10-01T20:48,2024-10-01T22:08,4800.0,80.0,LOFTS0022,5.864138783284056,1.0017989193583472,J2000
./sched_archive/sched_LOFTS_2024-10-02.txt,2024-10-01T22:09,2024-10-01T23:29,4800.0,80.0,LOFTS0023,6.218535612462451,1.0017989193583472,J2000
./sched_archive/sched_LOFTS_2024-10-02.txt,2024-10-01T23:30,2024-10-02T00:50,4800.0,80.0,LOFTS0024,0.2897471344612867,1.0017989193583472,J2000
./sched_archive/sched_LOFTS_2024-10-02.txt,2024-10-02T00:51,2024-10-02T02:11,4800.0,80.0,LOFTS0025,0.6441439637766097,1.0017989193583472,J2000
./sched_archive/sched_LOFTS_2024-10-02.txt,2024-10-02T02:12,2024-10-02T03:32,4800.0,80.0,LOFTS0026,0.998540793172373,1.0017989193583472,J2000
./sched_archive/sched_LOFTS_2024-10-02.txt,2024-10-02T03:33,2024-10-02T04:53,4800.0,80.0,LOFTS0027,1.352937622568222,1.0017989193583472,J2000
./sched_archive/sched_LOFTS_2024-10-02.txt,2024-10-02T04:54,2024-10-02T06:14,4800.0,80.0,LOFTS0028,1.7073344519640425,1.0017989193583472,J2000
./sched_archive/sched_LOFTS_2024-10-02.txt,2024-10-02T06:15,2024-10-02T06:21,360.0,6.0,B1508+55,1.59393,0.91258,J2000
./sched_archive/sched_LOFTS_2024-10-02.txt,2024-10-02T06:22,2024-10-02T07:42,4800.0,80.0,LOFTS0029,2.092358167850848,1.0017989193583472,J2000
./sched_archive/sched_LOFTS_2024-10-02.txt,2024-10-02T07:43,2024-10-02T09:03,4800.0,80.0,LOFTS0030,2.4467549972466403,1.0017989193583472,J2000
./sched_archive/sched_LOFTS_2024-10-02.txt,2024-10-02T09:04,2024-10-02T10:24,4800.0,80.0,LOFTS0031,2.8011518266424886,1.0017989193583472,J2000
./sched_archive/sched_LOFTS_2024-10-02.txt,2024-10-02T10:25,2024-10-02T11:45,4800.0,80.0,LOFTS0032,3.1555486560382815,1.0017989193583472,J2000
./sched_archive/sched_LOFTS_2024-10-02.txt,2024-10-02T11:46,2024-10-02T13:06,4800.0,80.0,LOFTS0033,3.5099454854341015,1.0017989193583472,J2000
./sched_archive/sched_LOFTS_2024-10-02.txt,2024-10-02T13:07,2024-10-02T14:27,4800.0,80.0,LOFTS0034,3.8643423148299223,1.0017989193583472,J2000
./sched_archive/sched_LOFTS_2024-10-02.txt,2024-10-02T14:28,2024-10-02T15:48,4800.0,80.0,LOFTS0035,4.218739144225744,1.0017989193583472,J2000
./sched_archive/sched_LOFTS_2024-10-02.txt,2024-10-02T15:49,2024-10-02T17:09,4800.0,80.0,LOFTS0036,4.573135973621535,1.0017989193583472,J2000
./sched_archive/sched_LOFTS_2024-10-02.txt,2024-10-02T17:10,2024-10-02T18:00,3000.0,50.0,LOFTS0037,4.927532803017356,1.0017989193583472,J2000
./sched_archive/sched_evening_2024-10-26.txt,2024-10-26T15:00,2024-10-26T17:00,7200.0,120.0,"J1918-0642  [ 5.05622085750114,  -0.09233294441507808, 'J2000'",,,
./sched_archive/sched_evening_2024-10-26.txt,2024-10-26T17:01,2024-10-26T19:00,7140.0,119.0,J1939+2134,5.147162219044071,0.3766959606764898,J2000
./sched_archive/sched_evening_2024-10-26.txt,2024-10-26T19:01,2024-10-26T21:00,7140.0,119.0,J2145-0750,5.697805941281582,-0.1368075848974223,J2000
./sched_archive/sched_evening_2024-10-26.txt,2024-10-26T21:01,2024-10-26T23:00,7140.0,119.0,"J2222-0137  [ 5.85601574971544,  -0.006613924230805149, 'J2000'",,,
./sched_archive/sched_evening_2024-10-26.txt,2024-10-26T23:01,2024-10-27T01:00,7140.0,119.0,"J2317+1439  [ 6.096234037102979,  0.25584245528916, 'J2000'",,,
./sched_archive/sched_evening_2024-10-26.txt,2024-10-27T01:01,2024-10-27T02:58,7020.0,117.0,"J0030+0451  [ 0.13289398273383768,  0.08484101392961867, 'J2000'",,,
./sched_archive/sched_evening_2024-10-26.txt,2024-10-27T02:59,2024-10-27T05:00,7260.0,121.0,J0218+4232,0.6026010001245655,0.7424309456192347,J2000
./sched_archive/sched_evening_2024-10-26.txt,2024-10-27T05:01,2024-10-27T07:00,7140.0,119.0,J0645+5158,1.771442454474192,0.9070617355142415,J2000
./sched_archive/sched_evening_2024-10-26.txt,2024-10-27T07:01,2024-10-27T09:10,7740.0,129.0,"J0621+1002  [ 1.664034314166146,  0.17530249516576954, 'J2000'",,,
./sched_archive/sched_evening_2024-10-26.txt,2024-10-27T09:11,2024-10-27T09:30,1140.0,19.0,J0645+5158,1.771442454474192,0.9070617355142415,J2000
./sched_archive/sched_evening_2024-10-27.txt,2024-10-27T15:42,2024-10-27T17:00,4680.0,78.0,"J1918-0642  [ 5.05622085750114,  -0.09233294441507808, 'J2000'",,,
./sched_archive/sched_evening_2024-10-27.txt,2024-10-27T17:01,2024-10-27T19:00,7140.0,119.0,J1939+2134,5.147162219044071,0.3766959606764898,J2000
./sched_archive/sched_evening_2024-10-27.txt,2024-10-27T19:01,2024-10-27T21:00,7140.0,119.0,J2145-0750,5.697805941281582,-0.1368075848974223,J2000
./sched_archive/sched_evening_2024-10-27.txt,2024-10-27T21:01,2024-10-27T23:00,7140.0,119.0,"J2222-0137  [ 5.85601574971544,  -0.006613924230805149, 'J2000'",,,
./sched_archive/sched_evening_2024-10-27.txt,2024-10-27T23:01,2024-10-28T01:00,7140.0,119.0,"J2317+1439  [ 6.096234037102979,  0.25584245528916, 'J2000'",,,
./sched_archive/sched_evening_2024-10-27.txt,2024-10-28T01:01,2024-10-28T02:58,7020.0,117.0,"J0030+0451  [ 0.13289398273383768,  0.08484101392961867, 'J2000'",,,
./sched_archive/sched_evening_2024-10-27.txt,2024-10-28T02:59,2024-10-28T05:00,7260.0,121.0,J0218+4232,0.6026010001245655,0.7424309456192347,J2000
./sched_archive/sched_evening_2024-10-27.txt,2024-10-28T05:01,2024-10-28T07:00,7140.0,119.0,J0645+5158,1.771442454474192,0.9070617355142415,J2000
./sched_archive/sched_evening_2024-10-27.txt,2024-10-28T07:01,2024-10-28T09:10,7740.0,129.0,"J0621+1002  [ 1.664034314166146,  0.17530249516576954, 'J2000'",,,
./sched_archive/sched_new.txt,2024-05-14T06:50,2024-05-14T08:20,5400.0,90.0,J2334+20,6.171484235051949,0.35633805561550896,J2000
./sched_archive/sched_new.txt,2024-05-14T08:21,2024-05-14T09:59,5880.0,98.0,J2357+24,6.273513274241451,0.4348778719552538,J2000
./sched_archive/sched_new.txt,2024-05-14T10:00,2024-05-14T17:00,25200.0,420.0,Sun357,,,
./sched_archive/sched_new_18oct.txt,2022-10-18T20:38,2022-10-18T22:55,8220.0,137.0,FRB20220912A,6.061008384059212,0.8500905374518701,J2000
./sched_archive/sched_obs_continued_2022_05_31.txt,2022-05-31T13:05,2022-05-31T13:44,2340.0,39.0,Crab_PSR,1.4596732110242794,0.3842252837309499,J2000
./sched_archive/sched_obs_continued_2022_05_31.txt,2022-05-31T13:45,2022-05-31T18:59,18840.0,314.0,Sun357,,,
./sched_archive/sched_obs_continued_2022_05_31.txt,2022-05-31T19:00,2022-05-31T19:59,3540.0,59.0,J1218+47,3.224204904850858,0.824377183358655,J2000
./sched_archive/sched_obs_continued_2022_05_31.txt,2022-05-31T20:00,2022-05-31T20:59,3540.0,59.0,J1329+1349,3.529928412158531,0.23969188394055457,J2000
./sched_archive/sched_obs_continued_2022_05_31.txt,2022-05-31T21:00,2022-05-31T21:59,3540.0,59.0,J1242+3938_PSR,3.3248522250491974,0.6917321602070859,J2000
./sched_archive/sched_obs_continued_2022_05_31.txt,2022-05-31T22:00,2022-05-31T23:29,5340.0,89.0,J1536+1749_PSR,4.085161280449227,0.3109594950636564,J2000
./sched_archive/sched_obs_continued_2022_05_31.txt,2022-05-31T23:30,2022-06-01T00:29,3540.0,59.0,J1538+2345,4.093238518783352,0.41453508989589766,J2000
./sched_archive/sched_obs_continued_2022_05_31.txt,2022-06-01T00:30,2022-06-01T01:59,5340.0,89.0,J1836+51_PSR,4.87164852929992,0.9050544462556755,J2000
./sched_archive/sched_obs_continued_2022_05_31.txt,2022-06-01T02:00,2022-06-01T02:59,3540.0,59.0,J1849+15,4.925910379412111,0.2666674019711703,J2000
./sched_archive/sched_obs_continued_2022_05_31.txt,2022-06-01T03:00,2022-06-01T04:29,5340.0,89.0,J1931+4229,5.110286484688845,0.741570367301345,J2000
./sched_archive/sched_obs_continued_2022_05_31.txt,2022-06-01T04:30,2022-06-01T05:44,4440.0,74.0,J2138+69,5.667302247382087,1.2186906946154739,J2000
./sched_archive/sched_obs_continued_2022_05_31.txt,2022-06-01T05:45,2022-06-01T13:55,29400.0,490.0,Sun357,,,
./sched_archive/sched_owen_2024-10-22.txt,2024-10-22T18:06,2024-10-22T19:26,4800.0,80.0,LOFTS0074,5.499400794867504,1.0017989193583472,J2000
./sched_archive/sched_owen_2024-10-22.txt,2024-10-22T19:27,2024-10-22T20:47,4800.0,80.0,LOFTS0075,5.853797626903657,1.0017989193583472,J2000
./sched_archive/sched_owen_2024-10-22.txt,2024-10-22T20:48,2024-10-22T22:08,4800.0,80.0,LOFTS0076,6.208194458939808,1.0017989193583472,J2000
./sched_archive/sched_owen_2024-10-22.txt,2024-10-22T22:09,2024-10-22T23:29,4800.0,80.0,LOFTS0077,0.27940598379640125,1.0017989193583472,J2000
./sched_archive/sched_owen_2024-10-22.txt,2024-10-22T23:30,2024-10-23T00:50,4800.0,80.0,LOFTS0078,0.6338028158325528,1.0017989193583472,J2000
./sched_archive/sched_owen_2024-10-22.txt,2024-10-23T00:51,2024-10-23T02:11,4800.0,80.0,LOFTS0079,0.9881996476913175,1.0017989193583472,J2000
./sched_archive/sched_owen_2024-10-22.txt,2024-10-23T02:12,2024-10-23T03:32,4800.0,80.0,LOFTS0080,1.3425964794456677,1.0017989193583472,J2000
./sched_archive/sched_owen_2024-10-22.txt,2024-10-23T03:33,2024-10-23T04:53,4800.0,80.0,LOFTS0081,1.6969933112000466,1.0017989193583472,J2000
./sched_archive/sched_owen_2024-10-22.txt,2024-10-23T04:54,2024-10-23T06:14,4800.0,80.0,LOFTS0082,2.0513901429543973,1.0017989193583472,J2000
./sched_archive/sched_owen_2024-10-22.txt,2024-10-23T06:15,2024-10-23T06:21,360.0,6.0,B1508+55,1.59393,0.91258,J2000
./sched_archive/sched_owen_2024-10-22.txt,2024-10-23T06:22,2024-10-23T07:42,4800.0,80.0,LOFTS0083,2.4364138614036026,1.0017989193583472,J2000
./sched_archive/sched_owen_2024-10-22.txt,2024-10-23T07:43,2024-10-23T09:03,4800.0,80.0,LOFTS0084,2.7908106931579812,1.0017989193583472,J2000
./sched_archive/sched_owen_2024-10-22.txt,2024-10-23T09:04,2024-10-23T10:24,4800.0,80.0,LOFTS0085,3.1452075249123603,1.0017989193583472,J2000
./sched_archive/sched_owen_2024-10-22.txt,2024-10-23T10:25,2024-10-23T11:45,4800.0,80.0,LOFTS0086,3.4996043566667114,1.0017989193583472,J2000
./sched_archive/sched_owen_2024-10-22.txt,2024-10-23T11:46,2024-10-23T13:06,4800.0,80.0,LOFTS0087,3.8540011884210905,1.0017989193583472,J2000
./sched_archive/sched_owen_2024-10-22.txt,2024-10-23T13:07,2024-10-23T14:27,4800.0,80.0,LOFTS0088,4.208398020175442,1.0017989193583472,J2000
./sched_archive/sched_owen_2024-10-22.txt,2024-10-23T14:28,2024-10-23T15:48,4800.0,80.0,LOFTS0089,4.56279485192985,1.0017989193583472,J2000
./sched_archive/sched_owen_2024-10-22.txt,2024-10-23T15:49,2024-10-23T17:09,4800.0,80.0,LOFTS0090,4.917191683684171,1.0017989193583472,J2000
./sched_archive/sched_owen_2024-10-22.txt,2024-10-23T17:10,2024-10-23T18:30,4800.0,80.0,LOFTS0091,5.2715885154385775,1.0017989193583472,J2000
./sched_archive/sched_redback_2024-10-24.txt,2024-10-24T15:20,2024-10-24T17:20,7200.0,120.0,RBCand_J2054,5.471533972441249,1.2058271637578564,J2000
./sched_archive/sched_redback_2024-10-24.txt,2024-10-24T17:21,2024-10-24T19:21,7200.0,120.0,RBCand_J2054,5.471533972441249,1.2058271637578564,J2000
./sched_archive/sched_redback_2024-10-24.txt,2024-10-24T19:22,2024-10-24T21:22,7200.0,120.0,RBCand_J2054,5.471533972441249,1.2058271637578564,J2000
./sched_archive/sched_redback_2024-10-24.txt,2024-10-24T21:23,2024-10-24T23:23,7200.0,120.0,RBCand_J2054,5.471533972441249,1.2058271637578564,J2000
./sched_archive/sched_redback_2024-10-25.txt,2024-10-25T15:20,2024-10-25T17:20,7200.0,120.0,RBCand_J2054,5.471533972441249,1.2058271637578564,J2000
./sched_archive/sched_redback_2024-10-25.txt,2024-10-25T17:21,2024-10-25T19:21,7200.0,120.0,RBCand_J2054,5.471533972441249,1.2058271637578564,J2000
./sched_archive/sched_redback_2024-10-25.txt,2024-10-25T19:22,2024-10-25T21:22,7200.0,120.0,RBCand_J2054,5.471533972441249,1.2058271637578564,J2000
./sched_archive/sched_redback_2024-10-25.txt,2024-10-25T21:23,2024-10-25T23:23,7200.0,120.0,RBCand_J2054,5.471533972441249,1.2058271637578564,J2000
./sched_archive/sched_revised_2023-08_08.txt,2023-08-08T07:20,2023-08-08T09:09,6540.0,109.0,Sun357,,,
./sched_archive/sched_revised_2023-08_08.txt,2023-08-08T09:10,2023-08-08T09:39,1740.0,29.0,Crab_PSR,1.4596732110242794,0.3842252837309499,J2000
./sched_archive/sched_revised_2023-08_08.txt,2023-08-08T09:40,2023-08-08T11:39,7140.0,119.0,Sun357,,,
./sched_archive/sched_revised_2023-08_08.txt,2023-08-08T11:40,2023-08-08T12:09,1740.0,29.0,J0826+2637_PSR,2.2115817443598504,0.46465900675845045,J2000
./sched_archive/sched_revised_2023-08_08.txt,2023-08-08T12:10,2023-08-08T13:39,5340.0,89.0,Sun357,,,
./sched_archive/sched_revised_2023-08_08.txt,2023-08-08T13:40,2023-08-08T14:49,4140.0,69.0,J1022+1001_PSR,2.718205665819409,0.17508003705071412,J2000
./sched_archive/sched_revised_2023-08_08.txt,2023-08-08T14:50,2023-08-08T15:09,1140.0,19.0,J1136+1551_PSR,3.0370963006143885,0.2767098326392434,J2000
./sched_archive/sched_revised_2023-08_08.txt,2023-08-08T15:10,2023-08-08T17:29,8340.0,139.0,J1300+1240_PSR,3.4036180252242274,0.22134243757176436,J2000
./sched_archive/sched_revised_2023-08_08.txt,2023-08-08T17:30,2023-08-08T18:06,2160.0,36.0,Sun357,,,
./sched_archive/sched_revised_2023-08_08.txt,2023-08-08T18:07,2023-08-08T19:39,5520.0,92.0,J1548+09,4.13788476826989,0.17108589992674417,J2000
./sched_archive/sched_revised_2023-08_08.txt,2023-08-08T19:40,2023-08-08T20:09,1740.0,29.0,J1645-0317_PSR,4.3852875895096295,-0.05758229049395671,J2000
./sched_archive/sched_revised_2023-08_08.txt,2023-08-08T20:10,2023-08-08T20:59,2940.0,49.0,J1720+19_PSR,4.541710323950077,0.3446346533535248,J2000
./sched_archive/sched_revised_2023-08_08.txt,2023-08-08T21:00,2023-08-08T21:45,2700.0,45.0,J1956+35,5.221152457341036,0.621574772413725,J2000
./sched_archive/sched_revised_2023-08_08.txt,2023-08-08T21:46,2023-08-08T22:39,3180.0,53.0,J2005+14,5.258895202415413,0.2551089589998378,J2000
./sched_archive/sched_revised_2023-08_08.txt,2023-08-08T22:40,2023-08-09T00:39,7140.0,119.0,J2105+1917_PSR,5.52181942364699,0.33411815900110764,J2000
./sched_archive/sched_revised_2023-08_08.txt,2023-08-09T00:40,2023-08-09T01:29,2940.0,49.0,J2145-0750_PSR,5.697805941281582,-0.1368075848974223,J2000
./sched_archive/sched_revised_2023-08_08.txt,2023-08-09T01:30,2023-08-09T02:29,3540.0,59.0,J2239+42,5.9298288557029,0.7433551209716294,J2000
./sched_archive/sched_revised_2023-08_08.txt,2023-08-09T02:30,2023-08-09T03:19,2940.0,49.0,J2341+60,6.202172941066182,1.0559872232351137,J2000
./sched_archive/sched_revised_2023-08_08.txt,2023-08-09T03:20,2023-08-09T04:06,2760.0,46.0,J0034-0534_PSR,0.1499403707045897,-0.09733420048376587,J2000
./sched_archive/sched_revised_2023-08_08.txt,2023-08-09T04:07,2023-08-09T04:49,2520.0,42.0,J0115+88,0.32855823168793247,1.5404615347678727,J2000
./sched_archive/sched_revised_2023-08_08.txt,2023-08-09T04:50,2023-08-09T05:09,1140.0,19.0,J0146+31_PSR,0.46251225177849725,0.5451245030395623,J2000
./sched_archive/sched_revised_2023-08_08.txt,2023-08-09T05:10,2023-08-09T05:39,1740.0,29.0,J0220+3622_PSR,0.613926836594222,0.6361531198046887,J2000
./sched_archive/sched_revised_2023-08_08.txt,2023-08-09T05:40,2023-08-09T07:09,5340.0,89.0,J0250+5854_PSR,0.7430579243673451,1.0280052300632598,J2000
./sched_archive/sched_revised_2023-08_08.txt,2023-08-09T07:10,2023-08-09T11:40,16200.0,270.0,Sun357,,,
./sched_archive/sched_revised_2023-08_08.txt,2023-08-09T11:41,2023-08-09T12:09,1680.0,28.0,J0826+2637_PSR,2.2115817443598504,0.46465900675845045,J2000
./sched_archive/sched_revised_2023-08_08.txt,2023-08-09T12:10,2023-08-09T13:19,4140.0,69.0,Sun357,,,
./sched_archive/sched_revised_2023-08_08.txt,2023-08-09T13:20,2023-08-09T13:59,2340.0,39.0,J1022+1001_PSR,2.718205665819409,0.17508003705071412,J2000
./sched_archive/sched_single-sun-obs-2023-06-06.txt,2023-06-06T09:00,2023-06-06T10:27,5220.0,87.0,Sun357,,,
./sched_archive/sched_stellar.txt,2022-04-27T07:30,2022-04-27T13:55,23100.0,385.0,Sun357,,,
./sched_archive/sched_test_291025.txt,2025-10-29T16:48,2025-10-29T16:58,600.0,10.0,J2008+3758,5.270799802,0.662706365,J2000
./sched_archive/schedule-11-07-23.txt,2023-07-11T07:02,2023-07-11T10:16,11640.0,194.0,Sun357,,,
./sched_archive/schedule-11-07-23.txt,2023-07-11T10:17,2023-07-11T11:16,3540.0,59.0,Crab,1.4595961641625819,0.3842289988387957,J2000
./sched_archive/schedule-11-07-23.txt,2023-07-11T11:17,2023-07-11T17:25,22080.0,368.0,Sun357,,,
./sched_archive/schedule-11-07-23.txt,2023-07-11T17:26,2023-07-11T18:56,5400.0,90.0,J1242+3938_PSR,3.3248522250491974,0.6917321602070859,J2000
./sched_archive/schedule-11-07-23.txt,2023-07-11T18:57,2023-07-11T20:00,3780.0,63.0,J1536+1749_PSR,4.085161280449227,0.3109594950636564,J2000
./sched_archive/schedule-11-07-23.txt,2023-07-11T20:01,2023-07-11T22:01,7200.0,120.0,J1832+27_PSR,4.852957798340313,0.4844353325127981,J2000
./sched_archive/schedule-11-07-23.txt,2023-07-11T22:02,2023-07-11T23:59,7020.0,117.0,J2000+29_PSR,5.238878021224291,0.5091474493917858,J2000
./sched_archive/schedule-11-07-23.txt,2023-07-12T00:00,2023-07-12T04:59,17940.0,299.0,RBCand_J2054,5.471533972441249,1.2058271637578564,J2000
./sched_archive/schedule-11-07-23.txt,2023-07-12T05:01,2023-07-12T05:30,1740.0,29.0,J2111+34,5.547674471568309,0.6060316457973532,J2000
./sched_archive/schedule-11-07-23.txt,2023-07-12T05:31,2023-07-12T06:30,3540.0,59.0,J2347+02_PSR,6.230685803279596,0.050072449042166116,J2000
./sched_archive/schedule-11-07-23.txt,2023-07-12T06:31,2023-07-12T13:59,26880.0,448.0,Sun357,,,
./sched_archive/schedule-13-06-2023.txt,2023-06-13T18:05,2023-06-13T18:49,2640.0,44.0,J1136+1551_PSR,3.0370963006143885,0.2767098326392434,J2000
./sched_archive/schedule-13-06-2023.txt,2023-06-13T18:50,2023-06-13T20:19,5340.0,89.0,J1242+3938_PSR,3.3273247748810344,0.6917321601489083,J2000
./sched_archive/schedule-13-06-2023.txt,2023-06-13T20:20,2023-06-13T21:30,4200.0,70.0,J1400-1431_PSR,3.667882641082645,-0.2535921745047398,J2000
./sched_archive/schedule-13-06-2023.txt,2023-06-13T21:31,2023-06-13T22:30,3540.0,59.0,J1538+2345,4.093238518783352,0.41453508989589766,J2000
./sched_archive/schedule-13-06-2023.txt,2023-06-13T22:31,2023-06-14T00:00,5340.0,89.0,J1645-0317_PSR,4.3852875895096295,-0.05758229049395671,J2000
./sched_archive/schedule-13-06-2023.txt,2023-06-14T00:01,2023-06-14T01:30,5340.0,89.0,J1732+2700,4.591961261997081,0.4686209041604775,J2000
./sched_archive/schedule-13-06-2023.txt,2023-06-14T01:31,2023-06-14T02:30,3540.0,59.0,J1832+27_PSR,4.852957798340313,0.4844353325127981,J2000
./sched_archive/schedule-13-06-2023.txt,2023-06-14T02:31,2023-06-14T03:30,3540.0,59.0,J2000+29_PSR,5.238878021224291,0.5091474493917858,J2000
./sched_archive/schedule-13-06-2023.txt,2023-06-14T03:31,2023-06-14T04:24,3180.0,53.0,J2105+1917_PSR,5.521858143049226,0.3346668840699127,J2000
./sched_archive/schedule-13-06-2023.txt,2023-06-14T04:25,2023-06-14T05:59,5640.0,94.0,J2145-0750_PSR,5.6978059412292215,-0.1368075849323289,J2000
./sched_archive/schedule-13-06-2023.txt,2023-06-14T06:00,2023-06-14T06:59,3540.0,59.0,J2347+02_PSR,6.230685803279596,0.050072449042166116,J2000
./sched_archive/schedule.txt,2023-07-18T07:00,2023-07-18T10:00,10800.0,180.0,Sun357,,,
./sched_archive/schedule.txt,2023-07-18T10:01,2023-07-18T10:59,3480.0,58.0,Crab_PSR,1.4596732110242794,0.3842252837309499,J2000
./sched_archive/schedule.txt,2023-07-18T11:00,2023-07-18T12:59,7140.0,119.0,Sun357,,,
./sched_archive/schedule.txt,2023-07-18T13:00,2023-07-18T13:20,1200.0,20.0,J0826+2637_PSR,2.2115817443598504,0.4646590067584504,J2000
./sched_archive/schedule.txt,2023-07-18T13:21,2023-07-18T14:59,5880.0,98.0,Sun357,,,
./sched_archive/schedule.txt,2023-07-18T15:00,2023-07-18T15:40,2400.0,40.0,J1022+1001_PSR,2.718205665819409,0.17508003705071412,J2000
./sched_archive/schedule.txt,2023-07-18T15:41,2023-07-18T19:00,11940.0,199.0,Sun357,,,
./sched_archive/schedule.txt,2023-07-18T21:30,2023-07-18T21:50,1200.0,20.0,J1645-0317_PSR,4.3852875895096295,-0.05758229049395671,J2000
./sched_archive/schedule.txt,2023-07-19T02:00,2023-07-19T02:40,2400.0,40.0,J2145-0750_PSR,5.697805941281582,-0.1368075848974223,J2000
./sched_archive/schedule.txt,2023-07-19T05:00,2023-07-19T05:40,2400.0,40.0,J0034-0534_PSR,0.1499403707045897,-0.09733420048376587,J2000
./sched_archive/schedule.txt,2023-07-19T07:00,2023-07-19T14:00,25200.0,420.0,Sun357,,,
./sched_archive/schedule_2023-06-01.txt,2023-06-01T07:00,2023-06-01T13:29,23340.0,389.0,Sun357,,,
./sched_archive/schedule_2023-06-01.txt,2023-06-01T13:30,2023-06-01T13:59,1740.0,29.0,Crab_PSR,1.4596732110242794,0.3842252837309499,J2000
./sched_archive/schedule_2023-06-02.txt,2023-06-02T07:00,2023-06-02T13:29,23340.0,389.0,Sun357,,,
./sched_archive/schedule_2023-06-02.txt,2023-06-02T13:30,2023-06-02T13:59,1740.0,29.0,Crab_PSR,1.4596732110242794,0.3842252837309499,J2000
./sched_archive/schedule_2023-08-14.txt,2023-08-14T07:00,2023-08-14T10:59,14340.0,239.0,Sun357,,,
./sched_archive/schedule_2023-08-14.txt,2023-08-14T11:40,2023-08-14T12:59,4740.0,79.0,Sun357,,,
./sched_archive/schedule_2023-08-14.txt,2023-08-14T13:40,2023-08-14T14:24,2640.0,44.0,Sun357,,,
./sched_archive/schedule_2023-08-14.txt,2023-08-14T14:45,2023-08-14T15:44,3540.0,59.0,Sun357,,,
./sched_archive/schedule_2023-08-14.txt,2023-08-14T16:30,2023-08-14T18:29,7140.0,119.0,Sun357,,,
./sched_archive/schedule_2023-08-14.txt,2023-08-14T18:30,2023-08-14T19:29,3540.0,59.0,J1538+2345,4.093238518783352,0.41453508989589766,J2000
./sched_archive/schedule_2023-08-14.txt,2023-08-14T19:30,2023-08-14T20:59,5340.0,89.0,J1732+54,4.593124814831744,0.9489742994038057,J2000
./sched_archive/schedule_2023-08-14.txt,2023-08-14T21:00,2023-08-14T22:59,7140.0,119.0,J1931+4229,5.110286484688845,0.741570367301345,J2000
./sched_archive/schedule_2023-08-14.txt,2023-08-14T23:00,2023-08-15T00:59,7140.0,119.0,J2100+50,5.502150466912123,0.8888719473566565,J2000
./sched_archive/schedule_2023-08-14.txt,2023-08-15T03:00,2023-08-15T04:59,7140.0,119.0,"J2355+15 [6.262241356155655, 0.27052603405912107, 'J2000'",,,
./sched_archive/schedule_2023-08-14.txt,2023-08-15T05:00,2023-08-15T07:59,10740.0,179.0,J0348+79,0.9961466705757633,1.3841721483885918,J2000
./sched_archive/schedule_2023-08-14.txt,2023-08-15T08:00,2023-08-15T08:29,1740.0,29.0,Crab_PSR,1.4596732110242794,0.3842252837309499,J2000
./sched_archive/schedule_2023-08-14.txt,2023-08-15T08:30,2023-08-15T11:59,12540.0,209.0,Sun357,,,
./sched_archive/schedule_2023-08-14.txt,2023-08-15T12:00,2023-08-15T13:59,7140.0,119.0,J0939+45,2.528618475878951,0.7897614865274342,J2000
./sched_archive/schedule_2023-08-14.txt,2023-08-15T14:00,2023-08-15T14:59,3540.0,59.0,Sun357,,,
./sched_archive/schedule_2023-08-14.txt,2023-08-15T15:00,2023-08-15T15:59,3540.0,59.0,J1218+47_PSR,3.230943057336915,0.8248590432639309,J2000
./sched_archive/schedule_2023-08-14.txt,2023-08-15T16:00,2023-08-15T18:29,8940.0,149.0,Sun357,,,
./sched_archive/schedule_2023-08-14.txt,2023-08-15T18:30,2023-08-15T19:44,4440.0,74.0,J1538+2345,4.093238518783352,0.41453508989589766,J2000
./sched_archive/schedule_2023-08-14.txt,2023-08-15T20:00,2023-08-15T21:59,7140.0,119.0,J1832+27_PSR,4.853397545724514,0.48566769083230454,J2000
./sched_archive/schedule_2023-08-14.txt,2023-08-15T22:00,2023-08-16T00:14,8040.0,134.0,J1931+4229,5.110286484688845,0.741570367301345,J2000
./sched_archive/schedule_2023-08-14.txt,2023-08-16T03:45,2023-08-16T04:59,4440.0,74.0,J0103+54,0.27472465292560155,0.9413712871956963,J2000
./sched_archive/schedule_2023-08-14.txt,2023-08-16T05:00,2023-08-16T06:29,5340.0,89.0,J0250+5854_PSR,0.7430579243673451,1.0280052300632598,J2000
./sched_archive/schedule_2023-08-14.txt,2023-08-16T06:30,2023-08-16T07:29,3540.0,59.0,J0318+1341,0.8635016474241944,0.23532856081056874,J2000
./sched_archive/schedule_2023-08-14.txt,2023-08-16T07:30,2023-08-16T08:59,5340.0,89.0,Sun357,,,
./sched_archive/schedule_2023-08-14.txt,2023-08-16T09:00,2023-08-16T09:59,3540.0,59.0,J0640+0744,1.7475109135593225,0.12639092666525603,J2000
./sched_archive/schedule_2023-08-14.txt,2023-08-16T10:00,2023-08-16T10:59,3540.0,59.0,Sun357,,,
./sched_archive/schedule_2023-08-14.txt,2023-08-16T11:40,2023-08-16T12:59,4740.0,79.0,Sun357,,,
./sched_archive/schedule_2024_02_27.txt,2024-02-27T07:30,2024-02-27T08:59,5340.0,89.0,J1732+54,4.593124814831744,0.9489742994038057,J2000
./sched_archive/schedule_2024_02_27.txt,2024-02-27T09:00,2024-02-27T14:21,19260.0,321.0,Sun357,,,
./sched_archive/schedule_2024_02_27.txt,2024-02-27T14:22,2024-02-27T15:07,2700.0,45.0,J0034-0534_PSR,0.1499403707045897,-0.09733420048376587,J2000
./sched_archive/schedule_2024_02_27.txt,2024-02-27T15:08,2024-02-27T16:30,4920.0,82.0,Sun357,,,
./sched_archive/schedule_2024_02_27.txt,2024-02-27T16:31,2024-02-27T18:00,5340.0,89.0,FRB20240203,0.155403,0.276421,J2000
./sched_archive/schedule_2024_02_27.txt,2024-02-27T18:01,2024-02-27T18:29,1680.0,28.0,B0329+54_PSR,0.9293420000000001,0.9525790000000001,J2000
./sched_archive/schedule_2024_02_27.txt,2024-02-27T18:30,2024-02-27T20:59,8940.0,149.0,FRB20180301A,1.62712,0.0815253,J2000
./sched_archive/schedule_2024_02_27.txt,2024-02-27T21:00,2024-02-27T22:19,4740.0,79.0,FRB20240216,2.67175700027,0.245112190101,J2000
./sched_archive/schedule_2024_02_27.txt,2024-02-27T22:20,2024-02-27T22:40,1200.0,20.0,J0826+2637_PSR,2.2115817443598504,0.4646590067584504,J2000
./sched_archive/schedule_2024_02_27.txt,2024-02-27T22:41,2024-02-28T00:06,5100.0,85.0,FRB20240201A,2.61634,0.245884,J2000
./sched_archive/schedule_2024_02_27.txt,2024-02-28T00:07,2024-02-28T00:52,2700.0,45.0,J1022+1001_PSR,2.718205665819409,0.17508003705071412,J2000
./sched_archive/schedule_2024_02_27.txt,2024-02-28T00:53,2024-02-28T02:29,5760.0,96.0,FRB20240216,2.67175700027,0.245112190101,J2000
./sched_archive/schedule_2024_02_27.txt,2024-02-28T02:30,2024-02-28T03:30,3600.0,60.0,J1300+1240_PSR,3.4036180252242274,0.22134243757176436,J2000
./sched_archive/schedule_2024_02_27.txt,2024-02-28T03:31,2024-02-28T04:59,5280.0,88.0,J1400+2127,3.6662247571894993,0.37398741750247533,J2000
./sched_archive/schedule_2024_02_27.txt,2024-02-28T05:00,2024-02-28T06:29,5340.0,89.0,J1538+2345,4.093238518783352,0.41453508989589766,J2000
./sched_archive/schedule_2024_02_27.txt,2024-02-28T06:30,2024-02-28T06:59,1740.0,29.0,J1645-0317_PSR,4.3852875895096295,-0.05758229049395671,J2000
./sched_archive/schedule_2024_02_27.txt,2024-02-28T07:00,2024-02-28T07:59,3540.0,59.0,J1720+19,4.541710323950077,0.3446346533535248,J2000
./sched_archive/schedule_2024_02_27.txt,2024-02-28T08:00,2024-02-28T08:59,3540.0,59.0,J1732+54,4.593124814831744,0.9489742994038057,J2000
./sched_archive/schedule_2024_02_27.txt,2024-02-28T09:00,2024-02-28T11:21,8460.0,141.0,Sun357,,,
./sched_archive/schedule_2024_02_27.txt,2024-02-28T11:22,2024-02-28T12:07,2700.0,45.0,J2145-0750_PSR,5.697805941281582,-0.1368075848974223,J2000
./sched_archive/schedule_2024_02_27.txt,2024-02-28T12:08,2024-02-28T14:59,10260.0,171.0,Sun357,,,
